Several years ago here at TED, Peter Skillman introduced a design challenge called the marshmallow challenge.	Parecchi anni fa, qui a TED, Petere Skillman  introdusse una sfida di progettazione  chiamata la sfida marshmallow.	<unk> anni fa qui a TED, <unk> <unk> <unk> <unk> una sfida chiamata sfida <unk>.	Certo di anni fa qui al TED, Peter Skillman introdotto una sfida chiamata sfida.	Severale anni fa qui a TED, Peter Skillman introdotto una sfida di progettazione chiamata sfida marshmallow.
And the idea's pretty simple:	E l'idea è molto semplice.	E l'idea è piuttosto semplice.	L'idea è piuttosto semplice.	E l'idea è abbastanza semplice.
Teams of four have to build the tallest free-standing structure out of 20 sticks of spaghetti, one yard of tape, one yard of string and a marshmallow.	Gruppi di quattro persone devono costruire la più alta torre possibile che si regga in piedi da sola,  utilizzando 20 spaghetti,  un metro di nastro adesivo, un metro di spago  e un marshmallow.	<unk> di quattro devono costruire la struttura <unk> <unk> da 20 <unk>, una <unk> di <unk>, una <unk> di <unk>, una <unk> di <unk> e una <unk>.	I Tesami di 4 devono costruire la struttura più veloce da 20 standante di spaghetti, uno strumento, uno sforzo e un marshmallow.	Insegnali di quattro devono costruire la struttura più alta di 20 sticchi di spaghetti di 20 sticchi di spaghetti, un giardino e un marshmallow.
The marshmallow has to be on top.	Il marshmallow deve essere piazzato in cima alla torre.	Il <unk> deve essere in cima.	Il marshmallow deve essere in alto.	Il marshmallow deve essere in cima.
And, though it seems really simple, it's actually pretty hard because it forces people to collaborate very quickly.	E, anche se sembra molto semplice, di fatto è piuttosto difficile,  perché costringe le persone  a collaborare molto rapidamente.	E, anche se sembra molto semplice, è davvero difficile perché le forze si <unk> molto in fretta.	E, anche se sembra molto semplice, in realtà è molto difficile perché le persone collaborano molto velocemente.	E anche se sembra molto semplice, è molto difficile perché le persone le persone a collaborare molto in fretta.
And so, I thought this was an interesting idea, and I incorporated it into a design workshop.	Ho quindi pensato che fosse un'idea interessante,  e l'ho incorporata in un laboratorio sulla progettazione.	E quindi ho pensato che fosse un'idea interessante, e l'ho <unk> in un <unk> di design.	E quindi, ho pensato che questa era un'idea interessante, e l'ho incorporto in un lavoro di design.	Quindi pensai che questa fosse un'idea interessante, e incorporato in un negozio di design.
And it was a huge success.	Ed è stato un enorme successo.	Ed era un enorme successo.	Ed è stato un grande successo.	Ed era un enorme successo.
And since then, I've conducted about 70 design workshops across the world with students and designers and architects, even the CTOs of the Fortune 50,	E da allora, ho organizzato  circa 70 laboratori di progettazione di questo tipo in giro per il mondo  con studenti, designer e architetti,  perfino direttori di ricerca e sviluppo delle aziende di Fortune 50.	E da allora, ho <unk> circa 70 <unk> in tutto il mondo con gli studenti e i <unk> e <unk>, anche la <unk> dei <unk> 50.	Da allora, ho condotto circa 70 progettatori di lavorare con studenti e gli architetti, anche i CTOs del Fortune 50. La Fortune 50.	E da allora, mi sono condotti a circa 70 operai di design per il mondo con gli studenti e progettisti e architetti, anche i CTO della Fortune.
and there's something about this exercise that reveals very deep lessons about the nature of collaboration, and I'd like to share some of them with you.	C'è qualcosa in questo esercizio  che rivela lezioni importanti  sulla natura della collaborazione,  e vorrei condividere alcune di queste lezioni con voi.	E c'è qualcosa di questo <unk> che <unk> molto <unk> sulla natura della <unk>, e vorrei condividere alcuni di loro.	E c'è qualcosa di questo esercizio che rivelano molto profondi sulla natura della collaborazione, e vorrei condividere alcune con voi.	E c'è qualcosa di questo esercizio che rivela una lezione profonda sulla natura della collaborazione, e vorrei condividere con voi.
So, normally, most people begin by orienting themselves to the task.	Normalmente, la maggior parte delle persone comincia  con l'orientarsi verso il compito da eseguire.	Quindi, di solito, la maggior parte delle persone <unk> da sé stessi verso il compito.	Quindi, normalmente, la maggior parte delle persone iniziano a orientare.	Quindi normalmente, la maggior parte delle persone comincerte.
They talk about it, they figure out what it's going to look like, they jockey for power. Then they spend some time planning, organizing,	Ne parlano, si immaginano che aspetto potrebbe avere,  competono per il potere,  poi passano il tempo pianificando, organizzando.	<unk> di questo, <unk> come <unk>, <unk> per il potere. Poi <unk> un po 'di tempo di <unk> <unk>, <unk>.	Parlano, risolvano fuori ciò che sta per assomiglierà, saltano per il potere. E poi spendono un po 'di tempo, organizzando.	Parlano di ciò che vi parlerà di ciò che assomiglierà al potere. E poi passano un po 'di pianificazione, organizzando.
they sketch and they lay out spaghetti.	Fanno degli schizzi e predispongono gli spaghetti.	<unk> e <unk> fuori <unk>.	Cercano e schizzano spaghetti.	Hanno schifitano e saltano fuori da spaghetti.
They spend the majority of their time assembling the sticks into ever-growing structures. And then finally, just as they're running out of time, someone takes out the marshmallow, and then they gingerly put it on top, and then they stand back, and -- ta-da! --	Trascorrono la maggior parte del tempo a disposizione  assemblando gli spaghetti in strutture crescenti  e, alla fine, proprio quando il tempo sta per scadere,  qualcuno tira fuori il marshmallow,  e cautamente lo posizionano in cima,  fanno un passo indietro e Ta-da!	<unk> la maggior parte del loro tempo <unk> i <unk> in strutture <unk>, e poi finalmente, come stanno <unk> il tempo, qualcuno che prende i <unk>, e poi lo <unk> in cima, e poi <unk>, e... <unk>!	Spendono la maggioranza del loro tempo assemblando le strutture in crescita le strutture, e poi, alla fine, qualcuno si raccogliono il tempo, qualcuno che ha messo il marshmallow, e poi si riferiscono in cima, e poi si riferiscono in cima, e poi rimangono, e......	Passemblano la maggioranza del loro tempo assemblando le sticchie strutture e poi alla fine, come si stanno esaugurando il tempo, qualcuno prende il marshmallow, e poi si riferiscono in cima, e poi si sale.
they admire their work.	Ammirano il lavoro.	<unk> il loro lavoro.	Signano il loro lavoro.	Asmire il loro lavoro.
But what really happens, most of the time, is that the "ta-da" turns into an "uh-oh," because the weight of the marshmallow causes the entire structure to buckle and to collapse.	Ma quello che succede realmente, la maggior parte delle volte,  è che il "Ta-da" si trasforma in un "Uh-oh",  perché il peso del marshmallow fa piegare e collassare  l'intera struttura.	Ma ciò che succede davvero, la maggior parte del tempo è che il "<unk> si <unk> in un" <unk> ", perché il peso dell'intera struttura <unk> e <unk>.	Ma quello che succede davvero, la maggior parte del tempo, è che il "col 'obiettivo", perché il peso del peso marshmallocca l'intera struttura per raccogliersi.	Ma ciò che succede davvero, la maggior parte del tempo, è che il "ta-oh, perché l'altezza dell'intera struttura per seccare l'intera struttura per seccare e raccogliere.
So there are a number of people who have a lot more "uh-oh" moments than others, and among the worst are recent graduates of business school.	C'è un certo numero di persone  che ha molti più momenti "uh-oh" di altri,  e tra i peggiori ci sono i neolaureati delle business school.	Ci sono un certo numero di persone che hanno un sacco di più "<unk>" di altre, e tra i <unk> <unk> sono <unk> di scuola.	Quindi ci sono un numero di persone che hanno molto di più "momenti di altri, e tra i peggiori, e tra i peggiori sono recenti di business di scuola.	Quindi ci sono un numero di persone che hanno un sacco di momenti "uh-oh."
They lie, they cheat, they get distracted and they produce really lame structures.	Mentono, imbrogliano, si distraggono,  e creano strutture assolutamente traballanti.	<unk>, <unk>, <unk> <unk> e <unk> strutture <unk>.	Loro, hanno sbagliato, hanno distribuito e producono davvero strutture.	Loro sono imbrogliano, si distruttrici e producono davvero lame.
And of course there are teams that have a lot more "ta-da" structures, and among the best are recent graduates of kindergarten.	E ci sono naturalmente gruppi  che hanno molte più strutture "ta-da",  e, tra i migliori, ci sono i neodiplomati delle scuole d'infanzia.	E naturalmente ci sono <unk> che hanno molto più "<unk>" strutture, e tra i migliori sono <unk> <unk> di <unk>.	E ovviamente ci sono dei team che hanno molto più "strutture, e tra i migliori sono recenti graduati recenti di un tipo di tipo di tirsilo.	E naturalmente ci sono dei gruppi che hanno un sacco di più "strutture da" strutture ", e tra i migliori laureati di gentile.
And it's pretty amazing.	Ed è incredibile.	Ed è davvero incredibile.	Ed è molto incredibile.	Ed è piuttosto incredibile.
As Peter tells us, not only do they produce the tallest structures, but they're the most interesting structures of them all.	Come dice Peter,  non solo creano le strutture più alte,  ma sono anche le strutture più interessanti.	Come <unk> ci dice <unk>, non solo <unk> le strutture <unk>, ma sono le strutture più interessanti.	Come ci dice, non solo che producono le strutture più piccole, ma sono le strutture più interessanti, ma sono le strutture più interessanti.	Come ci dice Peter, non solo producono strutture più alta, ma sono le strutture più interessanti di loro.
So the question you want to ask is: How come? Why? What is it about them?	E la vostra domanda sarà:  Come è possibile? Perché? Che cos'hanno di particolare?	Quindi la domanda che volete <unk> è: Come mai? Perché? Cosa ne <unk>?	Quindi la domanda che volete chiedervi è: Come? Cos'è?	Quindi la domanda che vuoi chiedersi è: Come mai?
And Peter likes to say that none of the kids spend any time trying to be CEO of Spaghetti, Inc. Right?	E Peter ama dire che,  "Nessuno dei ragazzi trascorre tempo  cercando di diventare il direttore della Spaghetti SpA". Giusto.	E <unk> <unk> a dire che nessuno dei bambini <unk> ogni volta che <unk> di essere <unk> di <unk>, <unk>. Giusto?	E Peter piace dire che nessuno dei bambini spendono in qualsiasi momento di essere CEO di Spaghetti, Inc. Giusto?	E Peter piace dire che nessuno dei ragazzi spendono il tempo che cercano di essere CEO di Spaghetti, Inc. Giusto?
They don't spend time jockeying for power.	Non trascorrono tempo competendo per il potere.	Non <unk> il tempo <unk> per il potere.	Non spendono di tempo per il potere.	Non spendono il tempo per il potere.
But there's another reason as well.	Ma c'è anche un'altro motivo.	Ma c'è un altro motivo.	Ma c'è un'altra ragione.	Ma c'è un altro motivo.
And the reason is that business students are trained to find the single right plan, right?	E il motivo è che gli studenti di economia sono formati  per trovare il singolo miglior progetto.	E la ragione è che gli studenti <unk> sono <unk> per trovare il singolo piano <unk>, giusto?	E la ragione è che gli studenti di affari sono di trovare il singolo piano giusto?	E la ragione è che gli studenti sono preparati per trovare l'unico piano, giusto?
And then they execute on it.	E poi eseguirlo.	E poi lo <unk>.	E poi si aspettano.	E poi si esecuta.
And then what happens is, when they put the marshmallow on the top, they run out of time and what happens?	E dopo, quello che succede è che quando mettono il marshmallow in cima,  non hanno più tempo, e cosa succede?	E poi <unk>, quando <unk> i <unk> in cima, <unk> fuori tempo e cosa succede?	E poi cosa succede, quando hanno messo il marshmallow in cima, scoprono di tempo e cosa succede?	E poi quello che succede è che quando mettono il marshmallow sul tempo e cosa succede?
It's a crisis.	La crisi.	E 'una crisi.	E 'una crisi.	E 'una crisi.
Sound familiar? Right.	Vi suona familiare? Giusto.	<unk> <unk>? <unk>.	La familiare? Giusto.	Per fortuna? Giusto? Giusto.
What kindergarteners do differently is that they start with the marshmallow, and they build prototypes, successive prototypes, always keeping the marshmallow on top, so they have multiple times to fix when they build prototypes along the way.	Quello che i bambini fanno diversamente,  è che cominciano dal marshmallow,  e costruiscono prototipi, uno dopo l'altro,  tenendo sempre in cima il marshmallow,  hanno quindi diverse possibilità di aggiustare prototipi traballanti lungo il cammino.	Quello che fanno i <unk> è che <unk> con i <unk>, e <unk> <unk>, <unk> <unk>, <unk> sempre la <unk> in cima, quindi hanno <unk> volte <unk> quando <unk> il <unk>.	Ciò che i tipi fanno in modo diverso è che iniziano con il marshmallow, e hanno costruito di prototipi, successo prototipi di successo, sempre il marshmallow, quindi hanno moltiplicato il marshmallow, quindi hanno moltissimi volte, quando costruiscono i prototipi.	Quello che i giardini fanno in modo diverso è che iniziano con i marshmallow, e costruiscono prototipi successivi, che mantengono i marshmallow in cima, quindi hanno una volta multipli marshmallow, così hanno una volta che costruiscono prototipi lungo il modo.
Designers recognize this type of collaboration as the essence of the iterative process.	I designer riconoscono che questo tipo di collaborazione  è l'essenza del processo iterativo.	<unk> <unk> questo tipo di <unk> come il <unk> del processo <unk>.	I Designers riconoscere questo tipo di collaborazione come l'essenza del processo di processo intorno.	Desigsti riconoscono questo tipo di collaborazione come l'essenza del processo.
And with each version, kids get instant feedback about what works and what doesn't work.	E con ogni versione, i bambini hanno un feedback istantaneo  su cosa funziona e cosa non funziona.	E con ogni versione, i bambini <unk> <unk> <unk> su cosa e cosa non funziona e cosa non funziona.	E con ogni versione, i ragazzi arrivano istanti di ciò che funziona e cosa non funziona.	E con ciascuna versione, i bambini instantanea di ciò che funziona e cosa non funziona.
So the capacity to play in prototype is really essential, but let's look at how different teams perform.	Quindi la capacità di lavorare su prototipi è essenziale,  ma vediamo come lavorano diversi gruppi.	Quindi la capacità di giocare in <unk> è davvero <unk>, ma <unk> a come <unk> diverse <unk>.	Quindi la capacità di giocare nel prototipo è davvero essenziale, ma guardiamo a quanto diversi sente.	Quindi la capacità di suonare nel prototipo è davvero essenziale, ma guardiamo a quanto differente.
So the average for most people is around 20 inches; business schools students, about half of that; lawyers, a little better, but not much better than that, kindergarteners, better than most adults.	La media per la maggior parte delle persone è di circa 50 centrimetri,  per gli studenti di economia, circa la metà,  avvocati, un pò meglio, ma non molto,  bambini, meglio di molti adulti.	Quindi, la maggior parte delle persone è circa 20 <unk>; scuole studenti <unk>, circa la metà di questo; <unk>, un po 'meglio, ma non molto meglio di quello, adulti, più degli adulti.	Quindi la maggior parte delle persone è intorno a 20 centimetri, gli studenti di business, circa la metà di quelli, un piccolo, ma non molto meglio di quelli, i tipi di più adulti.	Quindi la media per la maggior parte delle persone è circa 20 centimetri, le scuole d'affari, circa la metà di questo; gli avvocati, un po 'di meglio che gli adulti.
Who does the very best?	Chi fa meglio di tutti?	Chi fa il meglio?	Chi fa il migliore?	Chi fa il meglio?
Architects and engineers, thankfully.	Architetti e ingegneri, grazie al cielo.	<unk> e ingegneri, <unk>.	Architetti e ingegneri, grazie.	Gli oggetti e ingegneri e ingegneri, danamente.
Thirty-nine inches is the tallest structure I've seen.	99 cm è la struttura più alta che io abbia mai visto.	<unk> <unk> è la struttura <unk> che ho visto.	Tirty-nine è la struttura più tale che ho visto.	Le nove centimetri è la struttura più alta che ho visto.
And why is it? Because they understand triangles and self-reinforcing geometrical patterns are the key to building stable structures.	E perché? Perché capiscono che i triangoli  e i modelli geometrici autorinforzanti  sono la chiave per costruire  strutture stabili.	E perché? Perché <unk> <unk> e <unk> gli <unk> <unk> sono la chiave per costruire strutture <unk>.	E perché? Perché si capiscono i triangoli e auto-reinforzi geometrici sono gli schemi chiave di costruire strutture.	E perché? Perché capiscono i triangoli e auto-reinforzare i modelli geomeometrici sono la chiave per costruire strutture strutture stabili.
So CEOs, a little bit better than average,	Poi abbiamo i direttori generali, un pò meglio della media.	Quindi <unk>, un po 'più di media.	Quindi CEOs, un po 'di più di media.	I CED, un po 'meglio della media.
but here's where it gets interesting.	Ma ecco dove diventa interessante.	Ma ecco dove diventa interessante.	Ma ecco qui dove è interessante.	Ma ecco dove diventa interessante.
If you put you put an executive admin. on the team, they get significantly better.	Se includete un amministratore delegato,  il gruppo riesce a fare molto meglio.	Se vi <unk> un <unk> <unk> alla squadra, <unk> <unk> meglio.	Se si mette un'esecutiva. La squadra, diventano significativa.	Se vi mettete una minimitazione esecutiva.
It's incredible. You know, you look around, you go, "Oh, that team's going to win." You can just tell beforehand. And why is that?	E' incredibile. Si va un pò in giro, si osserva "Vedrai che quel gruppo vincerà"  Si riesce a capire in anticipo. E perché?	E 'incredibile. Sapete, si guarda intorno, "Oh, quel team <unk>". Potete <unk> "E perché?"	E 'incredibile. Sapete, guardate in giro, "Oh, questo team sta per vincere". Potete solo raccontare la mano. E perché è?	E 'incredibile. Sapete, vi guardi attorno, e vincerà "Oh, la squadre" E'?
Because they have special skills of facilitation.	Perché hanno abilità particolari  nell'agevolare il lavoro altrui.	Perché hanno <unk> capacità di <unk>.	Perché hanno capacità speciali di facilitazione.	Perché hanno abilità speciali di facilitazione.
They manage the process, they understand the process.	Gestiscono il processo, lo capiscono.	<unk> il processo, <unk> il processo.	Riusano il processo, comprendono il processo.	Creano il processo, capiscono il processo.
And any team who manages and pays close attention to work will significantly improve the team's performance.	E tutti i gruppi che gestiscono  e prestano attenzione al lavoro  miglioreranno in maniera significativa il risultato del team.	E ogni squadra che <unk> e <unk> la <unk> attenzione al lavoro <unk> <unk> la squadra di <unk>.	E qualsiasi squadra e paga chiudere l'attenzione di migliorare la performance.	E ogni squadra che si occupa e l'attenzione di lavorare per migliorare la performance della squadra.
Specialized skills and facilitation skills are the combination that leads to strong success.	Doti speciali e doti di agevolazione,  e la loro combinazione portano a un sicuro successo.	<unk> <unk> e abilità <unk> sono i <unk> che <unk> a successo.	Specializzate le capacità e le capacità di facilitazione sono le combinazione che porta per forza successo.	Specializzate capacità e la facilitazione e le capacità di facilitazione sono la combinazione che porta a forte successo.
If you have 10 teams that typically perform, you'll get maybe six or so that have standing structures.	Se avete 10 gruppi che di solito lavorano bene,  ne avrete forse sei che otterranno strutture che stanno in piedi.	Se avete 10 <unk> che <unk> <unk> <unk>, forse sei o così che hanno in piedi.	Se avete 10 team che si trovano 10 team, sarete magari sei o così che hanno delle strutture.	Se avete 10 squadre che tira ', forse sei o meno di sei o così che si trovano strutture.
And I tried something interesting.	E ho tentato un esperimento interessante.	E ho provato qualcosa di interessante.	E ho provato qualcosa di interessante.	E ho provato qualcosa di interessante.
I thought, let's up the ante, once.	Ho pensato, alziamo la posta per una volta.	<unk>, <unk> la <unk>, una volta.	Ho pensato, lasciato la prima volta.	Pensai: "lascia", una volta.
So I offered a 10,000 dollar prize of software to the winning team.	Ho messo sul piatto 10.000 dollari di premio in software al team vincente.	Così ho <unk> un <unk> dollari di <unk> del software.	Quindi ho offerto un 10.000 dollaro del software alla squadra.	Quindi ho offerto una premio di 10.000 dollari a premio software al vincente.
So what do you think happened to these design students?	Cosa pensate che sia successo agli studenti di design?	E allora cosa <unk> a questi studenti di design?	Quindi cosa pensate sia accaduto a questi studenti di design?	Quindi cosa pensate sia successo a questi studenti di design?
What was the result?	Quale è stato il risultato?	<unk> era il risultato?	Qual è stato il risultato?	Qual era il risultato?
Here's what happened:	Ecco cos'è successo.	Ecco cosa è successo.	Ecco cosa è successo.	Ecco cosa è successo.
Not one team had a standing structure.	Nessuno dei team ha creato una struttura stabile.	Non una squadra <unk> <unk>.	Non una squadra aveva una struttura di stare.	Non una squadra non una squadra.
If anyone had built, say, a one inch structure, they would have taken home the prize.	Se uno solo di loro avesse costruito una struttura da 2,5 cm,  avrebbe portato a casa il premio.	Se qualcuno avesse costruito, diciamo, una struttura di <unk>, avrebbero <unk> a casa il <unk>.	Se qualcuno aveva costruito, diciamo, una struttura di struttura, avrebbero scattata a casa.	Se qualcuno avesse costruito, diciamo, una struttura, avranno a casa il premio.
So, isn't that interesting? That high stakes have a strong impact.	Non è interessante che una posta alta  abbia un impatto così forte?	Quindi, non è così interessante? <unk> <unk> hanno un impatto forte.	Quindi, non è interessante? E 'un impatto forte.	Quindi, non è così interessante? Quel stadio hanno un impatto forte.
We did the exercise again with the same students.	Abbiamo tentato di nuovo l'esercizio con gli stessi studenti.	Abbiamo fatto il <unk> di nuovo con gli stessi studenti.	Abbiamo fatto l'esercizio con gli stessi studenti.	Abbiamo fatto l'esercizio con lo stesso studenti.
What do you think happened then?	Cosa pensate sia successo?	Che cosa <unk>?	Che cosa succede?	Che cosa pensate sia successo?
So now they understand the value of prototyping.	Ora avevano capito il valore di un prototipo.	Quindi, ora <unk> il valore della <unk>.	Quindi comprendono il valore di prototipi.	Quindi ora capiscono il valore del prototipo.
So the same team went from being the very worst to being among the very best.	Lo stesso team, dal peggiore  è diventato il migliore.	Quindi lo stesso team è <unk> dall'essere il <unk> di essere tra i migliori.	La stessa squadra è andata dall'essere molto peggiore.	La stessa squadra andata dall'essere molto peggiore per essere tra i migliori.
They produced the tallest structures in the least amount of time.	Hanno creato la struttura più alta nel minor tempo.	<unk> le strutture <unk> nella quantità di tempo.	Hanno prodotto le strutture più piccole nella quantità di tempo.	Hanno prodotto le strutture più alta strutture più alta del tempo.
So there's deep lessons for us about the nature of incentives and success. So, you might ask: Why would anyone actually spend time writing a marshmallow challenge?	Sono quindi lezioni importanti  sulla natura degli incentivi e sul successo  Potreste allora chiedervi: perché qualcuno dovrebbe  passare il tempo a scrivere una sfida marshmallow?	Quindi ci sono <unk> <unk> per noi sulla natura della <unk> e del successo. Quindi potreste <unk>: Perché nessuno <unk> del tempo <unk> una sfida <unk>?	Quindi ci sono profondi per noi della natura degli incentivi e del successo. Quindi, potreste chiedervi: Perché qualcuno qualcuno si spendono di tempo scrivere una sfida sfida?	Quindi ci sono lezioni profondi per noi, la natura degli incentivi e successo. Quindi, potreste chiedermi: Perché qualcuno che spendere tempo tempo a scrivere una sfida marshmallow?
And the reason is, I help create digital tools and processes to help teams build cars and video games and visual effects.	La ragione è questa: aiuto a creare  strumenti digitali e processi  per aiutare gruppi a costruire auto, videogiochi  e effetti visivi.	E la ragione è che <unk> a creare strumenti digitale e <unk> per aiutare a costruire macchine <unk> e <unk> e <unk>.	E la ragione è, ho aiuto a creare strumenti digitali e processi per aiutare le macchine e i videogiochi e gli effetti visivi.	E la ragione è che ho aiutato a creare strumenti digitali e processi per aiutare i gruppi di costruire auto e videogiochi e visivi.
And what the marshmallow challenge does is it helps them identify the hidden assumptions.	E quello che fa una sfida marshmallow  è aiutare a identificare i presupposti nascosti.	E ciò che la sfida <unk> fa è che aiuta a <unk> il <unk> <unk>.	E ciò che la sfida marshmallow fa è che aiuta a identificare il nassume.	E quello che la sfida marshmallow fa è che li aiuta a identificare le supposizioni nascoste.
Because, frankly, every project has its own marshmallow, doesn't it?	Perché, onestamente,  ogni progetto ha il suo marshmallow, non è così?	Perché, <unk>, ogni progetto ha la sua <unk>, no?	Perché, francamente, ogni progetto ha il suo marshmallow, no?	Perché, in realtà, ogni progetto ha il suo marshmallow, no?
The challenge provides a shared experience, a common language, a common stance to build the right prototype.	La sfida fornisce un'esperienza condivisa,  un linguaggio comune,  una posizione comune per costruire un prototipo.	La sfida <unk> un'esperienza <unk>, una lingua comune, un <unk> comune, un <unk> comune per costruire il <unk> <unk>.	La sfida fornire un linguaggio comune, un linguaggio comune, una stanza comune per costruire il prototipo.	La sfida fornisce un'esperienza condivisa, un linguaggio comune, una comune stanza per costruire il prototipo.
And so, this is the value of the experience, of this so simple exercise.	E quindi, questo è il valore dell'esperienza,  di questo semplice esercizio.	E quindi, questo è il valore dell'esperienza, di questa semplice <unk>.	E quindi, questo è il valore dell'esperienza, di questo semplice esercizio.	Quindi, questa è il valore dell'esperienza, di questa semplice esercizio.
And those of you who are interested may want to go to MarshmallowChallenge.com.	E chi di voi fosse interessato,  può andare su marshmallowchallenge.com.	E quelli di voi che possono andare in <unk>.	E quelli di voi che sono interessati potrebbe andare a MarshmallowChallingegn.com.	E quelli di voi che sono interessati possono andare a Marshmallow Challenge.com.
It's a blog that you can look at how to build the marshmallows.	E' un blog in cui potete dare un'occhiata  a come costruire i marshmallow.	E 'un <unk> che potete vedere come costruire il <unk>.	E 'un blog che si può guardare come costruire i marchi.	E 'un blog che si può vedere come costruire il marshmallows.
There's step-by-step instructions on this.	Ci sono istruzioni passo per passo.	Ci sono <unk> <unk>.	C'è un passo su questo.	Ci sono le istruzioni in questo passo.
There are crazy examples from around the world of how people tweak and adjust the system.	Ci sono esempi pazzeschi da tutto il mondo  su come la gente corregge e aggiusta il sistema.	Ci sono esempi <unk> da tutto il mondo di come le persone <unk> e <unk> il sistema.	Ci sono esempi di razzire da tutto il mondo di come le persone due facili e adottano il sistema.	Ci sono pazzi pazzi di tutto il mondo di come le persone a cui le persone hanno battuto il sistema.
There's world records that are on this as well.	C'è anche il record del mondo.	Ci sono <unk> <unk> <unk>.	Ci sono record mondiale che sono su questo.	Ci sono registri del mondo.
And the fundamental lesson, I believe, is that design truly is a contact sport.	E la lezione più importante, credo,  è che il design è veramente  uno sport di contatto.	E la lezione fondamentale, credo, è che il design sia un contatto <unk>.	E la lezione fondamentale, credo, è che il design davvero davvero è un contatto di contatto.	E la lezione fondamentale, credo, è che il design davvero è un sport contatto.
It demands that we bring all of our senses to the task, and that we apply the very best of our thinking, our feeling and our doing to the challenge that we have at hand.	Richiede l'impiego di tutti i sensi,  e l'utilizzo dei ragionamenti più fini,  le sensazioni e la manualità  per gestire la sfida che si ha in mano.	<unk> che <unk> tutti i nostri <unk> al compito, e che <unk> i migliori del nostro pensiero, la nostra sensazione e la nostra <unk>, e la nostra sfida che abbiamo in mano.	Cerchiamo che portiamo tutti i nostri sensi al compito, e quello che applichiamo il migliore del nostro pensiero, la nostra sensazione e facendo alla sfida che abbiamo a mano.	La domanda che portiamo tutti i nostri sensi al compito, e che applica il meglio del nostro pensiero, la nostra sensazione e la nostra sfida che abbiamo a mano.
And sometimes, a little prototype of this experience is all that it takes to turn us from an "uh-oh" moment to a "ta-da" moment.	E qualche volta, un piccolo prototipo di quest'esperienza  è tutto ciò che è necessario per trasformare  un momento "uh-oh" in un momento "ta-da".	E a volte, un po '<unk> di questa esperienza è tutto che ci vuole <unk> da un momento "<unk>" per "<unk>".	E a volte, un piccolo prototipo di questa esperienza è che ci vuole trasformare da un momento "uh-oh".	E a volte, un po 'di prototipo di questa esperienza è tutto che ci porta da un momento.
And that can make a big difference.	E tutto ciò può fare veramente la differenza.	E che può fare una grande differenza.	E questo può fare una grande differenza.	E questo può fare una grande differenza.
Thank you very much.	Grazie mille.	Grazie mille.	Grazie infinite.	Grazie mille.
Let's pretend right here we have a machine. A big machine, a cool, TED-ish machine, and it's a time machine.	Facciamo finta di avere qui una macchina,  grande, bellissima, in puro stile TED,  è una macchina del tempo.	<unk> proprio qui, abbiamo una macchina. Una grande macchina, una macchina <unk>, <unk>, ed è una macchina del tempo.	Facciamo proprio qui abbiamo una macchina. Una macchina grande macchina, una grande macchina, una macchina di TED-ish, ed è una macchina di TED.	Passiamo qui una macchina. Una grande macchina, una macchina, una fantastica macchina, TED-: è una macchina del tempo.
And everyone in this room has to get into it.	Tutti in questa stanza devono entrarci.	E tutti in questa stanza deve <unk>.	E tutti in questa stanza deve farlo.	E tutti in questa stanza deve entrare in esso.
And you can go backwards, you can go forwards; you cannot stay where you are.	Potete andare indietro, potete andare avanti;  non potete rimanere dove siete.	E potete andare <unk>, potete andare <unk>; non potete <unk> dove siete.	Potete andare indietro, potete andare avanti, non si può stare dove sei.	E potete andare avanti indietro, potete andare avanti; non puoi rimanere dove sei.
And I wonder what you'd choose, because I've been asking my friends this question a lot lately and they all want to go back.	E sarei curioso di sapere quale scegliereste, perché l'ho chiesto ai miei amici  negli ultimi tempi, e tutti vogliono tornare indietro.	E mi chiedo cosa <unk> scegliere, perché mi <unk> ai miei amici questa domanda molto <unk> e vogliono tornare indietro.	E mi chiedo cosa avreste scegliere, perché ho chiesto i miei amici questa domanda domestante e vogliono tornare indietro.	E mi chiedo quello che hai scelto, perché mi chiedo i miei amici questa domanda molto, e tutti vogliono tornare indietro.
I don't know. They want to go back before there were automobiles or Twitter or "American Idol."	Non so. Vogliono tornare a prima che ci fossero le auto  o Twitter, o "American Idol".	Non lo so. <unk> prima che ci fossero <unk> o <unk> o <unk> <unk>.	Non lo so. Volevano tornare prima che c'erano automobili o Twitter o "americana".	Non so. Volevano tornare indietro prima che c'erano automobili o Twitter o "Idol ’ americano."
I don't know.	Non so.	Non lo so.	Non lo so.	Non so.
I'm convinced that there's some sort of pull to nostalgia, to wishful thinking.	Sono convinto che ci sia una sorta di ritorno  alla nostalgia, alle pie illusioni.	Sono <unk> che ci sia una specie di <unk> per <unk>.	Sono convinto che c'è una sorta di pull a ntalgia, a pensarci.	Sono convinto che c'è una specie di tirare al nostalgia, per risorgere.
And I understand that.	Lo capisco.	E lo <unk>.	E lo capisco.	E lo capisco.
I'm not part of that crowd, I have to say.	Ma non faccio parte di quel gruppo, lo devo ammettere.	Non sono parte di quel <unk>, devo dire.	Non sono parte di quel folle, devo dire.	Non sono parte di quella folla, devo dire.
I don't want to go back, and it's not because I'm adventurous. It's because possibilities on this planet, they don't go back, they go forward.	Non voglio tornare indietro, e non perché io sia avventuroso,  è perché le possibilità su questo pianeta  non tornano indietro, vanno avanti.	Non voglio tornare indietro, e non è perché sono <unk>. E 'perché possibilità di questo pianeta, non <unk> indietro.	Non voglio tornare indietro, e non è perché sono andati avanti. E 'perché possibilità su questo pianeta, non tornano indietro, vanno.	Non voglio tornare indietro, e non è perché sono avventurosi. E 'perché le possibilità su questo pianeta, non tornano avanti.
So I want to get in the machine, and I want to go forward.	Quindi voglio entrare nella macchina e voglio andare avanti.	Voglio <unk> nella macchina, e voglio andare avanti.	Quindi voglio ottenere la macchina, e voglio andare avanti.	Vorrei andare avanti la macchina, e voglio andare avanti.
This is the greatest time there's ever been on this planet by any measure that you wish to choose: health, wealth, mobility, opportunity, declining rates of disease ...	Questo è il periodo migliore che ci sia stato su questo pianeta  in ogni campo che possiamo misurare:  salute, ricchezza,  mobilità, opportunità,  calo dei tassi di malattia.	Questa è la più grande del mondo di cui c'è mai stato su questo pianeta <unk>, <unk>, <unk>, <unk>, opportunità, <unk>, <unk>, <unk>, <unk>, <unk> di malattie...	Questo è il periodo più grande c'è mai stato su questo pianeta da qualsiasi misura che desiderate a scegliere: la salute, opportunità, la mobilità, opportunità, di declinazione di malattie...	Questo è il tempo più grande c'è mai stato su questo pianeta per ogni misura che vi desideri di scegliere: la salute, e opportunità, la sanità, che declinizi di malattie...
There's never been a time like this.	Non c'è mai stato un periodo come questo.	Non c'è mai stato un tempo come questo.	Non c'è mai stato un tempo così.	Non c'è mai stato un po 'come questo.
My great-grandparents died, all of them, by the time they were 60.	I miei bisnonni morirono, tutti quanti,  prima dei 60 anni.	Il mio <unk> è morto, tutti, quando <unk> 60.	I miei genitori verdi morire, tutti, con il tempo che erano 60.	I miei pro-nonni morirono, tutti, quando erano 60.
My grandparents pushed that number to 70.	I miei nonni spinsero quel numero a 70.	Il mio <unk> <unk> che numero a 70.	I miei grandamenti hanno pinto quel numero a 70.	I miei nonni hanno perso il numero a 70.
My parents are closing in on 80.	I miei genitori stanno per toccare gli 80.	I miei genitori sono <unk> a 80.	I miei genitori si chiusano su 80.	I miei genitori sono chiusano su 80.
So there better be a nine at the beginning of my death number.	Quindi è meglio che ci sia  un 9 all'inizio del numero dei miei anni alla mia morte.	Quindi c'è un nove all'inizio del mio numero di morte.	Quindi c'è un nove all'inizio del mio numero di morte.	Quindi c'è meglio che c'è un nove all'inizio della mia morte.
But it's not even about people like us, because this is a bigger deal than that.	Ma non riguarda solo persone come noi,  è una cosa molto più grande di questa.	Ma non si tratta di persone come noi, perché questo è un <unk> più grande di quello.	Ma non è nemmeno di persone come noi, perché questo è un più grande.	Ma non si tratta di persone come noi, perché questo è un problema più grande.
A kid born in New Delhi today can expect to live as long as the richest man in the world did 100 years ago.	Un bambino nato a New Delhi oggi  può aspettarsi di vivere tanto quanto  il più ricco uomo al mondo di 100 anni fa.	Un bambino nato nel New <unk> può aspettare di vivere quanto a lungo l'uomo del mondo ha fatto 100 anni fa.	Un bambino nascino a New Delhi oggi può aspettare di vivere a lungo il più ricco del mondo hanno fatto 100 anni fa.	Un ragazzino nato a New Delhi di New Delhi, oggi possono aspettarsi di vivere così tanto più ricco di 100 anni fa.
Think about that, it's an incredible fact.	Pensateci. E' un fatto incredibile.	<unk>, è un fatto incredibile.	Pensateci, è un fatto incredibile.	Pensateci, è un fatto incredibile.
And why is it true?	Come fa ad essere vero?	E perché è vero?	E perché è vero?	E perché è vero?
Smallpox. Smallpox killed billions of people on this planet.	Vaiolo. Il vaiolo ha ucciso miliardi  di persone su questo pianeta.	<unk>. <unk> <unk> miliardi di persone su questo pianeta.	Smallpox. Smallpox, miliardi di persone su questo pianeta.	Smallpox. Smallpox uccise miliardi di persone su questo pianeta.
It reshaped the demography of the globe in a way that no war ever has.	Ha cambiato la demografia del globo  come nessuna guerra ha mai fatto.	<unk> il <unk> della <unk> in un modo che non abbia mai avuto la guerra.	Forse la demografia del mondo in un modo in cui nessuno abbia mai.	In un certo senso, la demografia del globo in un modo che nessuna guerra mai ha una guerra.
It's gone. It's vanished.	Se n'è andato. Svanito.	E '<unk>. E' <unk>.	E 'andato. E' vanistrato.	È andato.
We vanquished it. Puff.	L'abbiamo sconfitto. Puff.	Lo <unk>. <unk>.	Abbiamo vanquiato. Puff.	Lo abbiamo vanquiato. Puff.
In the rich world, diseases that threatened millions of us just a generation ago no longer exist, hardly.	Nel mondo ricco,  malattie che minacciavano milioni di persone solo una generazione fa  non esistono più, in pratica.	Nel mondo <unk>, malattie che <unk> milioni di noi solo una generazione fa non esiste più, <unk>.	Nel mondo	Nel mondo ricco, le malattie che si minacciano milioni di noi solo una generazione fa non esiste più.
Diphtheria, rubella, polio ...	Difterite, rosolia, polio...	<unk>, <unk>, <unk>...	Diferia, rovolla, polio...	Difetteria, il polio...
does anyone even know what those things are?	qualcuno sa ancora cosa siano?	Qualcuno sa di cosa sono?	Qualcuno sa che cosa sono?	Qualcuno sa che cosa sono queste cose?
Vaccines, modern medicine, our ability to feed billions of people, those are triumphs of the scientific method.	Vaccini, medicina moderna,  la nostra capacità di nutrire miliardi di persone,  questi sono trionfi del metodo scientifico.	<unk>, la medicina <unk>, la nostra abilità di <unk> miliardi di persone, queste sono <unk> del <unk> <unk>.	Vaccini, la medicina moderna, la nostra capacità di nutrire miliardi persone, queste sono trionfici del metodo scientifico.	Vaccine, la medicina moderna, la nostra abilità di nutrire miliardi di persone, queste sono triumfi del metodo scientifico.
And to my mind, the scientific method -- trying stuff out, seeing if it works, changing it when it doesn't -- is one of the great accomplishments of humanity.	E secondo me, il metodo scientifico,  provare le cose,  vedere se funzionano, cambiarle quando non funzionano,  è uno dei grandi risultati dell'umanità.	E con la mia mente, il <unk> <unk> -- cose che <unk>, <unk> se funziona, <unk> quando non <unk> -- è uno dei grandi <unk> dell'umanità.	E alla mia mente, il metodo scientifico, cercando cose, vedendo se funziona, cambiare se funziona, cambiare quando non è -- è uno dei grandi accompetenti dell'umanità.	E alla mia mente, il metodo scientifico -- provando cose, vedendo se funziona, cambia quando non -- è uno dei grandi compiti dell'umanità.
So that's the good news.	Queste erano le buone notizie.	Questa è la buona notizia.	Quindi questa è la buona notizia.	Questa è la buona notizia.
Unfortunately, that's all the good news because there are some other problems, and they've been mentioned many times. And one of them is that despite all our accomplishments, a billion people go to bed hungry in this world every day.	Sfortunatamente, erano le uniche buone notizie  perché ci sono altri problemi, e sono stati citati molte volte,  ad esempio uno di essi è che,  nonostante tutto quello che abbiamo ottenuto,  un miliardo di persone va a letto affamato  su questo pianeta, ogni giorno.	<unk>, questa è tutta la buona notizia perché ci sono altri problemi, e hanno <unk> molte volte. E uno di loro è che <unk> tutti i nostri <unk>, un miliardo di persone vanno a letto in questo mondo ogni giorno.	Sfortunatamente, questa è tutta la buona notizia perché ci sono altri problemi, e sono stati menzionati molte volte. E uno di loro è che descrivono tutti i nostri accompativi, un miliardo di persone vanno a battere in questo mondo ogni giorno.	Sfortunatamente, questa è tutte le buone notizie perché ci sono altri problemi, e sono stati menzionati molte volte, e uno di loro è che nonostante tutti i nostri confronti, un miliardo di persone vanno a letto affamati in questo mondo ogni giorno.
That number's rising, and it's rising really rapidly, and it's disgraceful.	Questo numero sta crescendo, con incredibile rapidità, ed è vergognoso.	Il numero di <unk>, ed è <unk> <unk>, ed è <unk>.	Questo numero sta crescendo, e sta davvero rapida.	Questo numero che si sta risvolendo molto rapidamente, ed è disutile.
And not only that, we've used our imagination to thoroughly trash this globe.	E non solo, abbiamo usato la nostra creatività  per riempire di rifiuti il pianeta.	E non solo questo, abbiamo usato la nostra immaginazione di <unk> <unk>.	E non solo questo, abbiamo usato la nostra immaginazione di raccoglierlo.	E non solo questo, abbiamo usato la nostra immaginazione per la sua immaginazione.
Potable water, arable land, rainforests, oil, gas: they're going away, and they're going away soon, and unless we innovate our way out of this mess, we're going away too.	Acqua potabile, terra coltivabile,  foreste pluviali, petrolio, gas naturale:  stanno scomparendo, e stanno scomparendo in fretta,  e se non innoviamo le nostre azioni per tirarci fuori da questo guaio,  scompariremo anche noi.	<unk> acqua, <unk>, <unk>, <unk>, <unk>, <unk>, <unk>, <unk>, <unk>, e <unk> presto, a meno che non <unk> il nostro modo di <unk>.	Potevole acqua, terra, terrovinforeste, petrolio, il petrolio, il petrolio, e a meno innovare il nostro modo di farlo.	All'acqua, atterrano, atterrano, le foreste di petrolio, gas: si allontanano presto, e a meno che abbiamo innovato il nostro modo in cui ci allontaniamo troppo.
So the question is: Can we do that? And I think we can.	Quindi la domanda è: possiamo farlo? Io credo di sì.	Quindi la domanda è: possiamo farlo? E penso che possiamo farlo.	Quindi la domanda è: Possiamo? E penso che possiamo.	La domanda è: possiamo farlo? E penso che possiamo farlo.
I think it's clear that we can make food that will feed billions of people without raping the land that they live on.	Penso sia chiaro che è possibile produrre cibo  per sfamare miliardi di persone senza violentare la terra su cui vivono.	Penso che sia chiaro che possiamo creare cibo che <unk> miliardi di persone senza <unk> la terra che vivono.	Credo sia chiaro che possiamo fare il cibo che nutrimenti di persone senza rappresentare la terra che vivono.	Penso che sia chiaro che possiamo creare il cibo che nutrire miliardi di persone senza rapporre la terra che vivono.
I think we can power this world with energy that doesn't also destroy it.	Penso che sia possibile rifornire questo mondo di energia  senza che questa lo distrugga.	Penso che possiamo <unk> questo mondo con l'energia che non lo <unk>.	Credo di potere questo mondo con l'energia che non lo distruggerlo.	Penso che possiamo potere questo mondo con l'energia che non può anche distruggere.
I really do believe that, and, no, it ain't wishful thinking.	Io ci credo davvero, e no, non è una pia illusione.	Credo davvero che, e, no, non <unk> pensando.	Credo davvero, e no, non è pensare.	Io credo che davvero, e no, no, non è molto terribile.
But here's the thing that keeps me up at night -- one of the things that keeps me up at night:	Ma ecco la cosa che mi tiene sveglio la notte  - una delle cose che mi tengono sveglio la notte.	Ma ecco la cosa che mi <unk> di notte -- una delle cose che mi <unk> su di notte.	Ma ecco la cosa che mi mantiene la notte -- una delle cose che mi tengono alla notte.	Ma questa è la cosa che mi manca di notte -- -- una delle cose che mi mantengono a notte.
We've never needed progress in science more than we need it right now. Never. And we've also never been in a position to deploy it properly in the way that we can today.	Non abbiamo mai avuto così bisogno di progressi scientifici come ne abbiamo bisogno adesso, mai,  e non siamo mai stati nella posizione di  utilizzarli al meglio di come potremmo oggi.	Non avevamo mai bisogno di progresso nella scienza che abbiamo mai bisogno. <unk>. E non siamo mai stati in una posizione per <unk> nel modo in cui possiamo oggi.	Non abbiamo mai bisogno di un progresso in scienza di più di quello che ci serve. E non siamo mai stati in una posizione a depiegarla in modo che possiamo oggi.	Non abbiamo mai bisogno di progressi nella scienza proprio ora. Non c'è mai stato in una posizione per sfruttare proprietari in modo che possiamo oggi oggi.
We're on the verge of amazing, amazing events in many fields,	Siamo ad un passo da eventi incredibili, davvero,  in molti ambiti.	Siamo nel <unk> di <unk> <unk>, <unk> in molti campi.	Stiamo sul vergenere di incredibile, eventi in molti campi.	Stiamo sul verge di molti eventi, incredibili in molti campi.
and yet I actually think we'd have to go back hundreds, 300 years, before the Enlightenment, to find a time when we battled progress, when we fought about these things more vigorously, on more fronts, than we do now.	Ma nonostante questo, penso dovremmo andare indietro  secoli, 300 anni, prima dell'Illuminismo,  per trovare un periodo in cui abbiamo combattuto i progressi,  un periodo in cui li abbiamo combattuti  più vigorosamente, e su più fronti, di quanto facciamo ora.	E tuttavia penso che avremmo dovuto tornare indietro, 300 anni, prima della <unk>, per trovare un tempo in cui <unk> il progresso, quando <unk> di queste cose più <unk>, più <unk>, di più <unk>, di più <unk>, di più <unk>, di oggi.	E tuttavia penso che dovremmo tornare indietro, 300 anni, prima che l'inglese, a trovare un tempo in cui combattattammo di progresso, quando abbiamo combattagliato di queste cose più vigorosamente, su più davanti, di quanto facciamo.	E tuttavia penso che dovremmo tornare indietro centinaia, 300 anni, prima dell'Inluminamento, per trovare un tempo in cui abbiamo battere il progresso, quando ci siamo comprati di queste cose più vigorosamente, più fronti di quanto lo facciamo ora.
People wrap themselves in their beliefs, and they do it so tightly that you can't set them free.	Le persone si intrappolano in quello che credono,  e lo fanno con tanta forza che non riusciamo a liberarli.	Le persone si <unk> nelle loro <unk>, e lo fanno così <unk> che non si possono <unk> <unk>.	Le persone si vanno in loro credono, e lo fanno in modo che non si possono rendere gratis.	La gente si è ferma nelle loro convinzioni, e lo fanno in modo in cui non si può ammettere di loro libera.
Not even the truth will set them free.	Neanche la verità riesce a liberarli.	Non persino la verità li <unk> <unk>.	Non nemmeno la verità farà gratis.	Non anche la verità li farà gratuitamente.
And, listen, everyone's entitled to their opinion; they're even entitled to their opinion about progress. But you know what you're not entitled to?	Ascoltate, tutti hanno diritto alla propria opinione;  hanno anche diritto alla propria opinione sul progresso,  ma sapete a cosa non avete diritto?	E <unk>, <unk>, tutti i <unk> di <unk>; sono anche <unk> per il progresso. Ma sapete cosa non <unk>?	E, ascoltato, tutti i diritti per la loro opinione; sono persino intorno al loro progresso, ma sapete cosa non siete entitati?	E ascoltate, ascoltare la loro opinione, sono persentitati alla loro opinione sul progresso. Ma sapete che cosa non sei nato?
You're not entitled to your own facts. Sorry, you're not.	Non avete diritto ai vostri fatti. Mi dispiace, non si può.	Non sei <unk> al vostro <unk>. <unk>, non sei.	Non sei entitolato ai vostri fatti. Scusate, non sei.	Non sei nentato ai vostri fatti. Sorry, non sei.
And this took me awhile to figure out.	Ci ho messo un po' a capirlo.	E questo mi <unk> <unk> di <unk>.	E questo mi ha portato a capire.	E questo mi sono voluti per capire.
About a decade ago, I wrote a story about vaccines for The New Yorker. A little story.	Una decina di anni fa ho scritto una storia sui vaccini  per "The New Yorker", un breve articolo.	<unk> dieci anni fa ho scritto una storia su <unk> per il New <unk>. Una piccola storia.	Circa un decennio fa, ho scritto una storia su vaccini per il New Yorker.	Circa un decennio fa, ho scritto una storia su dei vaccini per la fase di New York.
And I was amazed to find opposition: opposition to what is, after all, the most effective public health measure in human history.	Ed ero stupefatto che qualcuno si opponesse,  che fosse contrario a quella che è, dopo tutto,  la misura di salute pubblica più efficace di tutta la storia umana.	E io ero <unk> di trovare <unk>: <unk> a ciò che, dopo tutto, l' <unk> più <unk> pubblica <unk> nella storia dell'umanità.	Ed ero amazza di trovare opposizione: opposizione a ciò che è, dopo tutto, il più efficace della salute pubblica nella storia umana.	E sono stato addirittura per trovare opposizione: la posizione di ciò che è che, dopo tutto, il più efficace nella storia dell'uomo.
I didn't know what to do, so I just did what I do: I wrote a story and I moved on.	Non sapevo cosa fare,  quindi ho fatto come al solito, ho scritto la storia e sono passato ad altro.	Non sapevo cosa fare, quindi ho appena fatto: ho scritto una storia e mi sono <unk>.	Non sapevo cosa fare, quindi ho appena fatto cosa faccio: ho scritto una storia.	Non sapevo cosa fare, quindi ho appena fatto ciò che faccio: scrissi una storia e mi sono trasferito.
And soon after that, I wrote a story about genetically engineered food.	Non molto più tardi,  ho scritto una storia sul cibo geneticamente modificato.	E appena dopo, ho scritto una storia di <unk> <unk>.	E presto dopo, ho scritto una storia del cibo geneticamente.	E presto dopo, ho scritto una storia di cibo geneticamente.
Same thing, only bigger.	Stessa cosa, solo più grande.	<unk> <unk>, solo più grande.	La cosa, solo più grande.	La stessa cosa, più grande.
People were going crazy.	Le persone erano impazzite.	Le persone <unk>.	Le persone stavano andando.	Le persone erano pazzi.
So I wrote a story about that too, and I couldn't understand why people thought this was "Frankenfoods," why they thought moving molecules around in a specific, rather than a haphazard way, was trespassing on nature's ground.	Quindi ho scritto una storia anche su quello,  e non riuscivo a capire perché  le persone considerassero gli OGM come "cibo mostro",  perché pensassero che spostare le molecole  in modo specifico, invece che a caso,  fosse invadere il campo di lavoro della natura.	Così ho scritto una storia su questo, e non <unk> a capire perché le persone <unk> che questo fosse "<unk>", perché <unk> che <unk> le molecole in un modo <unk>, era <unk> sul terreno.	Quindi ho scritto una storia su questo, e non riuscivo a capire perché la gente pensava che fosse "Frankenftware," perché pensavano che si muove le molecole in un specifico, piuttosto che un modo magnifico, stava vista sul terreno.	Così scrissi una storia su questo, e non riuscivo a capire perché la gente pensava che fosse "Frankenfoods", perché pensavano che si muovono molecole in giro in un modo specifico, piuttosto che un po 'di una storia della natura.
But, you know, I do what I do. I wrote the story, I moved on.	Ma, come sempre, faccio il mio lavoro. Ho scritto la storia e sono andato avanti.	Ma, sapete, ho scritto la storia, mi sono <unk>.	Ma, sapete, io faccio quello che faccio. Ho scritto la storia, ho scritto.	Ma, sapete, quello che faccio. Ho scritto la storia, mi sono trasferito.
I mean, I'm a journalist. We type, we file, we go to dinner. It's fine.	Voglio dire, sono un giornalista:  scriviamo, mandiamo, andiamo a cena, finisce lì.	Voglio dire, sono un <unk>. <unk>, <unk> a <unk>. <unk>.	Voglio dire, sto un giornalista. Abbiamo file, andiamo a cena.	Voglio dire, io sono un giornalista. Il tipo, ci chiediamo a cena. E 'bene.
But these stories bothered me, and I couldn't figure out why, and eventually I did.	Ma queste storie mi torturavano  e non riuscivo a capire perché, ma alla fine ce l'ho fatta.	Ma queste storie mi <unk>, e non <unk> a capire perché, e alla fine l'ho fatto.	Ma queste storie mi hanno messo, e non riuscivo a capire perché, e alla fine ho fatto.	Ma queste storie mi hanno spinto, e non riuscivo a capire perché, e alla fine ho fatto.
And that's because those fanatics that were driving me crazy weren't actually fanatics at all.	Il problema era che quei fanatici che mi stavano facendo impazzire  non erano affatto fanatici.	E questo perché quei <unk> che mi stavano <unk> non erano in realtà <unk>.	E questa è perché queste fanatici che mi stavano guidando che non erano fanatici.	Ed è perché queste fanatici che mi guidavano pazzire non erano fanatici.
They were thoughtful people, educated people, decent people.	Erano persone di coscienza, istruite, persone per bene.	Erano persone <unk>, <unk> persone, <unk>, <unk> persone.	Erano persone pensieri, istruiti, persone decenti.	Erano persone pensieri di persone, educate le persone, decenti.
They were exactly like the people in this room.	Erano esattamente come le persone in questa stanza.	Erano esattamente come le persone in questa stanza.	Erano esattamente come le persone in questa stanza.	Erano esattamente come le persone in questa stanza.
And it just disturbed me so much.	E la cosa mi disturbava molto...	E mi <unk> così tanto.	E mi disturbava così tanto.	E mi disturbava così tanto.
But then I thought, you know, let's be honest. We're at a point in this world where we don't have the same relationship to progress that we used to.	ma poi ho pensato: dai, dobbiamo essere onesti;  siamo ad un punto, su questo pianeta,  dove non abbiamo lo stesso rapporto col progresso che c'era una volta.	Ma poi ho pensato, sapete, <unk> <unk>. Siamo a un punto in cui non abbiamo la stessa relazione per il progresso che <unk>.	Ma poi ho pensato, sapete, di essere onesti. Siamo a un punto in questo mondo dove non abbiamo la stessa relazione.	Ma poi ho pensato, sapete, saremo onesti. Siamo a un punto in questo mondo dove non abbiamo la stessa relazione a progresso.
We talk about it ambivalently.	Ne parliamo in modo ambiguo.	<unk> di <unk>.	Parliamo di ambientemente.	Parliamo di ambientamente.
We talk about it in ironic terms with little quotes around it: "progress." Okay, there are reasons for that, and I think we know what those reasons are.	Ne parliamo in termini ironici usando le virgolette:  "Progresso"  Va bene, ci sono dei motivi per farlo, e penso che sappiamo quali siano.	<unk> di questo in termini <unk> con piccoli <unk>: "Ok, ci sono ragioni per cui, e penso che sappiamo cosa siano queste ragioni.	Parliamo in termini ironici con piccoli: "progresso". Ok, ci sono ragioni per questo, e penso che sappiamo cosa siano.	Ne parleremo in termini di ironico con piccole citazioni in tutto questo: "Ok, ci sono motivi per questo, e penso che sappiamo cosa sono.
We've lost faith in institutions, in authority, and sometimes in science itself, and there's no reason we shouldn't have.	Abbiamo perso fiducia nelle istituzioni,  nelle autorità,  ed a volte nella scienza stessa,  ed è comprensibile che sia successo.	Abbiamo perso istituzioni in <unk>, in <unk>, e a volte nella scienza stessa, e non c'è ragione.	Noi abbiamo perso fede in istituzioni, in autorità, e a volte in scienza stesso, e non c'è ragione per cui non dovremmo avere.	Abbiamo perso delle istituzioni, in autorità, a volte nella scienza stessa, e qualche volta in scienza, e non c'è motivo.
You can just say a few names and people will understand.	Basta fare solo alcuni nomi  e la gente capisce.	Potete solo dire alcuni nomi e le persone <unk>.	Potete dire solo alcune nomi e persone capiranno.	Potete dire solo alcuni nomi e le persone capiranno.
Chernobyl, Bhopal, the Challenger, Vioxx, weapons of mass destruction, hanging chads.	Chernobyl, Bhopal, il Challenger,  Vioxx, armi di distruzione di massa,  elezioni truccate.	<unk>, <unk>, <unk>, <unk>, <unk> di massa di <unk>, <unk> <unk> di massa, <unk> <unk>.	Chernobyl, Bhopal, il Vioxx, Vioxx, di distruzione di massa di massa.	Chernobyl, Bsi, il Challenger, Vix, le armi di distruzione di distruzione di massa.
You know, you can choose your list.	Voglio dire, ognuno ha la sua lista.	Potete scegliere la lista.	Sapete, potete scegliere la lista.	Potete scegliere la lista.
There are questions and problems with the people we used to believe were always right,	Abbiamo domande e problemi  con le persone che pensavamo avessero sempre ragione.	Ci sono domande e problemi con le persone che <unk> erano sempre <unk>.	Ci sono domande e problemi con le persone che credono di credere fosse sempre giusto.	Ci sono domande e i problemi con le persone che in cui crediamo fosse sempre giusto.
so be skeptical.	Quindi siate scettici.	Quindi essere <unk>.	Settici scettici.	Quindi essere scettici.
Ask questions, demand proof, demand evidence.	Fate domante, pretendete risposte, pretendete prove.	<unk> <unk>, <unk> <unk>, <unk> prove <unk>.	Guardate domande e la profondità e prove.	La domanda di Ask, domanda e prova.
Don't take anything for granted.	Non date nulla per scontato.	Non <unk> niente per <unk>.	Non prendete nulla per scontato.	Non prendete niente per scontato.
But here's the thing: When you get proof, you need to accept the proof, and we're not that good at doing that.	Ma ecco il punto fondamentale: quando le prove arrivano  è necessario accettarle, e non siamo molto bravi in questo.	Ma ecco la cosa: Quando <unk> <unk>, dovete <unk> i <unk>, e non lo facciamo.	Ma ecco la cosa: quando si arriva, dovete accettare la profondità, e non siamo così bene a farlo.	Ma questa è la cosa: quando si ha bisogno di accettare la prova, e non siamo così bravi a farlo.
And the reason that I can say that is because we're now in an epidemic of fear like one I've never seen and hope never to see again.	E penso che il motivo sia che  ci troviamo in un'epidemia di paura  che non avevo mai visto e spero di non rivedere mai.	E la ragione per cui posso dire è che ora siamo in un'epidemia di paura come se non ho mai visto e <unk> di <unk>.	E la ragione per cui posso dire che è perché siamo ora in un epidemia di paura non ho mai visto e speranza non vederlo ancora.	E la ragione per cui posso dire che è perché ora siamo ora in un'epidemia di paura come una che non ho mai visto e sperare di nuovo.
About 12 years ago, there was a story published, a horrible story, that linked the epidemic of autism to the measles, mumps and rubella vaccine shot.	Circa 12 anni fa venne pubblicata una storia,  una storia orribile,  che sosteneva ci fosse un legame tra un'epidemia di autismo  ed i vaccini contro morbillo, parotite e rosolia.	<unk> 12 anni fa c'era una storia <unk>, una storia <unk>, che <unk> l'epidemia di <unk> al <unk>, <unk> e <unk> <unk>.	Circa 12 anni fa c'era una storia pubblicata, una storia orribile, una storia orribile, che ha collegato l'epidemia, le misurazioni e raccino la vaccina.	Circa 12 anni fa, c'era una storia orribile, una storia orribile, che collegava l'epidemia di autismo alle misurazioni, le zampe e le scarpe di vaccino.
Very scary.	Molto spaventoso.	Molto <unk>.	Molto.	Molto spaventamente.
Tons of studies were done to see if this was true.	Centinaia di studi furono fatti per vedere se era vero.	<unk> di studi <unk> per vedere se fosse vero.	Tonzi di studi erano fatti per vedere se questo fosse vero.	Gli studi erano riusciti a vedere se fosse vero.
Tons of studies should have been done; it's a serious issue.	E si dovevano fare centinaia di studi; è una questione importante.	<unk> degli studi di studi hanno fatto; è un problema serio.	Tonzi di studi dovrebbero essere fatto, è un problema serio.	Gli studi dovrebbero essere fatto, è una questione seria.
The data came back.	Alla fine arrivarono i dati.	I dati <unk> indietro.	I dati sono tornati indietro.	I dati sono tornati indietro.
The data came back from the United States, from England, from Sweden, from Canada, and it was all the same: no correlation, no connection, none at all.	Arrivarono dagli Stati Uniti, dall'Inghilterra,  dalla Svezia, dal Canada,  e tutti erano uguali, nessun collegamento,  nessuna correlazione, niente di niente.	I dati <unk> dagli Stati Uniti, dall' <unk>, dal <unk>, dal <unk>, e tutto lo stesso: nessuna <unk>, niente, niente.	I dati sono tornati dagli Stati Uniti, dalla Svezia, dalla Svezia, dalla Svezia, nessuna connessione, nessuna connessione, nessuna connessione, a tutto.	I dati sono tornati negli Stati Uniti, dall'Inghilterra, dalla Svezia, dal Canada, e era tutta la stessa: nessuna correlazione, niente.
It doesn't matter. It doesn't matter because we believe anecdotes, we believe what we see, what we think we see, what makes us feel real.	Non fece differenza. Non la fece  perché noi crediamo agli aneddoti,  a quello che vediamo... a quello che pensiamo di vedere,  a quello che ci fa sentire reali.	Non importa. Non importa, perché crediamo <unk>, noi <unk> ciò che vediamo, ciò che noi pensiamo, cosa ci fa sentire reale.	Non importa. Non importa perché crediamo l'aneddoti, crediamo a quello che vediamo, quello che pensiamo, cosa ci fa sentire.	Non importa. Non importa perché crediamo aneddoti, crediamo aneddoti che crediamo aneddoti reale.
We don't believe a bunch of documents from a government official giving us data, and I do understand that, I think we all do.	Non crediamo ad una pila di documenti forniti  da impiegati del governo che ci mostrano numeri,  e lo capisco, penso che lo capiamo tutti.	Non crediamo di un gruppo di <unk> <unk> da un governo <unk> a noi, e lo faccio capire, penso che tutti noi facciamo.	Non crediamo un gruppo di documenti da un governo ufficiale che ci dà dati, e lo capisco, penso che facciamo tutti.	Non crediamo un gruppo di documenti da un governo ufficiale governativo, e lo capisco, credo che tutti noi.
But you know what?	Ma sapete una cosa?	Ma sapete cosa?	Ma sapete cosa?	Ma sapete cosa?
The result of that has been disastrous.	I risultati sono stati devastanti...	Il risultato di che è stato <unk>.	Il risultato è stato disastroso.	Il risultato è stato disastroso.
Disastrous because here's a fact: The United States is one of the only countries in the world where the vaccine rate for measles is going down.	devastanti perché ecco un fatto:  gli Stati Uniti sono una delle poche nazioni al mondo  in cui il numero di vaccini contro il morbillo sta calando.	<unk> perché questo è un fatto: Gli Stati Uniti sono uno dei paesi in cui il tasso di <unk> <unk> <unk>.	Disastroso perché qui è un fatto: gli Stati Uniti è uno dei paesi in cui il vaccino il tasso di vaccino.	Dispositivo perché qui è un fatto: gli Stati Uniti è uno dei solo paesi in cui il vaccino per misurare la misura scende.
That is disgraceful, and we should be ashamed of ourselves.	È orribile,  e dovremmo vergognarci di noi stessi.	E '<unk>, e dovremmo essere <unk> di noi stessi.	Questo è disgracido, e dovremmo essere di noi stessi.	Questo è disutile, e dovremmo vergognarci di noi stessi.
It's horrible.	È terribile.	E '<unk>.	E 'orribile.	E 'orribile.
What kind of a thing happened that we could do that?	Cosa è successo che ci ha spinto  a fare una cosa del genere?	Che tipo di cosa <unk> fare?	Che tipo di cosa è accaduto che potremmo farlo?	Che tipo di cosa sia successo che possiamo farlo?
Now, I understand it. I do understand it.	Ora, lo capisco. Lo capisco davvero.	Ora, lo <unk>. Lo <unk>.	Ora, lo capisco, lo capisco.	Ora, lo capisco. Lo capisco.
Because, did anyone have measles here?	Pensateci, qualcuno qui ha il morbillo?	Perché, qualcuno ha <unk> <unk>?	Perché, qualcuno ha misurato qui?	Perché, qualcuno ha misurato la misura qui?
Has one person in this audience ever seen someone die of measles?	Qualcuno tra il pubblico ha mai visto una persona morire di morbillo?	<unk> una persona in questo pubblico ha mai visto qualcuno di <unk>?	Da una persona in questo pubblico abbia mai visto qualcuno di misurare?	Qualcuno in questo pubblico ha mai visto qualcuno di misurazioni?
Doesn't happen very much.	Non succede spesso.	Non <unk> molto.	Certo non succedono molto.	I giornali non sono molto molto.
Doesn't happen in this country at all, but it happened 160,000 times in the world last year.	In questo paese non succede proprio,  ma è successo 160mila volte nel mondo l'anno scorso.	Non è <unk> in questo paese, ma è successo <unk> volte nel mondo lo scorso anno.	Le persone non accadono in questo paese, ma accadde 160.000 volte nel mondo lo scorso anno.	I giornali non sono in questo paese a tutti, ma è accaduto 160.000 volte nel mondo scorso anno.
That's a lot of death of measles -- 20 an hour.	Sono un bel po' di morti per morbillo,  20 ogni ora.	E 'un sacco di <unk> di <unk> -- 20 all'ora.	Questo è un sacco di misurare -- 20 un'ora.	E 'molta morte di misurazioni -- 20 ora.
But since it didn't happen here, we can put it out of our minds, and people like Jenny McCarthy can go around preaching messages of fear and illiteracy from platforms like "Oprah" and "Larry King Live."	Ma visto che non è successo qui, possiamo togliercelo dalla testa,  e persone come Jenny McCarthy  possono andare in giro a spargere messaggi  di paura e ignoranza da palcoscenici  come Oprah o Larry King Live.	Ma da quando non è successo qui, possiamo <unk> fuori dalle nostre <unk>, e le persone come i <unk> possono andare in giro <unk> <unk> di paura e <unk> da <unk> come "<unk> <unk> <unk>."	Ma visto che non è accaduto qui, possiamo uscire dalla nostra menti, e persone come Jenny McCarthy può andare in giro intorno a predicare i messaggi come "Oprah" e "Larry King Live.	Ma visto che non accadesse qui, possiamo metterla fuori delle nostre menti, e la gente come Jenny McCarthy andare in giro per premandare messaggi di paura e illiteratezza da piattaforme come "Oprah e" Larry Karry Liing. "
And they can do it because they don't link causation and correlation.	E lo possono fare perché  non capiscono la differenza tra causalità e correlazione.	E possono farlo perché non <unk> <unk> e <unk>.	E possono farlo perché non colpisce la correlazione.	E possono farlo perché non la causazione di link e la correlazione.
They don't understand that these things seem the same, but they're almost never the same.	Non capiscono che queste due cose sembrano uguali,  ma non lo sono quasi mai.	Non <unk> che queste cose sembrano lo stesso, ma non sono mai gli stessi.	Non capiscano che queste cose sembrano la stessa, ma non sono quasi mai lo stesso.	Non capiscono che queste cose sembrano lo stesso, ma non sono mai lo stesso.
And it's something we need to learn, and we need to learn it really soon.	Però è qualcosa che dobbiamo imparare, e dobbiamo impararlo in fretta.	E 'qualcosa che dobbiamo imparare, e dobbiamo imparare molto presto.	Ed è qualcosa che dobbiamo imparare, e dobbiamo imparare davvero a presto.	Ed è qualcosa che dobbiamo imparare, e dobbiamo imparare.
This guy was a hero, Jonas Salk.	Quest'uomo è stato un eroe, Jonas Salk.	Questo ragazzo era un <unk>, <unk> <unk>.	Questo ragazzo era un eroe, Jonas Salk.	Questo tipo era un eroe, Jonas Salk.
He took one of the worst scourges of mankind away from us.	Ha liberato l'umanità da uno dei suoi peggiori flagelli.	<unk> uno dei <unk> <unk> di <unk> da noi.	Ha preso uno dei peggiori scorso da noi.	Ha preso uno dei peggiori scritti da noi.
No fear, no agony. Polio -- puff, gone.	Nessuna paura, nessuna sofferenza... la polio, puff... scomparsa.	<unk> paura, no <unk>. <unk> -- <unk>, <unk>.	Niente paura, l'agonia.	Niente paura, no. Polio -- puff.
That guy in the middle, not so much.	L'uomo al centro, non altrettanto.	Quel tizio nel mezzo, non tanto.	Questo ragazzo nel mezzo, non tanto.	Questo tizio nel mezzo, non molto.
His name is Paul Offit.	Si chiama Paul Offit.	Si chiama <unk> <unk>.	Il suo nome è Paul Offit.	Si chiama Paul Offit.
He just developed a rotavirus vaccine with a bunch of other people.	Ha semplicemente creato un vaccino contro il rotavirus insieme ad altre persone.	Ha appena sviluppato un <unk> <unk> con un <unk> di altre persone.	Ha sviluppato un vaccino di vaccino con un gruppo di altre persone.	Ha appena sviluppato un vaccino con un mucchio di altre persone.
It'll save the lives of 400 to 500,000 kids in the developing world every year.	Ha salvato la vita di 400, 500 mila bambini  ogni anno nei paesi in via di sviluppo.	<unk> la vita di 400 per <unk> i ragazzi nel mondo in via di sviluppo ogni anno.	Donderanno le vite di 400 a 500.000 bambini nel mondo in via di sviluppo ogni anno.	Si risparmiare le vite di 400 a 500.000 bambini nel mondo in via di sviluppo ogni anno.
Pretty good, right?	Mica male, vero?	<unk> bene, giusto?	Molto bene.	Fa bene, giusto?
Well, it's good, except that Paul goes around talking about vaccines and says how valuable they are and that people ought to just stop the whining.	E' ottimo, se non fosse che Paul va in giro a parlare dei vaccini,  dice quanto siano preziosi  e che le persone dovrebbero semplicemente smettere di frignare.	Beh, è <unk>, <unk> che <unk> a parlare di <unk> e dice come <unk> sono e che le persone dovrebbero <unk> le <unk>.	Bene, eccetto, eccetto che Paul continua parlare di vaccini e dice di quanto valore siano e che le persone dovevano fermare.	Beh, è buono, eccetto che Paul va a parlare dei vaccini e dice come valuabili sono e che la gente doveva fermarla.
And he actually says it that way.	E lo dice in questi termini.	E lo dice in realtà.	E lo dice così.	E lo dice in realtà.
So, Paul's a terrorist.	Quindi Paul è considerato un terrorista.	Quindi, <unk> è un <unk>.	Quindi, Paul è un terrorista.	Quindi, Paul è un terrorista.
When Paul speaks in a public hearing, he can't testify without armed guards.	Quando Paul parla in un'udienza pubblica  non può testimoniare senza una scorta armata.	Quando <unk> <unk> in un <unk> pubblico, non può <unk> senza <unk> <unk>.	Quando Paul parlano di un pubblico pubblico, non può testare senza armessi.	Quando Paul parla in un battito pubblico, non può testimoniare le guardie armate.
He gets called at home because people like to tell him that they remember where his kids go to school.	Lo chiamano a casa  perché ad alcuni piace ricordargli  che sanno dove i suoi figli vanno a scuola.	Si <unk> a casa perché le persone come dire che si <unk> dove i suoi figli <unk> a scuola.	Lui si chiama a casa perché le persone piace dirgli che ricordano dove i suoi bambini vanno a scuola.	Si chiamava a casa perché le persone come dirlo che ricorda dove vanno i suoi figli a scuola.
And why? Because Paul made a vaccine.	Perché? Perché Paul ha creato un vaccino.	E perché? Perché <unk> ha fatto un <unk>.	E perché? Perché Paul ha fatto un vaccino.	E perché? Perché Paul ha un vaccino.
I don't need to say this, but vaccines are essential.	Non avrei bisogno di dirlo, ma i vaccini sono fondamentali.	Non ho bisogno di dire, ma i <unk> sono <unk>.	Non ho bisogno di dirlo, ma i vaccini sono essenziali.	Non ho bisogno di dirlo, ma i vaccini sono essenziale.
You take them away, disease comes back, horrible diseases. And that's happening.	Se smettiamo di prenderli, le malattie ritornano,  terribili malattie, e sta succedendo.	Li <unk>, malattie <unk> <unk>, malattie <unk>. E questo succede.	Li si allontana, le malattie tornano, le malattie orribili. E questo succede.	Ti prendete la malattia, le malattie orribili. E questo sta succedendo.
We have measles in this country now.	Abbiamo di nuovo il morbillo in questo paese.	Abbiamo <unk> in questo paese.	Abbiamo misurato in questo paese.	Abbiamo misurazioni in questo paese ora.
And it's getting worse, and pretty soon kids are going to die of it again because it's just a numbers game.	E sarà sempre peggio, e tra non molto i bambini  cominceranno a morire di nuovo perché è solo una questione di numeri.	E si <unk>, e molto presto i bambini <unk> a morire.	E 'peggio, e piuttosto presto i bambini moriranno di nuovo perché è solo un gioco.	E 'sempre peggio, i bambini piuttosto moriranno, perché è solo un numero di gioco.
And they're not just going to die of measles.	E non moriranno solo di morbillo.	E non <unk> solo per morire di <unk>.	E non moriranno solo di misurare.	E non solo moriranno.
What about polio? Let's have that. Why not?	La polio? Riprendiamoci anche quella. Perché no?	Che dire di <unk>? <unk>. Perché no?	Che dire di polio? Possiamo. Perché no?	Che dire del polio? Diamo: "Perché non?"
A college classmate of mine wrote me a couple weeks ago and said she thought I was a little strident.	Una mia ex collega del college mi ha scritto un paio di settimane fa e mi ha detto  che mi considerava un po' eccessivo.	Un <unk> <unk> del mio <unk> un paio di settimane fa e mi ha detto di essere un po 'di <unk>.	Un college classamento di massima mi ha scritto un paio di settimane fa mi ha detto che fosse un piccolo strada.	Una classi di università mi scrisse un paio di settimane fa e mi disse che fosse un po 'stridente.
No one's ever said that before.	Nessuno me lo aveva detto prima.	Nessuno ha mai detto prima.	Nessuno lo ha mai detto prima.	Nessuno ha mai detto prima.
She wasn't going to vaccinate her kid against polio,	Lei non avrebbe vaccinato suo figlio contro la polio.	Non <unk> il suo bambino contro <unk>.	Non fu vaccinato il suo figlio di polio.	Non stava per vaccinare il suo ragazzino contro la polio.
no way.	Neanche morta.	<unk>.	Niente.	A nessun modo.
Fine.	OK.	<unk>.	Cerina.	Fine.
Why? Because we don't have polio. And you know what?	Perché? Perché non c'è la polio da noi. Ma sapete una cosa?	Perché? Perché non abbiamo <unk> <unk>. E sapete cosa?	Perché? Perché non c'è polio. E sapete cosa?	Perché? Perché non abbiamo polio. E sapete cosa?
We didn't have polio in this country yesterday.	Ieri non avevamo la polio negli Stati Uniti.	Non avevamo <unk> in questo paese ieri.	Non avevamo polio in questo paese ieri.	Non avevamo polio in questo paese ieri.
Today, I don't know, maybe a guy got on a plane in Lagos this morning, and he's flying to LAX, right now he's over Ohio.	Oggi non lo so... magari stamattina un tizio è salito su un aereo a Lagos  e sta arrivando a Los Angeles, adesso è sopra l'Ohio.	Oggi, non lo so, forse un tipo <unk> su un <unk>, e lui sta <unk> a <unk>, proprio ora è più di <unk>.	Oggi, non lo so, forse un ragazzo si trovò su un aereo in Lagos a questo mattino, e sta volando a LAX, proprio adesso è più di Ohio.	Oggi non so, non so, forse un tizio a Lagos questa mattina, e sta volando ad Ohio.
And he's going to land in a couple of hours, he's going to rent a car, and he's going to come to Long Beach, and he's going to attend one of these fabulous TED dinners tonight.	Magari atterrerà tra un paio d'ore, noleggerà una macchina,  arriverà qui a Long Beach  e stasera parteciperà ad una di queste fantastiche cene organizzate da TED.	E <unk> in un paio di ore, <unk> una macchina, e <unk> a <unk> <unk>, e <unk> una di queste <unk> <unk> di TED.	E sta andando in un paio di ore, e andrà a Long Beach, ed è arrivato a Long Beach, e lui sta andando a Long Beach, e sta andando a Long Beach, e sta andando a Long Beach.	E sta per atterrerà in un paio di ore, andrà a Long Beach, e andrà a Long Beach, e sta per partecipare a Long Beach, e si accoppiando una di queste testimoniose di TED.
And he doesn't know that he's infected with a paralytic disease, and we don't either because that's the way the world works.	Lui non lo sa di essere stato infettato da una malattia paralizzante,  e non lo sappiamo neanche noi perché è così che funziona il mondo.	E non sa che è <unk> con una malattia <unk>, e non <unk> perché è il modo in cui il mondo funziona.	E non lo sa che ha infettato con una malattia paralizzazione paralizzata, e non lo facciamo perché è il modo in cui funziona il mondo.	E non sa che ha infette una malattia paralizzata con una malattia paraliana, e non sappiamo perché è il modo in cui il mondo funziona.
That's the planet we live on. Don't pretend it isn't.	Questo è il pianeta in cui viviamo. Non facciamo finta che non sia così.	Questo è il pianeta che viviamo. Non <unk>.	Questo è il pianeta che viviamo. Non pretenderlo.	Questo è il pianeta che viviamo. Non pretende che non lo è.
Now, we love to wrap ourselves in lies. We love to do it.	Noi adoriamo circondarci di bugie. Adoriamo farlo.	Ora, <unk> di <unk> noi stessi in <unk>. <unk> di farlo.	Adesso, amiamo noi stessi in libelli.	Ora, amiamo che ci amiamo. Ci amiamo.
Everyone take their vitamins this morning?	Tutti avete preso le vitamine stamattina?	<unk> la loro <unk> questa mattina?	Tutti prendono le loro vitamine questa mattina?	Tutti prendete la loro vitamina questa mattina?
Echinacea, a little antioxidant to get you going.	Echinacea, un po' di antiossidanti  per cominciare la giornata.	<unk>, un po '<unk> per <unk>.	Echinacea, un piccolo antioxidante per ottenere.	Echinacea, un po 'di antiossigenti.
I know you did because half of Americans do every day.	So che lo avete fatto perché la metà degli americani lo fa ogni giorno.	Lo so che la metà degli americani fanno ogni giorno.	So che avete fatto perché la metà degli Americani fanno ogni giorno.	So che hai fatto per metà degli Americani ogni giorno.
They take the stuff, and they take alternative medicines, and it doesn't matter how often we find out that they're useless.	Prendono quella roba, come si affidano alla medicina alternativa,  e non importa quanto spesso  dimostriamo che sono inutili.	<unk> le cose, e <unk> <unk> <unk>, e non importa quanto spesso <unk>.	Prendono le cose, e prendono le medicine alternative, e non importa quanto spesso scoprono che sono inutili.	Si prendono le cose, e loro prendono le medicine alternative, e non importa quanto spesso troviamo fuori che sono inutili.
The data says it all the time.	I dati lo dimostrano sempre.	I dati dicono che tutto il tempo.	I dati dice che tutto il tempo.	I dati dicono che tutto il tempo.
They darken your urine. They almost never do more than that.	Rendono l'urina più scura. Più di questo non fanno, quasi mai.	<unk> i vostri <unk>. Non hanno mai più di così.	Hanno il vostro urino il vostro urino.	Fanno il vostro urino. Non c'è mai più di questo.
It's okay, you want to pay 28 billion dollars for dark urine? I'm totally with you.	Ma va bene, volete spendere 28 miliardi di dollari per urina scura,  sono con voi!	Va bene, volete pagare <unk> miliardi di dollari per il <unk> <unk>? Sono completamente con voi.	E 'okay, volete pagare 28 miliardi di dollari per l'urino oscuro? Sono totalmente totalmente con voi.	Va bene, vuoi pagare 28 miliardi di dollari per urina? Sono totalmente con voi.
Dark urine. Dark.	Urina scura. Scura.	<unk> <unk>. <unk>.	Darca.	Dark urine. Dark.
Why do we do that? Why do we do that?	Perché lo facciamo? Perché?	Perché lo facciamo? Perché lo facciamo?	Perché lo facciamo? Perché? Perché lo facciamo?	Perché lo facciamo?
Well, I think I understand, we hate Big Pharma.	Credo di capire, odiamo le grandi case farmaceutiche.	Beh, penso di capire, <unk> <unk> <unk>.	Beh, penso che capiremo Big Pharma.	Beh, credo che capiamo, noi odiamo Big Pharma.
We hate Big Government. We don't trust the Man.	Odiamo il la grande macchina governativa. Non ci fidiamo.	<unk> <unk> <unk>. Non ci <unk> del <unk>.	Speriamo di Big Governo. Non fichiamo il Man.	Abbiamo un Big Governo. Non ci fidiamo il Man.
And we shouldn't: Our health care system sucks.	E facciamo bene. Il nostro sistema sanitario fa schifo.	E non dovremmo <unk>: il nostro sistema di <unk> <unk>.	E non dovremmo: Il nostro sistema sanitario sanitario.	E non dovremmo essere: il nostro sistema sanitario.
It's cruel to millions of people.	È crudele verso milioni di persone.	E '<unk> a milioni di persone.	E 'crudele a milioni di persone.	E 'crudele a milioni di persone.
It's absolutely astonishingly cold and soul-bending to those of us who can even afford it.	È assolutamente, incredibilmente freddo  e demoralizzante anche per quelli di noi che possono permetterselo.	E 'assolutamente <unk> freddo e <unk> a quelli di noi che possono <unk>.	E 'assolutamente freddo e il suoul-bendoci a quelli di noi che possono anche permettere.	E 'assolutamente sorprendentemente fredda e a quelli di noi che possono anche permetterlo.
So we run away from it, and where do we run?	Quindi scappiamo lontano, e da chi ci rifugiamo?	Quindi <unk> da essa, e dove <unk>?	Allora li allontaniamo, e dove lo facciamo?	Quindi ci allontaniamo da questo, e dove facciamo?
We leap into the arms of Big Placebo.	Saltiamo tra le braccia del grande placebo.	Abbiamo <unk> nelle <unk> del <unk> <unk>.	Raccogliamo nei bracciaio di Big Placebo.	Abbiamo lasciato le braccia della Big Placebo.
That's fantastic. I love Big Placebo.	È fantastico. Noi amiamo il grande placebo.	E 'fantastico. <unk> <unk> <unk>.	Questo è fantastico. Mi piace Big Placebo.	E 'fantastico. Adoro Big Placebo.
But, you know, it's really a serious thing because this stuff is crap, and we spend billions of dollars on it.	Sapete, è un problema serio perché  questa roba è una schifezza,  e ci spendiamo miliardi di dollari.	Ma, sapete, è davvero una cosa serio perché questa roba è <unk>, e <unk> miliardi di dollari.	Ma, sapete, è davvero una cosa seria perché questa roba è schiacciata, e spendiamo miliardi di dollari.	Ma è una cosa serva perché questa roba è folle, e spendiamo miliardi di dollari.
And I have all sorts of little props here.	Ho tutta una serie di esempi qui.	E ho ogni tipo di piccole <unk>.	E ho ogni tipo di piccolo proponamento.	E ho ogni tipo di propulsione.
None of it ... ginkgo, fraud; echinacea, fraud; acai -- I don't even know what that is but we're spending billions of dollars on it -- it's fraud.	Nessuno di questi... ginkgo - una frode,  echinacea - una frode,  acai - non so neanche cosa sia ma  ci spendiamo miliardi di dollari, ed è una frode.	<unk>, <unk>, <unk>, <unk>, <unk>, <unk> -- non so nemmeno cosa è ma stiamo <unk> miliardi di dollari -- è <unk>.	Nessuno di essa... ginata, fraud; echinacia, fraud; non so nemmeno cosa sia ma spendendo miliardi di dollari, è frutto.	Nessuno di questo... ginkgo, e frutta, echinacai -- non so nemmeno che cosa sia ma stiamo passando miliardi di dollari.
And you know what? When I say this stuff, people scream at me, and they say, "What do you care? Let people do what they want to do.	Sapete una cosa? Quando dico queste cose, le persone mi urlano contro,  e dicono "Ma cosa ti interessa? Lascia che la gente faccia quello che vuole.	E sapete cosa? Quando dico queste cose, le persone mi <unk>, e loro dicono: "Cosa <unk> cura di fare quello che vogliono fare.	E sapete cos'? Quando dico questa roba, le persone a me, e dicono: "Che cosa vuoi fare.	E sapete cosa? Quando dico a me lo schermo, la gente mi schermo, e dicono: "Cosa si preoccupa? Faca che cosa vogliono fare.
It makes them feel good."	Li fa stare bene."	<unk> che <unk> bene. "	Li rende bene. "	Fa sentire bene. "
And you know what? You're wrong.	Indovinate un po'? Avete torto.	E sapete cosa? Sei sbagliato.	E sapete cos'? Si sbaglia.	E sapete cosa? Sei sbagliate.
Because I don't care if it's the secretary of HHS who's saying, "Hmm, I'm not going to take the evidence of my experts on mammograms," or some cancer quack who wants to treat his patient with coffee enemas.	Perché non mi interessa  se è il segretario del Dipartimento per la Salute ed i Servizi Umani  a dire "Uhm, non ho intenzione di ascoltare le prove  degli esperti sulla mammografia"  o se lo dice qualche lunatico del cancro che vuole curare i pazienti  con clisteri al caffè.	Perché non mi importa se è la <unk> di <unk> che dice: "<unk>, non <unk> le prove del mio <unk> su <unk>, o qualche cancro <unk> che vuole <unk> il <unk> del <unk> del <unk>.	Perché non mi importerò se è il segretario di HS che dicono: "Hmm, non sto per portare le prove dei miei esperti di mammiferi," o alcuni cancro di cancro che vuole trattare il suo paziente con caffè.	Perché non mi importa se è il segretario di HS che sta dicendo: "Hmm, non mi porterò l'evidenza dei miei esperti sui mammiferi, o del cancro che vuole trattare il suo paziente con il caffé.
When you start down the road where belief and magic replace evidence and science, you end up in a place you don't want to be.	Quando imbocchiamo la strada che porta  a rimpiazzare scienza e prove con magia e tradizione,  finiamo in un posto dove non vorremmo essere.	Quando <unk> giù per la strada dove <unk> e la <unk> <unk> e la scienza, si <unk> in un posto che non volete essere.	Quando cominciate a scendere la strada in cui crede e la magica sostanza e la scienza, finite in un luogo che non volete.	Quando cominciate a giù la strada in cui la fede e magico di sostituire le prove e della scienza, si finisce in un posto che non vuoi essere.
You end up in Thabo Mbeki South Africa.	Finiamo come Thabo Mbeki in Sud Africa.	<unk> in <unk> <unk> <unk> <unk>.	Più in Tabo Mbeki Sud Africa.	Alla fine nel Thabo Mbeki in Sudafrica.
He killed 400,000 of his people by insisting that beetroot, garlic and lemon oil were much more effective than the antiretroviral drugs we know can slow the course of AIDS.	Ha ucciso 400 mila dei suoi concittadini  continuando a dire che barbabietole,  aglio e succo di limone  funzionavano meglio dei farmaci anti-retrovirali che sappiamo  possono rallentare il decorso dell'AIDS.	Ha <unk> <unk> della sua gente <unk> da <unk> che <unk>, <unk> e <unk> petrolio erano molto più <unk> che i <unk> <unk> che sappiamo <unk> di AIDS.	Ha ucciso 400.000 delle sue persone insistono che insistono l'AIDS.	Ha ucciso 40mila di persone che insistono i piedi, giardini e signori sul petrolio erano molto più efficace dei farmaci antiretrovirali che possiamo rallentare il corso dell'AIDS.
Hundreds of thousands of needless deaths in a country that has been plagued worse than any other by this disease.	Centinaia di migliaia di morti inutili  in una nazione che è stata colpita  più di ogni altro da questa malattia.	<unk> di migliaia di <unk> <unk> in un paese che è stata <unk> <unk> di qualsiasi altro da questa malattia.	Centinaia di migliaia di morti necessari in una nazione che è stato di peggio di qualsiasi altra malattia.	Continaia di migliaia di morti in un paese che è stato agugano peggio di qualsiasi altra malattia.
Please, don't tell me there are no consequences to these things.	Per favore, non venite a dirmi  che non ci sono conseguenze per queste azioni.	Per favore, non <unk> che non ci sono <unk> a queste cose.	Per favore, non ditemi che non ci sono conseguenze a queste cose.	Per favore, non ditemi che non ci sono conseguenze a queste cose.
There are. There always are.	Ci sono. Ci sono sempre.	Ci sono sempre. Ci sono sempre.	Ci sono sempre.	Ci sono sempre.
Now, the most mindless epidemic we're in the middle of right now is this absurd battle between proponents of genetically engineered food and the organic elite.	Ora, l'epidemia più stupida  in cui siamo in mezzo proprio adesso  è la guerra assurda  tra i sostenitori dei cibi geneticamente modificati  e l'elite del cibo biologico.	Ora, l'epidemia più <unk> che siamo nel mezzo di questo <unk> <unk> tra <unk> di <unk> <unk> <unk> e <unk> <unk>.	Ora, il più meno epidemia di noi siamo in mezzo nel mezzo di adesso è questa battaglia tra proponenti del cibo geneticamente ingegneria genetica.	Ora, l'epidemia più minimo che ci troviamo nel mezzo di adesso è questo assurdo tra proponenti di cibo geneticamente ingegnerizzato e biologico.
It's an idiotic debate. It has to stop.	E' una diatriba idiota. Deve finire.	E 'un <unk> <unk>. <unk> <unk>.	E 'un dibattito idiotico.	E 'un dibattito dell'idiotico.
It's a debate about words, about metaphors.	E' una diatriba sulle parole, sulle metafore.	E 'un <unk> di parole, di <unk>.	E 'un dibattito delle parole.	E 'un dibattito su parole, di metafore.
It's ideology, it's not science.	È ideologia, non è scienza.	E '<unk>, non è scienza.	E 'ideologia, non è scienza.	E 'ideologia, non è scienza.
Every single thing we eat, every grain of rice, every sprig of parsley, every Brussels sprout has been modified by man.	Ogni singola cosa che mangiamo, ogni chicco di riso,  ogni foglia di prezzemolo,  ogni cavoletto di Bruxelles  è stato modificato dall'uomo.	Ogni cosa che <unk>, ogni <unk> di <unk>, ogni <unk> di <unk>, ogni <unk> di <unk> è stata <unk> dall'uomo.	Ogni singola cose che mangiamo, ogni grano di parole, ogni grano di parso, ogni grano i Brusso è stato modificato dall'uomo.	Ogni singola cosa che mangiamo, ogni grano di riso, ogni privo di parsley, ogni marito è stato modificato da uomo.
You know, there weren't tangerines in the garden of Eden.	Vedete, non c'erano mandarini nel giardino dell'Eden.	Sapete, non c'erano <unk> nella <unk> del <unk>.	Sapete, non c'erano tangolini nel giardino dell'Eden.	Sapete, non c'erano tangerine nel giardino dell'Eden.
There wasn't any cantaloupe.	Non c'erano melanzane.	Non c'era nessuna <unk>.	Non c'era nessun cantala.	Non c'era alcuna cantaletta.
There weren't Christmas trees. We made it all.	Non c'erano neanche gli alberi di Natale. Li abbiamo creati noi.	Non c'erano <unk> alberi. L'abbiamo fatto tutto.	Non c'erano gli alberi. L'abbiamo fatto tutto. L'abbiamo fatto tutto.	Non c'erano gli alberi di Natale. L'abbiamo fatto tutto.
We made it over the last 11,000 years.	Lo abbiamo fatto nel corso degli ultimi 11mila anni.	Lo abbiamo fatto negli ultimi <unk> anni.	L'abbiamo fatto negli ultimi 1000 anni.	L'abbiamo fatto negli ultimi 11000 anni.
And some of it worked, and some of it didn't.	Qualcosa ha funzionato ed qualcos'altro no.	E alcuni <unk>, e alcuni non lo hanno <unk>.	Alcuni ha funzionato, e alcuni non lo aveva.	E alcuni di funzionano, e alcuni di non lo aveva.
We got rid of the stuff that didn't.	Ed abbiamo eliminato quello che non funzionava.	Ci siamo <unk> di cose che non <unk>.	Abbiamo ricevuto della roba.	Ci siamo rimasti della roba che non aveva.
Now we can do it in a more precise way --	Ora possiamo farlo in modo più preciso.	Possiamo farlo in un modo più <unk>.	Ora possiamo farlo in un modo più preciso.	Possiamo farlo in un modo più preciso.
and there are risks, absolutely --	E ci sono dei rischi, certo che ci sono.	E ci sono <unk>, assolutamente...	E ci sono rischi, assolutamente...	E ci sono rischi, assolutamente...
but we can put something like vitamin A into rice, and that stuff can help millions of people, millions of people, prolong their lives.	Ma noi possiamo inserire cose come la vitamina A nel riso,  e questo aiuterebbe milioni di persone,  milioni di persone, prolungando la loro vita.	Ma possiamo mettere qualcosa come <unk> A <unk>, e questa roba può aiutare milioni di persone, milioni di persone, <unk> le loro vite.	Ma possiamo mettere qualcosa come vitamina un vitamina, e quella roba possono aiutare milioni di persone, prolte le loro vite.	Ma possiamo mettere qualcosa come vitamin A in riso, e che la roba possono aiutare milioni di persone, milioni di persone, stampate le loro vite.
You don't want to do that?	E non vogliamo farlo?	Non volete farlo?	Non volete farlo?	Non vuoi farlo?
I have to say, I don't understand it.	Devo dirvelo, io non lo capisco.	Devo dire, non lo <unk>.	Devo dire, non lo capisco.	Devo dire, non lo capisco.
We object to genetically engineered food.	Siamo contrari agli OGM.	Noi <unk> <unk> il cibo.	Noi oggetto in geneticamente ingegneria geneticamente.	Ci siamo al cibo geneticamente ingegnerizzati.
Why do we do that?	Perché?	Perché lo facciamo?	Perché lo facciamo?	Perché lo facciamo?
Well, the things I constantly hear are: Too many chemicals, pesticides, hormones, monoculture, we don't want giant fields of the same thing, that's wrong.	Le cose che sento sempre sono:  troppi composti chimici,  pesticidi, ormoni,  monocolture, non vogliamo campi enormi  coltivati con la stessa cosa, è sbagliato.	Beh, le cose che <unk> <unk> sono: <unk> molti <unk>, <unk>, <unk>, <unk>, <unk>, non vogliamo <unk> <unk> della stessa cosa, è sbagliato.	Beh, le cose che mi sento sono costantemente: Too molti chimici, pesticidi, monaci, monaci, non vogliamo giganti delle stesse cose, è sbagliato.	Bene, le cose che sentiamo costantemente sono: Too molti chimici, i pesticidi, le monoculture, monocultura, non vogliamo che è sbagliato.
We don't companies patenting life.	Non vogliamo che le compagnie mettano dei brevetti sulla vita.	Noi non <unk> la vita <unk>.	Noi non abbiamo compagnie la vita.	Noi non le aziende che la vita.
We don't want companies owning seeds.	Non vogliamo che le compagnie siano uniche proprietarie dei semi.	Non vogliamo le compagnie <unk> <unk>.	Noi non vogliamo aziende i semi.	Non vogliamo aziende semi.
And you know what my response to all of that is?	Sapete qual'è la mia risposta a questo?	E sapete cosa la mia risposta a tutto ciò è?	E sapete cos'è la mia risposta a tutto questo?	E sapete cosa la mia risposta a tutto questo?
Yes, you're right. Let's fix it.	È sì. Avete ragione. Facciamo qualcosa.	Sì, siete <unk>. <unk>.	Sì, siete giusto. Vediamo.	Sì, avete ragione.
It's true, we've got a huge food problem, but this isn't science.	È vero, abbiamo un enorme problema alimentare,  ma non è scienza.	E 'vero, abbiamo un enorme problema del cibo, ma non è scienza.	E 'vero, abbiamo un enorme problema di cibo, ma questa non è la scienza.	E 'vero, abbiamo un enorme problema, ma non è scienza.
This has nothing to do with science.	Non ha niente a che fare con la scienza.	Non ha niente a che fare con la scienza.	Non ha niente a che fare con la scienza.	Non ha niente a che fare con la scienza.
It's law, it's morality, it's patent stuff.	È legge, moralità, linee guida sui brevetti.	E 'la legge di <unk>, è <unk>.	E 'legge, è la moralità.	E 'la legge, è la moralità, è roba brevetti.
You know science isn't a company.	Sapete bene che la scienza non è una corporation.	Sapete la scienza non è un'azienda.	La scienza non è una compagnia.	La scienza non è un'azienda.
It's not a country.	Non è una nazione.	Non è un paese.	Non è un paese.	Non è un paese.
It's not even an idea; it's a process.	Non è neanche un'idea; è un processo.	Non è nemmeno un'idea. E 'un processo.	Non è nemmeno un'idea; è un processo.	Non è nemmeno un'idea, è un processo.
It's a process, and sometimes it works and sometimes it doesn't, but the idea that we should not allow science to do its job because we're afraid, is really very deadening, and it's preventing millions of people from prospering.	È un processo, a volte dà risultati positivi a volte no,  ma l'idea che non dovremmo permettere  alla scienza di fare il suo lavoro  solo perché abbiamo paura  è in realtà molto svilente,  e sta impedendo a milioni di persone  di prosperare.	E 'un processo, e a volte funziona e a volte non <unk>, ma l'idea che non dovremmo <unk> di fare il suo lavoro perché abbiamo paura, è molto <unk>, ed è <unk> milioni di persone dai <unk>.	E 'un processo, e a volte funziona, ma a volte funziona, ma l'idea che non dovremmo permettere di fare il suo lavoro perché siamo paura, è davvero molto deaggiunto, ed è davvero molto deguadagnare, e sta prevenendo milioni di persone dalla prosperazione.	E 'un processo, e qualche volta funziona e a volte non c'è, ma l'idea che non dovremmo permettere alla scienza al suo lavoro perché abbiamo paura, è molto sera, che preveniamo milioni di persone da prosperando.
You know, in the next 50 years we're going to have to grow 70 percent more food than we do right now, 70 percent.	Sapete, nei prossimi 50 anni  saremo costretti a produrre il 70% di cibo in più di quello che produciamo ora,  70 per cento.	Sapete, nei prossimi 50 anni <unk> <unk> al 70% di cibo, ora, il 70%.	Sapete, nei prossimi 50 anni che dovremmo crescere il 70 per cento più cibo di quello che facciamo proprio ora, il 70 per cento.	Sapete, nei prossimi 50 anni, dovremo crescere il 70% di più cibo del 70%.
This investment in Africa over the last 30 years.	Questi sono gli investimenti in Africa degli ultimi 30 anni.	Si <unk> in Africa negli ultimi 30 anni.	Questo investimento in Africa negli ultimi 30 anni.	Questo investimento in Africa negli ultimi 30 anni.
Disgraceful. Disgraceful.	Vergognoso. Vergognoso.	<unk>. <unk>.	Disgracidi. Disgracidi.	Dispositivi. Dispositivi.
They need it, and we're not giving it to them.	Loro ne hanno bisogno e noi non glielo diamo.	Hanno bisogno di tutto, e non lo stiamo <unk>.	Hanno bisogno di loro, e non lo stiamo dandando a loro.	Hanno bisogno, e non lo stiamo dando.
And why? Genetically engineered food.	Perché? Cibo geneticamente modificato.	E perché? <unk> cibo <unk>.	E perché? Geneticamente ingegneria.	E perché? Geneticamente cibo.
We don't want to encourage people to eat that rotten stuff, like cassava for instance.	Non vogliamo incoraggiare le persone  a mangiare schifezze come ad esempio la manioca.	Non vogliamo <unk> le persone di mangiare quella roba <unk>, come <unk> per esempio.	Non vogliamo incoraggiare le persone a mangiare quella roba, come cassava per esempio.	Non vogliamo incoraggiare le persone a mangiare quella roba rottica, come la cassava per esempio.
Cassava's something that half a billion people eat.	Mezzo miliardo di persone la mangiano.	<unk> è qualcosa che mezzo miliardo di persone <unk>.	Cassava qualcosa di mezzo miliardo di persone mangiano.	Cassava una cosa che mezzo miliardi di persone mangiano.
It's kind of like a potato.	Assomiglia un po' ad una patata.	E 'una specie di <unk>.	E 'come una patata.	E 'una specie di potenza.
It's just a bunch of calories. It sucks.	Ma fornisce solo calorie. Fa schifo.	E 'solo un <unk> di <unk>. <unk>.	E 'solo un gruppo di calorie.	E 'solo un gruppo di calorie.
It doesn't have nutrients, it doesn't have protein, and scientists are engineering all of that into it right now.	Non ha sostanze nutrienti, non ha proteine,  ma gli scienziati stanno trovando il modo  di inserirceli proprio in questo momento.	Non ha <unk>, non ha <unk>, e scienziati stanno <unk> tutto questo in questo momento.	Non ha le nutrienti, non ha proteine, e gli scienziati sono ingegneria, e gli scienziati sono tutti in questo momento.	Non ha dei nutrienti, non ha la proteina, e scienziati stanno ingegneristando tutto questo.
And then people would be able to eat it and they'd be able to not go blind.	Così molte persone potrebbero mangiare e correre meno il rischio di diventare cieche.	E poi la gente <unk> di <unk> e non <unk>.	E poi le persone sarebbero in grado di mangiarci.	E la gente sarebbe in grado di mangiare e loro sarebbero stati in grado di non andare cieco cieco.
They wouldn't starve, and you know what?	Non morirebbero di fame, e sapete una cosa?	Non <unk>, e sapete cosa?	Non avrebbero iniziato, e sapete cosa?	Non iniziavano, e sapete cosa?
That would be nice. It wouldn't be Chez Panisse, but it would be nice.	Sarebbe molto bello. Non sarebbe un ristorante di lusso,  ma sarebbe molto bello.	<unk> bene. Non sarebbe <unk> <unk>, ma sarebbe bello.	Sarebbe bello. Non sarebbe Chez Panisse, ma sarebbe bello.	Sarebbe bello. Non sarebbe stato Chez Panisse, ma sarebbe bello.
And all I can say about this is: Why are we fighting it?	Riesco a chiedermi soltanto:  perché siamo contro?	E tutto quello che posso dire è: Perché stiamo <unk>?	E tutto ciò che posso dire è: Perché stiamo combattendo?	E tutto quello che posso dire è: Perché lo stiamo combattere?
I mean, let's ask ourselves: Why are we fighting it?	Voglio dire, chiediamocelo: perché stiamo ostacolando questa cosa?	Voglio dire, <unk>: Perché stiamo <unk>?	Cioè, chiederemo: Perché stiamo combattendo?	Voglio dire, chiedete: Perché lo stiamo combattendo?
Because we don't want to move genes around?	Solo perché non vogliamo spostare i geni qua e là?	Perché non vogliamo <unk> geni?	Perché non vogliamo muovere i geni in giro?	Perché non vogliamo muovere i geni?
This is about moving genes around. It's not about chemicals.	Si tratta di spostare dei geni. Non si tratta di sostanze chimiche.	Questo riguarda i geni in giro. Non si tratta di <unk>.	Questo è il movimento dei geni. Non è di sostanze chimiche.	Questo si tratta di muovere i geni in giro. Non si tratta di chimici.
It's not about our ridiculous passion for hormones, our insistence on having bigger food, better food, singular food.	Non si tratta della nostra ridicola ossessione per gli ormoni,  o del nostro desiderio di avere cibo più grande,  migliore, più semplice.	Non riguarda la nostra passione per i <unk>, i nostri <unk>, i nostri <unk>, il cibo <unk>, il cibo <unk>.	Non si tratta di la nostra passione per gli ormenti, la nostra insistenza sull'insistenza di cibo, migliore, cibo singolare.	Non è la nostra passione ridicola passione per le ormoni, la nostra insistenza sul cibo più grande, il cibo singolo.
This isn't about Rice Krispies,	Non c'entrano i Rice Krispies.	Non si tratta di <unk> <unk>.	Questo non è il Rice Krispies.	Questo non riguarda Rice Krispies.
this is about keeping people alive, and it's about time we started to understand what that meant.	Si tratta di salvare la vita delle persone,  e sarebbe ora che cominciassimo a capire cosa vuol dire.	Si tratta di <unk> persone <unk>, e si tratta di tempo di capire cosa <unk>.	Questo riguarda le persone che vive, e si tratta di tempo abbiamo iniziato a capire cosa significa.	Si tratta di valutare le persone in vita, ed è il tempo che abbiamo iniziato a capire cosa significava.
Because, you know something? If we don't, if we continue to act the way we're acting, we're guilty of something that I don't think we want to be guilty of: high-tech colonialism.	Perché - volete saperlo? -  se non lo capiamo, e continuiamo a comportarci come ci comportiamo adesso,  saremo colpevoli di qualcosa di cui non penso vorremmo macchiarci,  colonialismo tecnologico.	Perché, sapete qualcosa? Se non <unk> a agire in modo <unk>, siamo <unk> di qualcosa che non <unk> di <unk>: <unk> <unk> <unk>.	Perché, sapete una cosa? Se non continuiamo, se continuiamo a agire il modo in cui stiamo accendendo, siamo indovinare qualcosa che non penso che vogliamo essere una colonialismo di colonialismo.	Perché, sapete qualcosa? Se non ci continuiamo a agire il modo in agire il modo in agire, siamo colonizzati di qualcosa che non credo che vogliamo essere una colonialismo: alta tech colonialismo.
There's no other way to describe what's going on here.	Non c'è altro modo di descrivere quello che sta succedendo.	Non c'è altro modo di <unk> cosa sta succedendo.	Non c'è altro modo di descrivere quello che succede qui.	Non c'è un altro modo di descrivere ciò che sta succedendo qui.
It's selfish, it's ugly, it's beneath us, and we really have to stop it.	È egoista, è orribile,  è davanti a noi,  e dobbiamo fermarlo.	E '<unk>, è <unk>, ci <unk>, e dobbiamo <unk>.	E 'egoista, è brutto, e noi dobbiamo fermare.	E 'egoista, è egoista, e noi dobbiamo davvero fermarli.
So after this amazingly fun conversation,  you might want to say, "So, you still want to get in this ridiculous time machine and go forward?"	Quindi, dopo questa conversazione divertentissima,    potreste chiedermi: "Vuoi ancora entrare in questa  ridicola macchina del tempo ed andare nel futuro?"	Quindi, dopo questa <unk> <unk> conversazione, potreste dire: "<unk> comunque <unk> in questa macchina <unk> <unk> e andare avanti?"	Allora dopo questa incredibilmente divertente, potreste voler dire: "Dunque, volete ancora entrare in questa macchina ridicola di tempo e andare avanti?"	Quindi, dopo questa dipendenza da una conversazione, potresti voler dire: "Allora, vuoi ancora entrare in questo ridicolo macchina e andare avanti?"
Absolutely. Absolutely, I do.	Certo! Certo che voglio.	<unk>. <unk>, lo faccio.	Assolutamente. Assolutamente, lo faccio.	Cambio. Il mio avviso.
It's stuck in the present right now, but we have an amazing opportunity.	È bloccata sul presente adesso,  ma abbiamo un'opportunità incredibile.	E '<unk> nel presente ora, ma abbiamo un'incredibile opportunità.	E 'bloccato in questo momento, ma abbiamo un'opportunità incredibile.	E 'blocco nel presente, ma abbiamo un'opportunità incredibile.
We can set that time machine on anything we want.	Possiamo impostare la macchina del tempo come vogliamo.	Possiamo <unk> quel tempo in tutto quello che vogliamo.	Possiamo raggiungerlo tempo su qualsiasi cosa vogliamo.	Possiamo creare quel tempo la macchina del tempo macchina su qualcosa che vogliamo.
We can move it where we want to move it, and we're going to move it where we want to move it.	Abbiamo la possibilità di farla andare dove vogliamo,  e la faremo andare davvero dove vogliamo.	Possiamo <unk> dove vogliamo <unk>, e <unk> dove vogliamo.	Possiamo spostare dove vogliamo muovere, e lo faremo dove vogliamo muovere.	Possiamo muoverlo in cui vogliamo muovere, e lo sposare dove vogliamo spostare.
We have to have these conversations and we have to think, but when we get in the time machine and we go ahead, we're going to be happy we do.	Dobbiamo fare queste conversazioni, e dobbiamo pensare,  ma quando entriamo nella macchina del tempo e andiamo avanti  saremo felici di farlo.	Dobbiamo avere questi <unk> e dobbiamo pensare, ma quando <unk> nella macchina del tempo e <unk>, <unk>, <unk> felice che facciamo.	Dobbiamo avere queste conversazioni e dobbiamo pensare, ma quando arriviamo nella macchina e andare avanti, siamo felici di noi.	Dobbiamo avere queste conversazioni e noi dobbiamo pensare, ma quando ci arriviamo nella macchina del tempo la macchina del tempo e andare avanti, saremo felici.
I know that we can, and as far as I'm concerned, that's something the world needs right now.	So che possiamo e,  per quanto mi riguarda,  penso che il mondo ne abbia bisogno subito.	So che possiamo, e per quanto sono <unk>, questo è qualcosa che il mondo ha bisogno adesso.	So che possiamo, e fino a quando sono preoccupata, è qualcosa di il mondo necessario.	So che possiamo, e per quanto mi preoccupa, è qualcosa che il mondo ha bisogno.
Thank you.	Grazie.	Grazie.	Grazie.	Grazie.
Thank you. Thank you. Thank you.	Grazie.	Grazie. Grazie. Grazie.	Grazie. Grazie. Grazie. Grazie.	Grazie. Grazie. Grazie.
One day, Los Angeles Times columnist Steve Lopez was walking along the streets of downtown Los Angeles when he heard beautiful music.	Un giorno, il cronista del Los Angeles Times  Steve Lopez stava passeggiando  per le strade del centro di Los Angeles  quando sentì una musica bellissima.	Un giorno, <unk> <unk> <unk> <unk> <unk> <unk> <unk> per strada per le strade di <unk> <unk> quando <unk> la musica <unk>.	Un giorno, Los Angeles Times columnista Steve Lopez stava camminare lungo le strade di downtown Los Angeles quando ha sentito bellissimo.	Un giorno, Los Angeles, Los Angeles Times Steve Lopez Steve Los Angeles Times.
And the source was a man, an African-American man, charming, rugged, homeless, playing a violin that only had two strings.	Essa proveniva da un uomo,  un uomo afro-americano,  affascinante, con i tratti marcati, senza dimora,  che suonava un violino che aveva solamente due corde.	E la fonte era un uomo, un <unk>, <unk>, <unk>, <unk>, <unk>, <unk> una <unk> che aveva solo due <unk>.	E la fonte era un uomo, un uomo di africano, un uomo di cartella, rovinezza, a giocare una violina che solo due stringhe.	E la sorgente era un uomo, un uomo, afro-americano, a ruggersi, gioca violina che solo due stringhe.
And I'm telling a story that many of you know, because Steve's columns became the basis for a book, which was turned into a movie, with Robert Downey Jr. acting as Steve Lopez, and Jamie Foxx as Nathaniel Anthony Ayers, the Juilliard-trained double bassist whose promising career was cut short by a tragic affliction with paranoid schizophrenia.	Sto raccontando una storia che molti di voi conoscono,  perché gli articoli di Steve servirono da base  per la cstesura di un libro, che, in seguito, venne adattato al grande schermo,  con Robert Downey Jr che interpretava la parte di Steve Lopez,  e Jamie Foxx nella parte di Nathaniel Anthony Ayers,  il contrabbassista formatosi alla Juilliard  la cui promettente carriera fu interrotta  a causa della schizofrenia paranoide della quale era tragicamente affetto.	E sto <unk> una storia che molti di voi sanno, perché il <unk> è diventato il libro, che è <unk> in un film, con <unk> <unk> <unk> come <unk> <unk>, e <unk> <unk> come <unk> <unk> <unk>, il <unk> <unk> <unk>, il <unk> <unk> la cui carriera <unk> era <unk> da una <unk> <unk> con <unk> <unk>.	E sto raccontando una storia che molti di voi sapete, perché la colonna di Steve divenne la base per un libro, che è stato trasformato in un film, con Robert Downey Jr. Certo come Lopez, e Jamie Foxas Nathaniel Nathaniel Nathony Ayers, gli Ayers, le Juilard-trenzophi di un tragico pareccepiratico con un tragico paragico.	E sto raccontando una storia che molti di voi sapete, perché la colonna di Steve diventò il basis per un libro, che è stato trasformato in un film, con Robert Deiez, Jamie Fosea come Nathony Ayers, il giustificiel Anthony Ayers, il giuli-addescrivere la la carriera tragica di cucinare con la carriera della paranoia.
Nathaniel dropped out of Juilliard, he suffered a complete breakdown, and 30 years later he was living homeless on the streets of Skid Row in downtown Los Angeles.	Nathaniel lasciò la Juilliard, ebbe un terribile esaurimento nervoso,  e 30 anni più tardi viveva come un senza tetto  per le strade di Skid Row nel centro di Los Angeles.	<unk> <unk> da <unk>, <unk> un <unk> <unk>, e 30 anni dopo che <unk> <unk> <unk> per le strade di <unk> in <unk> <unk> <unk>.	Nathaniel Nathaniel di Juilliard, ha sofferto un completo completo, e 30 anni dopo che stava vivendo sulle strade di Skd Row in a downtown Los Angeles.	Nataniel che ha buttato fuori da Juilliard, ha sofferto un colazione completa, e 30 anni più tardi era che viveva senzatetto alle strade di Sbambino Row in downtown Los Angeles.
I encourage all of you to read Steve's book or to watch the movie to understand not only the beautiful bond that formed between these two men,	Invito tutti voi a leggere il libro di Steve oppure a guardare il film  per capire non solo il bellissimo legame  che si creò tra questi due uomini,	Ho <unk> tutti voi di leggere il libro di <unk> o di <unk> il film per capire non solo i <unk> <unk> che <unk> tra questi due uomini.	Vi incoraggiare tutti i libri di Steve, o guardare il film per capire il film per capire non solo il bellissimo che ha formato tra questi due uomini.	Vi incoraggio tutti voi a leggere il libro di Steve o di Steve o guardare il film per capire non solo il bellissimo legato tra questi due uomini.
I'm Jane McGonigal. I'm a game designer.	Mi chiamo Jane McGonigal. Sono un'autrice di videogiochi.	Sono <unk> <unk>. Sono un <unk>.	Sono Jane McGonigal. Sono un designer di gioco.	Sono Jane McGonigal. Sono un designer di gioco.
I've been making games online now for 10 years, and my goal for the next decade is to try to make it as easy to save the world in real life as it is to save the world in online games.	Realizzo giochi online da 10 anni  e il mio obbiettivo per i prossimi dieci  è di cercare di rendere facile salvare il mondo nella vita reale  quanto lo è nel mondo dei giochi online.	<unk> giochi per 10 anni, e il mio obiettivo per il prossimo <unk> è provare a <unk> il mondo della vita reale quanto per salvare il mondo nella vita reale come è di salvare il mondo nelle <unk>.	Ho realizzato i giochi adesso per 10 anni, e il mio obiettivo per il prossimo decennio è provare a salvare il mondo nella vita reale in quanto è di salvare il mondo.	Ho fatto i videogiochi online per 10 anni, e il mio obiettivo per il prossimo decennio è provare a salvare il mondo reale nella vita è salvare il mondo in online.
Now, I have a plan for this, and it entails convincing more people, including all of you, to spend more time playing bigger and better games.	Per farlo ho un piano,  e consiste nel convincere più persone,  compresi tutti voi, a passare più tempo a giocare giochi più belli e interessanti.	Ora, ho un piano per questo, e <unk> <unk> più persone, <unk> tutti voi, <unk> sempre più grandi e <unk>.	Ora, ho un piano per questo, ed è inclinazione che convincano di più persone, inclusi a tutti voi, per spendere più tempo che giocano e migliori.	Ora, ho un piano per questo, e riempire le persone, incluso di tutti voi, per spendere sempre più grandi.
Right now we spend three billion hours a week playing online games.	Al momento passiamo tre miliardi di ore alla settimana giocando online.	Ora <unk> tre miliardi di ore alla settimana online.	Adesso spendiamo tre miliardi di ore alla settimana giocare i giochi.	Ora spendiamo tre miliardi di ore una settimana che gioca videogiochi online.
Some of you might be thinking, "That's a lot of time to spend playing games.	Alcuni di voi potrebbero pensare,  "É un bel po' di tempo passato a giocare."	Alcuni di voi potrebbero pensare: "E 'un sacco di tempo di <unk> a giocare.	Alcuni di voi potrebbero pensare: "E 'molto tempo di giocare giochi.	Alcuni di voi potrebbero pensare: "E 'molto tempo di spendere giochi.
Maybe too much time, considering how many urgent problems we have to solve in the real world."	magari troppo tempo, considerando  quanti problemi urgenti dobbiamo risolvere nel mondo reale.	Forse troppo tempo, <unk> quanti problemi <unk> che dobbiamo risolvere nel mondo reale. "	Forse troppo tempo, considerando quanti problemi urgenti dobbiamo risolvere nel mondo reale. "	Magari troppo tempo, considerando quanti problemi urgenti che dobbiamo risolvere nel mondo reale. "
But actually, according to my research at the Institute for the Future, actually the opposite is true.	In realtà, secondo le mie ricerche, presso l'Istituto per il Futuro,  in realtà è vero il contrario.	Ma in realtà, <unk> alla mia ricerca all' <unk> <unk>, in realtà l' <unk> <unk> è vero.	Ma in realtà, secondo la mia ricerca all'Institute per la Futura, l'opposta è vero.	Ma in realtà, secondo le mie ricerche all'Institute per la Future, in realtà l'opposto è vero.
Three billion hours a week is not nearly enough game play to solve the world's most urgent problems.	Tre miliardi di ore alla settimana non sono minimamente  sufficienti a risolvere i problemi più urgenti del mondo.	<unk> miliardi di ore alla settimana non è quasi abbastanza gioco per risolvere il problema del mondo.	Tre miliardi di ore una settimana non è abbastanza giocare per risolvere i problemi più urgenti del mondo.	Tre miliardi di ore la settimana non è abbastanza gioco per risolvere il gioco per risolvere i problemi più urgenti del mondo.
In fact, I believe that if we want to survive the next century on this planet, we need to increase that total dramatically.	Infatti io credo che se vogliamo sopravvivere  il prossimo secolo su questo pianeta  dobbiamo aumentare notevolmente quella cifra.	In effetti, credo che se vogliamo sopravvivere il prossimo secolo, dobbiamo <unk> quell' <unk> totale.	Infatti, credo che se vogliamo sopravvivere il prossimo secolo su questo pianeta, dobbiamo aumentare quel dramaticamente totale.	Infatti, credo che se vogliamo sopravvivere il prossimo secolo su questo pianeta abbiamo bisogno di aumentare il prossimo secolo, dobbiamo aumentare di quel totale.
I've calculated the total we need at 21 billion hours of game play every week.	Ho calcolato che il totale di cui abbiamo bisogno  è di 21 miliardi di ore di gioco ogni settimana.	Ho <unk> il totale di cui abbiamo <unk> a <unk> miliardi di ore di gioco ogni settimana.	Ho calcolato il totale che abbiamo bisogno di 21 miliardi di ore giocare ogni settimana.	Ho calcolato il totale di 21 miliardi di ore di gioco ogni settimana.
So, that's probably a bit of a counter-intuitive idea, so I'll say it again, let it sink in:	Probabilmente è un'idea un attimino controintuitiva,  quindi la ripeto, per rinforzare il concetto.	Quindi, questo è un po 'di un'idea <unk>, quindi <unk>.	Quindi, questa è probabilmente un po 'di controintuitiva, quindi lo dico di nuovo.	Quindi, questo è probabilmente un po 'di un'idea contro-intuitiva.
If we want to solve problems like hunger, poverty, climate change, global conflict, obesity, I believe that we need to aspire to play games online for at least 21 billion hours a week, by the end of the next decade.  No. I'm serious. I am.	Se vogliamo risolvere problemi quali la fame,  la povertà, i cambiamenti climatici, i conflitti globali, l'obesità,  io credo che dobbiamo avere l'ambizione di giocare online,  per almeno 21 miliardi di ore alla settima,  per la fine del prossimo decennio.   No, sono seria, davvero.	Se vogliamo risolvere i problemi come <unk>, la povertà, il cambiamento climatico globale, i <unk> <unk>, credo che abbiamo bisogno di <unk> di giocare per meno giochi per meno <unk> miliardi di ore alla settimana, dalla fine del prossimo <unk>. No. Sono <unk>.	Se vogliamo risolvere problemi come cacciare, la povertà, il cambiamento globale, conflitto globale, l'obesità, io credo che dobbiamo aspirare i giochi per almeno 21 miliardi di settimana per almeno 21 miliardi di settimana, e non sono serie. Sono serie. Sono serie.	Se vogliamo risolvere problemi come la fame, povertà, il cambiamento climatico, conflitto globale, obesità, credo che abbiamo bisogno di aspirare giochi online per almeno 21 miliardi di ore una settimana, alla fine del prossimo decennio. No. Sono serio.
Here's why. This picture pretty much sums up why I think games are so essential to the future survival of the human species.  Truly.	Ecco il perché. Questa immagine  riassume perché penso che giocare sia così importante  per la sopravvivenza della specie umana.  Davvero.	Ecco perché. Questa foto è piuttosto <unk> perché penso che giochi siano così <unk> al futuro della specie umana.	Ecco perché. Questa foto molto sumi per cui penso che i giochi sono così essenziali per il futuro della specie umana.	Questo è il motivo. Questa foto praticamente perché credo che i videogiochi sono così essenziali per il futuro della specie umana.
This is a portrait by photographer Phil Toledano. He wanted to capture the emotion of gaming,	Questo è un ritratto del fotografo Phil Toldano,  voleva catturare l'emozione del gioco.	Questa è una <unk> di <unk> <unk> <unk>. <unk> <unk> <unk>.	Questo è un ritratto di fotografil Phil Toledano, voleva captare l'emozione di gamenti.	Questa è una caratteristica del suo Phil Toledano. Voleva catturare le emozioni di giochi.
so he set up a camera in front of gamers while they were playing.	Quindi ha fotografato dei giocatori mentre giocavano.	Così <unk> una <unk> davanti a <unk> mentre <unk>.	Quindi ha messo in una telecamera di fronte mentre stavano giocando.	Quindi ha creato una telecamera davanti ai giochi di fronte.
And this is a classic gaming emotion.	E questa è una classica emozione di gioco.	E questo è un <unk> <unk> <unk>.	E questo è un classico emozionante.	E questa è un'emozione classica.
Now, if you're not a gamer, you might miss some of the nuance in this photo.	Se non siete giocatori abituali  è possibile che vi perdiate alcune delle sfumature di questa foto.	Ora, se non sei un <unk>, <unk> <unk> alcuni dei <unk> in questo <unk>.	Ora, se non sei un giochi, potreste mancare alcune delle nuove foto.	Ora, se non sei un videogiochi, potrebbe perdere un po 'della nuzione in questa foto.
You probably see the sense of urgency, a little bit of fear, but intense concentration, deep, deep focus on tackling a really difficult problem.	Probabilmente potete notare il senso di urgenza,  un po' di paura, ma anche un'intensa concentrazione,  un'attenzione molto profonda nell'affrontare un problema davvero difficile.	Probabilmente vedrete il senso di <unk>, un po 'di paura, ma <unk>, <unk>, <unk>, <unk>, <unk>, <unk>, molto difficile <unk>.	Probabilmente vedete il senso di urgenza, un po 'di paura, ma intensa concentrazione, profondo, profondo, profondo, al profondo di un problema molto difficile.	Probabilmente vedete il senso di urgenza, un po 'di paura, ma una concentrazione profonda, concentrazione profonda un problema davvero difficile.
If you are a gamer, you will notice a few nuances here: the crinkle of the eyes up, and around the mouth is a sign of optimism,	Se siete giocatori abituali, noterete  alcuni dettagli, le pieghe intorno agli occhi, e intorno alla bocca  sono un segno di ottimismo.	Se siete un <unk>, <unk> alcuni <unk> qui: il <unk> degli occhi, e la bocca è un <unk> di <unk>.	Se siete un giochi, noterete alcune nutrirono qui: il crinio degli occhi, e intorno alla bocca è un segno di ottimismo.	Se siete dei videogiochi, noterete qui: il crinkle degli occhi, e intorno alla bocca è un segno di ottimismo.
and the eyebrows up is surprise.	E le sopracciglia inarcate mostrano sorpresa.	E il <unk> è <unk>.	E gli occhi sono sorpresa.	E l'occidentale è sorpresa.
This is a gamer who's on the verge of something called an "epic win."	Questo è un giocatore abituale a un passo da una cosa chiamata una "Vittoria Epica".	Questo è un <unk> che è sulla <unk> di qualcosa chiamato <unk> <unk>.	Questo è un gioco che è sul verge di qualcosa chiamato "epiico".	Questo è un gioco che si trova sul verge di qualcosa che si chiama "epidemie".
Oh, you've heard of that.	Ah, è un termine che avete già sentito. Ok. Bene.	Oh, ne avete sentito parlare.	Oh, avete sentito parlare di questo.	Oh, avete sentito parlare.
OK, good, so we have some gamers among us.	Abbiamo quindi dei giocatori abituali tra di noi.	Ok, bene, abbiamo dei <unk> tra noi.	Ok, bene, quindi abbiamo alcuni giochi.	Ok, bene, quindi abbiamo dei giochi tra noi.
An epic win is an outcome that is so extraordinarily positive, you had no idea it was even possible until you achieved it.	Una vittoria epica è un risultato così straordinariamente positivo  che non ti sembra possibile fino a quando non lo ottieni.	Un <unk> <unk> è un <unk> che è così <unk> <unk> <unk>, non hai idea <unk> finché non lo <unk>.	Un vento epiico è un risultato che è così straordinariamente positivo, non avevate che fosse possibile finché non lo avevi.	Una vincentiva è un risultato che è così straordinariamente positivo che non c'era idea che fosse ancora possibile finché non si raggiunge.
It was almost beyond the threshold of imagination, and when you get there, you're shocked to discover what you're truly capable of. That's an epic win.	E' quasi oltre la soglia dell'immaginazione, e quando ci arrivi è uno shock  scoprire ciò di cui sei veramente capace. Questa è una vittoria epica.	Era quasi oltre l' <unk> dell'immaginazione, e quando ci si <unk>, si <unk> di scoprire ciò che in realtà è davvero <unk>. Questo è un <unk> <unk>.	Era quasi oltre la soglia dell'immaginazione, e quando si arriva lì, sei scioccato a scoprire quello che siete davvero capaci. Questo è un vinto epiche.	Fu quasi oltre la soglia dell'immaginazione, e quando ci si ottiene, si sconvolge di scoprire cosa siete davvero capaci. E 'un vincente.
This is a gamer on the verge of an epic win.	Questo giocatore è a un passo da una vittoria epica.	Questo è un <unk> sulla <unk> di un <unk> <unk>.	Questo è un giocatore sul verge di un vinto epiche.	Questo è un gioco sul verge di un episodio.
And this is the face that we need to see on millions of problem-solvers all over the world as we try to tackle the obstacles of the next century -- the face of someone who, against all odds, is on the verge of an epic win.	E questa è l'espressione che abbiamo bisogno di vedere  sul viso di milioni di risolutori di problemi nel mondo  mentre affrontiamo gli ostacoli dei prossimi cento anni.©  L'espressione di qualcuno che, contro tutte le aspettative,  è a un passo da una vittoria epica.	E questo è il <unk> che abbiamo bisogno di vedere da milioni di <unk> in tutto il mondo come <unk> di <unk> il prossimo secolo -- la faccia di qualcuno che, contro tutti <unk>, è sulla <unk> di un <unk>.	E questa è la faccia che dobbiamo vedere su milioni di problemi di solito in tutto il mondo mentre cerchiamo di risolvere gli ostacoli del prossimo secolo -- la faccia di qualcuno che, contro tutti, contro tutti, è sulla verge di un vincere epiche.	E questa è la faccia che abbiamo bisogno di vedere, milioni di soli veri soli in tutto il mondo mentre cerchiamo di affrontare l'ostacoli del prossimo secolo -- la faccia di qualcuno che, contro tutte le probabilità, è sul verificare l'ostacolo del prossimo secolo.
Now, unfortunately this is more of the face that we see in everyday life now as we try to tackle urgent problems.	Sfortunatamente questa è l'espressione che vediamo  nella vita di tutti i giorni mentre tentiamo di affrontare dei problemi urgenti.	Ora, <unk> questo è di più il <unk> che vediamo nella vita <unk> ora come <unk> di <unk> problemi.	Ora, sfortunatamente questo è più della faccia che vediamo nella vita di tutti i giorni in cui proviamo a risolvere i problemi urgenti.	Ora, sfortunatamente questo è più della faccia che vediamo nella vita quotidiana che vediamo nella vita quotidiana.
This is what I call the "I'm Not Good At Life" face. This is actually me making it. Can you see? Yes. Good.	Questa è l'espressione che chiamo "Non Sono Brava Nella Realtà"  E sono io a farla. La vedete? Si. Bene.	Questo è quello che chiamo il "Io non sono mai <unk> in faccia. <unk> <unk>? Sì.	Questo è quello che chiamo il "faccio" Notere Afe ". Questo è in effetti lo vedete? Sì? Sì. Bene.	Questo e 'quello che chiamo "Non sono Good alla vita". Questo mi sta effettivamente facendo. Puoi vedere? Sì.
This is me making the "I'm Not Good At Life" face.	Sono io con l'espressione "Non Sono Brava Nella Realtà".	Questo sono io che io non sono <unk> in faccia.	Questo è quello che rendendendo il "faccio".	Questo mi sta facendo il "volto" Non sono Good ".
This is a piece of graffiti in my old neighborhood in Berkeley, California, where I did my PhD on why we're better in games than we are in real life.	Questo è un graffito nel mio vecchio quartiere  di Berkeley, in California, dove ho fatto il PhD  sul perché siamo più bravi nel gioco che nella vita reale.	Questo è un pezzo di <unk> nel mio vecchio quartiere in <unk>, in California, dove ho fatto i miei <unk> sul perché siamo nei giochi <unk> di quanto siamo nella vita reale.	Questo è un pezzo di graffiti nel mio vecchio vicino a Berkeley, in California, dove siamo meglio in giochi di quello che siamo in vita reale.	Questo è un pezzo di graffiti nel mio quartiere a Berkeley, in California, dove ho fatto il mio PhD su perché siamo nella vita reale.
And this is a problem that a lot of gamers have. We feel that we are not as good in reality as we are in games.	E questo è un problema di molti giocatori abituali:  sentiamo che nella realtà non siamo bravi quanto nei giochi.	E questo è un problema che molti <unk> hanno. <unk> che non siamo <unk> bene in realtà come siamo nei giochi.	E questo è un problema che molti giochi abbiamo. Siamo che non siamo bene in realtà come siamo in giochi.	E questo è un problema che molti giochi. Ci sentiamo che non siamo buoni nella realtà di giochi.
I don't mean just good as in successful, although that's part of it. We do achieve more in game worlds.	E non intendo "bravi" semplicemente come "di successo", anche se il successo ne è parte:  otteniamo più risultati nei mondi online.	Non voglio dire solo <unk> di successo, anche se questo è parte. Noi <unk> di più nel gioco <unk>.	Non intendo solo buono nel successo, anche se questo è parte. Possiamo in mondi di più in mondi di mondi.	Non intendo solo bene come nel successo, nonostante questa è parte. Noi abbiamo raggiunto più nei mondi gioco.
But I also mean good as in motivated to do something that matters -- inspired to collaborate and to cooperate.	Ma intendo anche "bravi" nel senso di motivati a fare qualcosa di importante,  ispirati a collaborare e a cooperare.	Ma voglio dire anche <unk> in <unk> a fare qualcosa che <unk> -- <unk> a <unk> e a <unk>.	Ma intendo anche un buon motivato a fare qualcosa che conta -- ispirò a collaborare e per cooperare.	Ma intendo anche bene come la motivazione per fare qualcosa che conta -- ispirato a collaborare e di cooperare.
And when we're in game worlds, I believe that many of us become the best version of ourselves -- the most likely to help at a moment's notice, the most likely to stick with a problem as long at it takes, to get up after failure and try again.	E quando siamo in un mondo online  io credo che molti di noi diventano  le versioni migliori di se stessi, le versioni più capaci di aiutare senza preavviso,  più capaci di concentrarsi su un problema  per tutto il tempo necessario, di rialzarsi dopo un fallimento e provare nuovamente.	E quando siamo in <unk> <unk>, io credo che molti di noi diventano la più <unk> di noi stessi -- che molti di noi <unk> la maggior parte di noi stessi, <unk> di nuovo a <unk> con un problema quanto tempo per <unk>, <unk>, e <unk> di nuovo.	E quando siamo in mondi di gioco, credo che molti di noi diventano la versione migliore di noi stessi, la più probabilità di aiutare a una nota, la più probabilità di aiutare ad un problema, la più probabilità di raccogliere il fallimento e provare ancora.	E quando ci troviamo in mondi gioco, credo che molti di noi diventano la versione migliore di noi stessi -- la più probabile che aiutano a un momento, la più probabile che ci ci vuole, per salire dopo aver fallito.
And in real life, when we face failure, when we confront obstacles, we often don't feel that way. We feel overcome, we feel overwhelmed, we feel anxious, maybe depressed, frustrated or cynical.	E nella vita reale, quando affrontiamo un fallimento,  quando affrontiamo un ostacolo, spesso non ci sentiamo così:  ci sentiamo sopraffatti,  ci sentiamo ansiosi, magari depressi, frustrati o cinici.	E nella vita reale, quando <unk> il <unk>, quando <unk> <unk>, non <unk> così. <unk>, ci <unk>, ci <unk>, <unk>, o <unk>.	Nella vita reale, quando confrontiamo ostacoli, quando confrontiamo ostacoli, ci sentusiosi, ci sentusiosi, sentusiosi, forse depresso, frustrata o cynico.	E nella vita reale, quando abbiamo fallito, quando confrontiamo degli ostacoli, spesso non ci sentiamo così. Ci sentiamo superiamo, sentiamo soprattutto, ci sentiamo soprattutto, si sente ansioso, forse depresso, frustrato o cinico.
We never have those feelings when we're playing games, they just don't exist in games.	Non proviamo mai questi sentimenti mentre giochiamo,  semplicemente non esistono in un gioco.	Non abbiamo mai questi <unk> quando <unk>, non <unk> in giochi.	Non abbiamo mai questi sentimenti quando stiamo giocando giochi, non esistono in giochi.	Non abbiamo mai quei sentimenti quando stiamo giocando giochi, non esistono in giochi.
So that's what I wanted to study when I was a graduate student.	Quindi questo è ciò che ho voluto studiare all'università.	Ecco cosa volevo studiare quando ero uno studente <unk>.	Quindi questo è quello che volevo studiare quando ero studente.	Questo è ciò che volevo studiare quando ero un laureato.
What about games makes it impossible to feel that we can't achieve everything?	Cos'è che in un gioco ci impedisce  di sentire che non possiamo ottenere qualsiasi risultato?	Che dire dei giochi <unk> <unk> che non possiamo ottenere tutto ciò che non possiamo ottenere?	E i giochi ci rende impossibile che non possiamo raggiungere tutto?	Che i videogiochi lo crea che non possiamo ottenere tutto?
How can we take those feelings from games and apply them to real-world work?	Come possiamo trasportare quei sentimenti dai giochi  e applicarli al mondo reale?	Come possiamo prendere questi <unk> dai giochi e <unk> a <unk>?	Come possiamo prendere questi sentimenti dai giochi e si applicano al mondo?	Come possiamo prendere questi sentimenti da giochi e applicarli al mondo reale?
So I looked at games like World of Warcraft, which is really the ideal collaborative problem-solving environment.	Ho studiato quindi dei giochi come World of Warcraft,  che è veramente l'ambiente ideale per risolvere problemi in maniera collaborativa.	Così ho <unk> a giochi come <unk> di <unk>, che è davvero l'ambiente <unk> <unk>.	Quindi ho guardato i giochi come il World of Warcraft, che è davvero l'ambiente di collaborativo.	Quindi ho guardato i videogiochi come Mondiale di Warcraft, che è davvero l'ambiente collaborativo di un ambiente di risolvere.
And I started to notice a few things that make epic wins so possible in online worlds.	E ho cominciato a notare alcune cose  che rendono le vittorie epiche così possibili nei mondi online.	E ho iniziato a notare alcune cose che fanno <unk> <unk> <unk> in modo che <unk> <unk> in rete.	E ho iniziato a notare alcune cose che fanno vincere epiche in mondi online.	E cominciai a notare alcune cose che rendono le vince così possibili in mondi online.
The first thing is whenever you show up in one of these online games, especially in World of Warcraft, there are lots and lots of different characters who are willing to trust you with a world-saving mission, right away.	La prima è che, quando appari in uno di questi giochi online,  specialmente in World of Warcraft,  ci sono tantissimi personaggi diversi  che si fidano al punto tale da affidarti una missione per salvare il mondo. Fin da subito.	La prima cosa è <unk> che <unk> in uno di questi giochi online, specialmente nel <unk> di <unk>, ci sono molti personaggi che <unk> a <unk> con la missione <unk>, giusto.	La prima cosa è quello che si mostrano in una di questi giochi online, specialmente in World del World di Warcraft, ci sono tantissimi e molti personaggi diversi che stanno parlando con una missione mondiale, proprio.	La prima cosa è ovunque che vi mostri in uno di questi giochi online, specialmente nel Mondiale di Warcraft, ci sono molti personaggi diversi che stanno disperdendo di fiducia con una missione di risparmidamente.
But not just any mission, it's a mission that is perfectly matched with your current level in the game.	Ma non una missione qualsiasi: una missione perfettamente adeguata  al tuo attuale livello nel gioco. Giusto?	Ma non solo qualsiasi missione, è una missione che è perfettamente <unk> con il livello attuale.	Ma non solo una missione, è una missione che è perfettamente matto con il vostro livello attuale.	Ma non solo una missione, è una missione che è perfettamente importante con il vostro livello di corrente nel gioco.
Right? So you can do it.	Così la puoi completare.	Giusto? Potete farlo.	Giusto? Potete farlo.	Giusto? Potete farlo.
They never give you a challenge you can't achieve.	Non ti danno mai un sfida impossibile.	Non ti <unk> mai una sfida.	Non ti danno mai una sfida che non si può raggiungere.	Non danno mai una sfida che non si può ottenere.
But it is on the verge of what you're capable of, so you have to try hard.	Ma è al limite delle tue capacità. Quindi devi provarci seriamente.	Ma è sulla <unk> di ciò che siete capaci, quindi dovete provare a <unk>.	Ma è sul verge di ciò che siete capaci, quindi dovete provare.	Ma è il verge di quello che siete capaci, quindi devi provare.
But there's no unemployment in World of Warcraft; no sitting around, wringing your hands -- there's always something specific and important to be done.	Ma non c'è disoccupazione in World of Warcraft,  non si passa il tempo a girarsi i pollici,  c'è sempre qualcosa di specifico e importante da fare.	Ma non c'è <unk> nel <unk> del <unk>, niente <unk> le mani -- c'è sempre qualcosa di <unk> e importante per essere fatto.	Ma non c'è nessun impianto in Mondo di Warcraft; non seduto intorno, scrivere le tue mani -- c'è sempre qualcosa di specifico e importante.	Ma non c'è alcun impiego nel World of Warcraft; niente si siede le mani -- c'è sempre qualcosa di specifico e importante essere fatto.
There are also tons of collaborators.	E ci sono anche moltissimi collaboratori.	Ci sono anche <unk> di <unk>.	Ci sono anche tonnellate di collaboratori.	Ci sono anche tonni di collaboratori.
Everywhere you go, hundreds of thousands of people ready to work with you to achieve your epic mission.	Ovunque vai, centinaia di migliaia di persone,  pronte a unirsi a te per completare la tua missione epica.	<unk> <unk>, centinaia di migliaia di persone <unk> a lavorare con voi per ottenere la tua missione.	Tutti dove vai, centinaia di migliaia di persone pronti a lavorare con voi di ottenere la vostra missione epiica.	Da dove andate, centinaia di migliaia di persone pronti a lavorare con voi per ottenere la vostra missione epiliva.
That's not something we have in real life that easily, this sense that at our fingertips are tons of collaborators.	Non è una cosa così comune nella vita reale,  questa sensazione che a nostra disposizione ci sono tantissimi collaboratori.	Non è qualcosa che abbiamo in vita reale, questo senso che nelle nostre <unk> sono <unk> di <unk>.	Non è qualcosa che abbiamo nella vita reale che facilmente, questo senso che alle nostre dita sono tonnellate di collaboratori.	Non è qualcosa che abbiamo nella vita reale, questo senso che alle nostre dita sono toni di collaboratori.
And there's this epic story, this inspiring story of why we're there, and what we're doing,	E c'è anche questa narrativa epica, questa narrativa che ispira,  sul perché siamo lì, e cosa stiamo facendo.	E c'è questa storia <unk>, questa storia <unk> del perché ci siamo, e cosa stiamo facendo.	E c'è questa storia epiica, questa storia ispirazione del perché ci siamo, e quello che facciamo.	E c'è questa storia, questa storia di ispirazione del perché ci sono lì, e quello che stiamo facendo.
and we get all this positive feedback.	E poi riceviamo tutto questo feedback positivo...	E <unk> tutti questi <unk> <unk>.	E ottiamo tutti questi metri positivi.	E prendiamo tutta questa caratteristica positiva.
You guys have heard of leveling up, +1 strength, +1 intelligence.	avete sentito parlare di aumentare di livello e +1 di forza, e +1 in intelligenza.	Avete sentito parlare di <unk>, <unk> <unk> <unk>, <unk> <unk>, intelligenza <unk>.	Vi ragazzi hanno sentito parlare di livello, la forza di lunghezza, sottopostante.	Avete sentito parlare di lilivelli, ma intelligenza, ma intelligenza, e intelligenza.
We don't get that kind of constant feedback in real life.	Non riceviamo quel tipo di feedback costante nella vita reale.	Non <unk> questo tipo di <unk> <unk> nella vita reale.	Non ottiamo questo tipo di costantemente nella vita reale.	Non ci mettiamo di quel tipo di vita reale.
When I get off this stage, I'm not going to have +1 speaking, and +1 crazy idea, +20 crazy idea.	Quando lascio questo palco non avrò  +1 in parlare di fronte a un pubblico, e +1 in idee bizzarre  .	Quando <unk> dal palco, non <unk> <unk> <unk>, e <unk> <unk>, <unk> <unk>, <unk> <unk>, 20 <unk> idea <unk>.	Quando ho scritto da questo palco, non sto parlando, e '1 settembre, sotto il 20 idea di razza.	Quando scoltano questo palco, non avrò più o meno.
I don't get that feedback in real life.	Non ricevo quel tipo di feedback nella vita reale.	Non <unk> che <unk> nella vita reale.	Non lo sguardo nella vita reale.	Non mi ritrovo la vita reale.
Now, the problem with collaborative online environments like World of Warcraft is that it's so satisfying to be on the verge of an epic win all the time, we decide to spend all our time in these game worlds.	Ora, il problema degli ambienti collaborativi online come World of Warcraft  è che dà così tanta soddisfazione essere ad un passo da una vittoria epica tutti i momenti,  che decidiamo di passare tutto il nostro tempo in questi mondi di gioco.	Il problema di <unk> <unk> online come <unk> di <unk> è che è così <unk> di essere sulla <unk> di un <unk> <unk> tutto il tempo, <unk> di <unk> tutto il tempo, in queste <unk> <unk>.	Ora, il problema del World di collaborazione online come il Mondo di Warcraft è così soddisfazione di essere sul verge di un vincere epiico di ogni volta che abbiamo deciso di spendere tutte le nostre volte in queste parole gioco.	Ora, il problema con gli ambienti collaborativi online come Mondiale di Warcraft è che è così sosoddisfare per essere sul verdallo stesso tempo, decidiamo di spendere tutto il nostro tempo nel gioco.
It's just better than reality.	Semplicemente è meglio della realtà.	E 'solo meglio della realtà.	E 'semplicemente migliore della realtà.	E 'solo meglio della realtà.
So, so far, collectively all the World of Warcraft gamers have spent 5.93 million years solving the virtual problems of Azeroth.	E' per questo che, finora, collettivamente tutti i giocatori di World of Warcraft  hanno passato 5.93 milioni di anni  a risolvere i problemi virtuali di Azeroth.	Quindi, <unk>, <unk> tutti i <unk> <unk> del <unk> hanno <unk> <unk> milioni di anni <unk> i problemi <unk> di <unk>.	Allora, collettivamente tutti i World delle Warcraft hanno speso 5,93 milioni di anni risolvere i problemi virtuali di Azeroth.	Quindi, così ora, collettivamente tutti i World dei giochi di Warcraft hanno speso 5.93 milioni di anni, risolvere i problemi virtuali di Azeroth.
Now, that's not necessarily a bad thing.	Questa non è necessariamente una cosa negativa.	Ora, non è <unk> <unk>.	Ora, non è necessariamente una cosa cattiva.	Non è necessariamente una cosa cattiva.
It might sound like it's a bad thing. But to put that in context: 5.93 million years ago was when our earliest primate human ancestors stood up.	Ma mettiamola in prospettiva:  5.93 milioni di anni fa  fu il periodo in cui uno dei nostri antenati si alzò in piedi.	Potrebbe <unk> che sia una cosa <unk>. Ma per mettere in quel contesto: <unk> milioni di anni fa, quando i nostri <unk> <unk> <unk>.	Potrebbe sembrare una cosa cattiva. Ma per metterlo nel contesto: 5,93 milioni di anni fa è stato quando i nostri antenati più primati umani.	Potrebbe sembrare una cosa cattiva. Ma per metterlo in contesto: 5,5,93 milioni di anni fa era quando i primari.
That was the first upright primate.	Quello era il primo primate a camminare eretto.	Era il primo <unk> <unk>.	Questo era il primo prezzo.	Questo era il primo primato.
So when we talk about how much time we're currently investing in playing games, the only way it makes sense to even think about it is to talk about time at the magnitude of human evolution, which is an extraordinary thing. But it's also apt, because it turns out that by spending all this time playing games, we're actually changing what we are capable of as human beings. We're evolving to be a more collaborative and hearty species.	Ok, quindi quando parliamo di quanto tempo stiamo investendo  nel giocare, l'unica maniera sensata  anche solo di pensarci, è di parlare di tempi  pari all'evoluzione umana,  che di per sè è una cosa straordinaria,  ma anche utile, perché abbiamo scoperto  che passando tutto questo tempo a giocare,  stiamo cambiando ciò di cui siamo capaci come essere umani,  ci stiamo evolvendo a collaborare di più e ad avere più cuore.	Quindi, quando parliamo di quanto tempo stiamo <unk> <unk> in giochi, l'unico modo di pensare che è parlare del tempo alla <unk> dell' <unk> dell'evoluzione umana, che è una cosa straordinaria. Ma è anche <unk>, perché <unk> che <unk> tutto ciò che <unk> tutto questo tempo è in realtà <unk> quello che siamo capaci di essere una specie di <unk> e <unk>.	Quindi, quando parliamo di quanto tempo investimamente in giocare i giochi, l'unico modo in cui ci rende il senso di parlare di tempo alla magnitudine dell'evoluzione umana, che è una cosa straordinaria. Ma è anche una cosa straordinaria, perchè è scoprendo che il tempo giocare a giocare i giochi, stiamo cambiando quello che siamo capaci di come esseri umani. Stiamo evolvere di essere più collaborativa e cuore.	Quando parliamo di quanto tempo stiamo investendo a giocare a giochi, l'unico modo di pensare che è parlare di tempo in cui si occupa di tempo al magnitudine dell'evoluzione umana, che è una cosa straordinaria. Ma è una cosa straordinaria. Ma è anche che è venuto fuori che passa tutti i giochi, stiamo cambiando ciò che stiamo cambiando in realtà ciò che stiamo cambiando è in grado di essere una specie collaborativa e cuori.
This is true. I believe this.	Questo è vero, io ci credo.	Questo è vero. Credo che questo.	Questo è vero. Credo.	Questo è vero. Io credo.
So, consider this really interesting statistic;	Considerate dunque questa interessante statistica.	<unk> questo interessante <unk>.	Quindi, considerate questo questo è molto interessante.	Guardate questa statistica molto interessante.
it was recently published by a researcher at Carnegie Mellon University:	E' stata pubblicata recentemente da un ricercatore all'università Carnagie Mellon.	<unk> è stato <unk> da un <unk> alla <unk> <unk> <unk>.	Era recentemente pubblicato da un ricercatore di Carnegie Mellon Università.	È stato pubblicato da un ricercatore alla Carnegie Mellon.
The average young person today in a country with a strong gamer culture will have spent 10,000 hours playing online games by the age of 21.	Il tipico giovane medio oggi giorno in un paese con una forte cultura di giocatori abituali,  avrà passato 10.000 ore giocando online,  all'età di 21 anni.	La persona media di oggi in un paese con una forte forte <unk> avrà <unk> ore a giocare a giochi per <unk> dai <unk> anni di <unk>.	La giovane persona oggi in una nazione di forte con una cultura di gamenti che avrà trascorso 10.000 ore di giocare online dall'età di 21.	La persona giovane di un paese con una cultura di giochi forte avrà speso di 10.000 ore ore a giocare online dal 21.
Now 10,000 hours is a really interesting number for two reasons.	10.000 ore è un numero decisamente interessante per due ragioni.	<unk> ore è un numero davvero interessante per due ragioni.	Ora 10.000 ore è un numero molto interessante per due ragioni.	Ora 10.000 ore è un numero molto interessante per due ragioni.
First of all, for children in the United States, 10,080 hours is the exact amount of time you will spend in school, from fifth grade to high school graduation, if you have perfect attendance.	Prima di tutto, per i bambini negli Stati Uniti  10.080 ore è l'esatto numero di ore che passi a scuola  dalla quinta elementare fino alla maturità  se sei presente tutti i giorni.	Prima di tutto, per i bambini negli Stati Uniti, <unk> ore è la <unk> di tempo che <unk> a scuola, da <unk> <unk> a scuola, da <unk> a scuola, se hai un <unk> <unk>.	Prima di tutto, per i bambini negli Stati Uniti, 10.80 ore è l'esatto ammontato di tempo che spenderete in scuola, dal quinto graduzione a scuola, se hai perfetti.	Prima di tutto, per i bambini negli Stati Uniti, 10.080 ore è l'esatto di tempo che passerete a scuola, dalla quinta è la scuola superiore, se si ha perfetta.
So, we have an entire parallel track of education going on, where young people are learning as much about what it takes to be a good gamer as they're learning about everything else in school.	Abbiamo dunque un'intero  percorso di educazione parallelo  nel quale i giovani imparano come essere dei bravi giocatori♪  pari al tempo a scuola nel quale imparano tutto il resto.	Quindi, abbiamo un intero <unk> <unk> dell'educazione, dove i giovani stanno <unk> quanto a quello che ci vogliono per essere un buon <unk> come stanno <unk> su tutto il resto nella scuola.	Quindi, abbiamo un intero parallelo di istruzione, dove i giovani la gente impara quanto riguarda quello che ci vuole essere un buon giochi come si imparano a riguardo.	Quindi, abbiamo un intera parallelo dell'educazione, dove i giovani imparano a quello che i giovani imparano a quello che ci vuole essere un buon lavoro che stanno imparando a ogni altra parte della scuola.
Some of you have probably read Malcolm Gladwell's new book "Outliers,"	E alcuni di voi avranno probabilmente letto il nuovo di libro di Malcolm Gladwell, "Fuoriclasse".	Alcuni di voi probabilmente hanno letto il nuovo libro "<unk>".	Alcuni di voi avranno probabilmente leggi di Malcolm Gladwell "Outliers".	Alcuni di voi probabilmente avete letto Malcolm Gladwell del nuovo libro "Outliers".
so you would have heard of his theory of success, the "10,000 hours" theory of success.	Se lo avete fatto avrete letto della sua teoria del successo,  la teoria delle 10.000 ore per il successo.	<unk> avere sentito parlare della sua teoria del successo, la <unk> di successo.	Quindi avreste sentito della sua teoria del successo, la "10.000 ore della teoria del successo.	Quindi avreste sentito della sua teoria del successo, i 10.000 ore "teoria del successo.
It's based on this great cognitive-science research that says if we can master 10,000 hours of effortful study at anything by the age of 21, we will be virtuosos at it.	E' fondata su un'ottima ricerca nel campo della cognizione,  che afferma che se dedichiamo 10.000 ore  di studio fruttuoso a una qualsiasi cosa  all'età di 21 anni saremo dei geni in quel campo.	E '<unk> su questa <unk> di ricerca <unk> che se possiamo <unk> <unk> ore di studio a qualsiasi cosa dall'età di <unk>, <unk> <unk>.	E 'basato su questo grande cognitivo cognitivo che dice se riusciamo a mancare 10.000 ore di studiare qualsiasi cosa dall'età di 21, saremo virtuosi.	E 'basato su questa grande ricerca cognata che dice se possiamo master di studiare 10.000 ore di studio a qualsiasi altra età di 21, saremo virtuosamente.
We will be as good at whatever we do as the greatest people in the world.	Saremo bravi in quel qualcosa  tanto quanto le migliori persone al mondo.	<unk> <unk> a quello che facciamo come le persone più grandi del mondo.	Saremo come bene a qualsiasi cosa facciamo come le persone più grandi del mondo.	Saremo bravi a quello che facciamo come le persone più grandi nel mondo.
And so, now what we're looking at is an entire generation of young people who are virtuoso gamers.	Quindi, ciò che abbiamo adesso a disposizione  è un'intera generazione di giovani che sono dei geni del gioco.	E quindi, ora quello che stiamo guardando è un'intera generazione di giovani che sono <unk> <unk>.	E ora, quello che vediamo è un'intera generazione di giovani che sono i giovani.	E quindi, ora quello che stiamo osservando è un'intera generazione di persone che sono dei giochi viri giochi.
So, the big question is, "What exactly are gamers getting so good at?"	Dunque, la domanda è:  "Esattamente, in cosa diventano bravi questi giocatori?"	Quindi, la grande domanda è: "Che cosa sta diventando così <unk>?"	Quindi, la grande domanda è: "Che cosa sono esattamente bene?"	Quindi, la grande domanda è: "Che cosa sono i videogiochi?"
Because if we could figure that out, we would have a virtually unprecedented human resource on our hands.	perché se potessimo capire di cosa si tratta  avremmo a disposizione una quantità di risorse umane senza precedenti.	Perché se <unk> capire che, avremmo avuto un <unk> di <unk> umano nelle nostre mani.	Perché se potessimo capirlo, avremmo un virtualmente non precedente umano nelle nostre mani.	Perché se potessimo capirlo, avremmo una risorsa virtualmente senza precedenti.
This is how many people we now have in the world who spend at least an hour a day playing online games.	Questo è il numero di persone nel mondo  che passano almeno un'ora al giorno a giocare online.	Questo è quante persone abbiamo nel mondo che <unk> almeno un'ora al giorno a giocare online.	Questo è quante persone che ora abbiamo nel mondo che spendono almeno un'ora al giorno gioco di giocare i giochi.	Questo è quante persone che ora abbiamo nel mondo che passa almeno un'ora un giorno che gioca online.
These are our virtuoso gamers,	Questi sono i nostri geni del gioco.	Questi sono i nostri <unk> <unk>.	Questi sono i nostri giochi.	Questi sono i nostri giochi virtù.
500 million people who are extraordinarily good at something.	500 milioni di persone che sono straordinariamente brave... in qualcosa.	500 milioni di persone che sono <unk> <unk> a qualcosa.	500 milioni di persone che sono straordinariamente bene.	500 milioni di persone che sono straordinariamente bravi a qualcosa.
And in the next decade, we're going to have another billion gamers who are extraordinarily good at whatever that is.	E nel prossimo decennio  avremo un altro miliardo di giocatori abituali  che sono straordinariamente bravi in quel qualcosa.	E nei prossimi dieci miliardi di persone che <unk> <unk> in qualsiasi cosa sia.	E nel prossimo decennio, avremo un altro miliardo di giochi che sono straordinariamente bene.	E nel prossimo decennio, avremo un altro miliardo di giochi straordinariamente bene.
If you don't know it already, this is coming. The game industry is developing consoles that are low-energy and that work with the wireless phone networks instead of broadband Internet, so that gamers all over the world, particularly in India, China, Brazil, can get online.	Se già non lo sapevate, questo è ciò che ci aspetta:  l'industria dei videogiochi sta sviluppando piattaforme  che consumano poca energia e che funzionano con la rete cellulare  invece dell'Internet a banda larga  cosicchè giocatori di tutto il mondo,  in particolare in India, Cina, Brasile, potranno connettersi online.	Se non lo sapete già, questo sta <unk>. L'industria dei giochi è <unk> che sono <unk> e che lavorano con i <unk> <unk> <unk> invece di <unk> di Internet, in particolare in India, la Cina, i <unk>, possono ottenere online.	Se non lo conoscete già, questo è già l'industria del gioco sta sviluppando console che lavorano con le console che lavorano con il cellulare del cellulare di network invece di banda e Internet, in modo che il mondo, in cui i giochi in India, Cina, in Cina, i Brasile, possono essere online.	Se non lo conoscete già, questo settore. L'industria dei gioco sta sviluppando consoli e che lavorano con le reti di telefono senza fili e Internet, quindi i videogiochi senza fili, particolari in tutto il mondo, particolarmente in tutto il mondo, in particolare in India, Brasile.
They expect one billion more gamers in the next decade.	La stima è un miliardo di giocatori in più nel prossimo decennio.	<unk> un miliardo di <unk> nei prossimi dieci anni.	Si aspettano un miliardo di più giochi nel prossimo decennio.	Ci si aspettano un miliardo di giochi nel prossimo decennio.
It will bring us up to 1.5 billion gamers.	Questo ci porterà a 1.5 miliardi di giocatori abituali.	Ci <unk> fino a <unk> miliardi di <unk>.	Ci porterà a 1,5 miliardi giochi.	Ci porterà a 1.5 miliardi.
So I've started to think about what these games are making us virtuosos at.	Quindi ho cominciato a pensare sotto quali aspetti  questi giochi ci stanno trasformando in geni.	Così ho cominciato a pensare a cosa stanno facendo questi giochi a <unk>.	Quindi ho iniziato a pensare a ciò che questi giochi ci stanno facendo virtuosi.	Quindi ho iniziato a pensare a come questi giochi ci stanno facendo virtuosari.
Here are the four things I came up with. The first is urgent optimism.	Questi sono quattro aspetti che ho individuato. Il primo è un ottimismo urgente.	Ecco le quattro cose che sono <unk>. La prima è <unk> <unk>.	Queste sono le quattro cose che sono venuti. La prima è l'ottimismo.	Ecco le quattro cose che sono venuti fuori. La prima è urgottimismo.
OK, think of this as extreme self-motivation.	Ok. Pensatelo come una forma estrema di auto-motivazione.	Ok, pensate a questo come <unk> <unk>.	Ok, pensate a questo come auto-motivazione.	Ok, pensate che l'auto-motivazione estremo.
Urgent optimism is the desire to act immediately to tackle an obstacle, combined with the belief that we have a reasonable hope of success.	Un ottimismo urgente è il desiderio di agire immediatamente  per affrontare un ostacolo,  insieme con la convinzione di avere una ragionevole speranza di successo.	<unk> <unk> è il desiderio di agire immediatamente per <unk> un <unk>, <unk> con la <unk> che abbiamo una <unk> <unk> di successo.	Il desiderio del desiderio è il desiderio di agire immediatamente ad un ostacolo, combinato con la credenza che abbiamo una ragionevole speranza di successo.	L'ottimismo l'ottimismo è il desiderio di agire immediatamente ad un ostacolo, combinato con la convinzione che abbiamo una ragionevole speranza di successo.
Gamers always believe that an epic win is possible, and that it's always worth trying, and trying now.	I giocatori abituali credono sempre che una vittoria epica sia possibile  e che valga sempre la pena di provarci, e provarci adesso.	<unk> <unk> sempre che un <unk> <unk> sia possibile, e che <unk> sempre, e <unk> ora.	Credono sempre credsempre che un vino epiico è possibile, ed è sempre provare.	I governi credono sempre che un vincitore sia possibile, e che vale sempre.
Gamers don't sit around.	I giocatori abituali non stanno con le mani in mano.	Le <unk> non <unk>.	I giochi non simili.	I governi non stanno seduti.
Gamers are virtuosos at weaving a tight social fabric.	I giocatori abituali sono dei virtuosi nel tessere una robusta trama sociale.	I <unk> sono <unk> a <unk> una <unk> sociale.	I governi sono i virtuosi a pesanti di un sociale precisione.	I governatori sono virtuosomi di un tessuto sociale.
There's a lot of interesting research that shows we like people better after we play a game with them, even if they've beaten us badly.	Ci sono molte ricerche interessanti che mostrano  come ci troviamo meglio con altre persone dopo aver giocato con loro,  anche se ci hanno battuto sonoramente.	C'è un sacco di ricerche interessanti che mostra come le persone meglio dopo <unk> un gioco con loro, anche se ci hanno <unk> <unk>.	C'è un sacco di ricerca interessante che mostra che ci piacciono un gioco con loro, anche se ci hanno disponibile.	Ci sono molte ricerche interessano le persone meglio dopo un gioco con loro, anche se ci hanno picchiato a loro, anche se ci hanno spieghi.
And the reason is, it takes a lot of trust to play a game with someone. We trust that they will spend their time with us, that they will play by the same rules, value the same goal, stay with the game until it's over.	E la ragione è che ci vuole molta fiducia per giocare con qualcuno:  abbiamo fiducia che passeranno il loro tempo con noi,  che giocheranno con le stesse regole  e con gli stessi obbiettivi, e che rimarranno fino alla conclusione del gioco.	E la ragione è che ci <unk> molto del gioco con qualcuno. <unk> che <unk> il tempo con noi <unk>, che <unk> con noi <unk>, che <unk> con le stesse regole, il valore stesso obiettivo, <unk> con il gioco.	E la ragione è che ci vuole un sacco di fiducia ad un gioco con qualcuno. Dovremo che spenderanno il loro tempo con noi, che giocano dalle stesse regole, valore con il gioco.	E la ragione è che ci vuole molta fiducia di suonare un gioco con qualcuno, la polvere che spenderanno il loro tempo con noi, che suonano con le stesse regole, valore lo stesso obiettivo, rimanere con il gioco finché non è più.
And so, playing a game together actually builds up bonds and trust and cooperation.	Quindi, giocare insieme di fatto costruisce  i legami della fiducia e della cooperazione.	<unk> un gioco insieme a <unk> <unk> e fiducia e <unk>.	E così, giocare un gioco insieme costruisce la cooperazione.	E quindi giocare un gioco insieme si costruisce bonde e la cooperazione.
And we actually build stronger social relationships as a result.	Col risultato che abbiamo davvero relazioni sociali più robuste.	E <unk> <unk> relazioni sociali come risultato.	E in realtà abbiamo costruito la relazione sociale più forte come risultato.	E creiamo le relazioni sociali più forti sociali come risultato.
Blissful productivity. I love it.	Produttività gioiosa. La adoro.	<unk> <unk>. Mi piace.	Blissima produttività. Mi piace.	La produttività della produttività.
You know, there's a reason why the average World of Warcraft gamer plays for 22 hours a week -- kind of a half-time job.	Sapete, c'è una ragione per la quale il giocatore medio di World of Warcraft  gioca 22 ore alla settimana, quasi quanto un lavoro part-time.	Sapete, c'è una ragione per cui la <unk> media di <unk> <unk> per <unk> ore alla settimana -- un lavoro <unk>.	Sapete, c'è un motivo per cui il Mondo di Warcraft di giochi per 22 ore una settimana.	Sapete, c'è una ragione per cui la media dei giochi di Warcraft per 22 ore a settimana -- un po 'di mezza.
It's because we know, when we're playing a game, that we're actually happier working hard than we are relaxing, or hanging out.	E' perché sappiamo, mentre stiamo giocando,  che in realtà siamo più felici  lavorando sodo, piuttosto che rilassandoci o perdendo tempo.	E 'perché sappiamo, quando <unk> un gioco, che stiamo <unk> lavorando <unk> più <unk> di quanto siamo <unk>, o <unk> fuori.	E 'perché sappiamo, quando stiamo giocando un gioco, che stiamo lavorando molto più felice di quello che stiamo affrontando.	E 'perché sappiamo che, quando stiamo suonando un gioco, che stiamo in realtà più felici di quanto stiamo rilassando, o capendo.
We know that we are optimized as human beings, to do hard and meaningful work.	Sappiamo che siamo ottimizzati, come essere umani,  per lavorare sodo a qualcosa che ha significato.	Sappiamo che siamo <unk> come esseri umani, di fare <unk> e <unk>.	Sappiamo che siamo ottimizzati come gli esseri umani, di fare duro lavoro.	Sappiamo che siamo ottimizzati come esseri umani, per fare dura e significato.
And gamers are willing to work hard all the time, if they're given the right work.	E i giocatori abituali sono disposti a lavorare sodo  costantemente, se gli è assegnato un compito adatto.	E le <unk> sono <unk> a lavorare <unk>.	E i giochi stanno dissero di lavorare in tutto il tempo, se vengono dite il lavoro giusto.	E i videogiochi sono disposti a lavorare duro sempre, se hanno dato il lavoro giusto.
Finally: epic meaning.	Per finire, un significato epico.	<unk>: <unk> significato.	Infine: il significato epiche.	Finalmente: il significato.
Gamers love to be attached to awe-inspiring missions to human planetary-scale stories.	I giocatori abituali adorano essere associati a missioni meravigliose,  a storie umane su scala planetaria.	<unk> l'amore per essere <unk> <unk> per <unk> le storie umane <unk>.	Gamer adornare ad essere attenti a ispirare le missioni di planetary-scala.	I governi amorano essere attazzati di ispirare le missioni del planetari.
So, just one bit of trivia that helps put that into perspective:	Per esempio, una piccola informazione per aiutare a creare un contesto.	Quindi, un po 'di <unk> che aiuta a prospettiva.	Allora, solo un po 'di trivia che ci aiuta in prospettiva.	Quindi, solo un po 'di trivello in prospettiva.
So, you all know Wikipedia, biggest wiki in the world.	Conoscete tutti Wikipedia, il più grande wiki al mondo.	Quindi, tutti voi <unk>, <unk> più grande del mondo.	Quindi, tutti sapete Wikipedia, più grande al mondo.	Quindi, tutti sapete che Wikipedia, più grande del mondo.
Second biggest wiki in the world, with nearly 80,000 articles, is the World of Warcraft wiki. Five million people use it every month.	Il secondo wiki più grande al mondo, con quasi 80.000 articoli  è il wiki di World of Warcraft  Cinque milioni di persone lo usano ogni mese.	La seconda grande <unk> del mondo, con quasi <unk> <unk>, è la <unk> del <unk> <unk>. <unk> milioni di persone lo usano ogni mese.	Secondo più grande al mondo, con quasi 80.000 articoli, con quasi 80.000 articoli, è il Mondo di Warcraft. Cinque milioni di persone.	In secondo luogo più grande del mondo, con quasi 80.000 articoli, è il Mondiale di Warcraft Ti. Cinque milioni di persone usano ogni mese.
They have compiled more information about World of Warcraft on the Internet than any other topic covered on any other wiki in the world.	Hanno raggruppato più informazioni su World of Warcraft  in Internet, che su qualsiasi altro argomento in qualunque altro wiki al mondo.	Hanno <unk> più informazioni sulla <unk> <unk> di <unk> su Internet che ogni altra <unk> <unk> da ogni altra <unk> nel mondo.	Hanno compilato più informazione sul World della World of Warcraft su Internet di qualsiasi altra copertura nel mondo.	Hanno compilati più informazioni sul Mondiale di Warcraft su Internet che qualsiasi altro altro altro coperto del mondo.
They are building an epic story.	Stanno costruendo un'opera epica.	stanno costruendo una storia <unk>.	Stanno costruendo una storia epiche.	Stanno costruendo una storia.
They are building an epic knowledge resource about the World of Warcraft.	Stanno costruendo una fonte epica di informazioni  riguardanti World of Warcraft.	stanno costruendo una conoscenza <unk> <unk> sulla <unk> del <unk>.	Stanno costruendo una conoscenza epiico di risorse sul World of Warcraft.	Stanno costruendo una risorsa di conoscenza del World of Warcraft.
Okay, so these are four superpowers that add up to one thing:	Ok, questi sono i quattro superpoteri che insieme costituiscono una cosa sola.	Ok, questi sono quattro <unk> che <unk> su una cosa.	Ok, questi sono quattro superpoteri che aggiungano una cosa.	Okay, quindi queste sono quattro superpoteri che aggiungono a una cosa.
Gamers are super-empowered hopeful individuals.	I giocatori abituali sono individui di grande ottimismo dotati di super-poteri.	I <unk> sono <unk> individui <unk>.	I Gamers sono individui super-potenti.	I governi sono individui di alimentati.
These are people who believe that they are individually capable of changing the world.	Queste sono persone che credono di essere  individualmente capaci di cambiare il mondo.	Queste sono persone che credono che siano <unk> capaci di cambiare il mondo.	Queste sono persone che credono di essere individualmente capaci di cambiare il mondo.	Queste sono persone che credono che sono capaci di cambiare il mondo.
And the only problem is, they believe that they are capable of changing virtual worlds and not the real world.	L'unico problema è che credono  di essere capaci di cambiare i mondi virtuali  ma non quello reale.	E l'unico problema è che credono di cambiare le <unk> <unk> e non il mondo reale.	E l'unico problema è che, credono che siano capaci di cambiare virtuali e non il mondo reale.	E l'unico problema è che credono che siano capaci di cambiare virtuali e virtuali non il mondo reale.
That's the problem that I'm trying to solve.	Questo è il problema che sto cercando di risolvere.	Questo è il problema che sto cercando di risolvere.	Questo è il problema che sto cercando di risolvere.	Questo è il problema che sto cercando di risolvere.
There's an economist named Edward Castronova.	C'è un economo di nome Edward Castronova.	C'è un <unk> di nome <unk> <unk>.	C'è un'economista di nome Edward Castronova.	C'è un economista di nome Edward Castronova.
His work is brilliant. He looks at why people are investing so much time and energy and money in online worlds.	I suoi studi sono brillanti. Sta studiando il motivo per cui  la gente investe così tanto tempo, energia  e denaro, nei mondi online.	Il suo lavoro è <unk>. <unk> perché le persone si <unk> così tanto tempo e energia in rete.	Il suo lavoro è brilllante. Sui perché le persone investimenti e denaro in mondi online.	Il suo lavoro è brillante. Lui guarda perché le persone investendo così tanto tempo e l'energia e denaro in mondi online.
And he says, "We're witnessing what amounts to no less than a mass exodus to virtual worlds and online game environments."	Lui afferma, "Stiamo osservando ciò che costituisce  niente meno che un esodo di massa  verso i mondi virtuali e gli ambienti di gioco online."	E dice: "Stiamo <unk> ciò che non <unk> meno di una massa <unk> per <unk> <unk> e <unk> online."	E lui dice: "Stiamo esodici a meno di una massa di massa di massa per le parole virtuali e online."	E dice: "Stiamo testimone che non si può meno di una massa a meno di una massa per i mondi virtuali e ambienti online."
And he's an economist, so he's rational. And he says --  Not like me, I'm a game designer; I'm exuberant.	Ed è un economo, quindi è razionale,  e dice...   ...non come me, io sono una progettista di giochi, io sono esuberante...	Ed è un <unk>, quindi è <unk>. E dice -- Non come me, sono <unk>.	E lui è un'economista, quindi è razionale. E dice -- Niente come me, sono un designer di gioco, sono esuberante.	E lui è un economista, quindi è razionale. E dice -- non come me, sono un designer di gioco, sono esuberante.
But he says that this makes perfect sense, because gamers can achieve more in online worlds than they can in real life.	Ma lui afferma... lui afferma che questa è una cosa perfettamente sensata,  perché i giocatori abituali possono ottenere di più nei mondi online che nella vita reale.	Ma lui dice che questo rende un senso perfetto, perché i <unk> possono raggiungere più in <unk> che possono nella vita reale.	Ma lui dice che questo sia perfetto, perché i giochi possano raggiungere più in mondi online che possono nella vita reale.	Ma dice che questo ha un senso perfetto, perché i giochi possono raggiungere più nelle mondi online che possono essere nella vita reale.
They can have stronger social relationships in games than they can have in real life;	Possono avere relazioni sociali più solide  in un gioco che non nella vita reale.	<unk> avere <unk> relazioni sociali in giochi più che possono avere nella vita reale.	Possono avere le relazioni sociali in giochi che possono avere nella vita reale.	Possono avere relazioni sociali in videogiochi sociali che possono avere nella vita reale.
they get better feedback and feel more rewarded in games than they do in real life.	Ricevono un feedback migliore e si sentono più ricompensati  in un gioco che non nella vita reale.	<unk> meglio e <unk> più <unk> nei giochi più giochi che <unk> nella vita reale.	Avevano migliore e sentirsi più avvicinano in giochi di quanto fanno nella vita reale.	Si stanno nutrendo meglio e sentirsi più riscaldati nei giochi che fanno nella vita reale.
So he says, for now it makes perfect sense for gamers to spend more time in virtual worlds than the real world. Now, I also agree that that is rational, for now. But it is not, by any means, an optimal situation. We have to start making the real world work more like a game.	Quindi, afferma, per adesso, è perfettamente ragionevole  per i giocatori abituali, passare più tempo nei mondi virtuali che nel mondo reale  Anche io sono d'accordo che questo sia ragionevole, per adesso  ma non è, in nessun modo, una situazione ideale  Dobbiamo cominciare a rendere il mondo reale più simile ad un gioco.	Quindi dice, per ora, per il senso perfetto per <unk> più tempo in <unk> <unk> più tempo in <unk> <unk> che il mondo reale. Ora, <unk> anche che è <unk>, per ora. Ma non è, per niente significa, una situazione <unk>. Dobbiamo cominciare a fare il mondo reale.	Quindi dice, per questo, adesso rende un senso perfetto per i giochi di tempo in virtuali che il mondo reale. Ora, sono d'accordo anche questo che è razionale, ma non è, da nessun significa, di un ottimale ottimale. Dobbiamo iniziare a fare il mondo reale più come un gioco.	Quindi dice che ora, per i videogiochi spendere più tempo in realtà nei mondi virtuali rispetto al mondo reale. Ora, sono anche d'accordo che è razionale, per ora, ma non è, da alcuna situazione ottimale. Dobbiamo iniziare a creare il mondo reale di più come un gioco.
I take my inspiration from something that happened 2,500 years ago.	Qui traggo ispirazione da qualcosa che accadde  2500 anni fa.	<unk> il mio <unk> da qualcosa che <unk> anni fa.	Vedo che la mia ispirazione da qualcosa che è accaduto 2.500 anni fa.	Prendo la mia ispirazione da qualcosa che è successo 2.500 anni fa.
These are ancient dice, made out of sheep's knuckles. Before we had awesome game controllers, we had sheep's knuckles. And these represent the first game equipment designed by human beings,	Questi sono dadi antichi, fatti di ossa di pecora  Prima di avere joysticks e pulsantiere meravigliosi  avevamo ossa di pecora  E questi rappresentano i primi strumenti da gioco  realizzati dall'umanità.	Questi sono <unk> <unk>, <unk> da <unk> di <unk>. <unk> che avevamo <unk> di <unk>, avevamo <unk> di <unk>. E questi <unk> la prima <unk> dagli esseri umani.	Questi sono antichi, fatti fuori da pecore di pecore. Prima che avevamo controllatori di gioco i controllori, avevamo pecore di knuckles. E questi rappresenta il primo gioco progettato dagli esseri umani.	Questi sono gli antichi dirigenti di pecore di pecore di pecore. Prima che abbiamo avuto il controllo dei pecore di pecore di pecore e questi rappresentano il primo gioco progettando dagli esseri umani.
and if you're familiar with the work of the ancient Greek historian Herodotus, you might know this history,	Se conoscete gli scritti dell'antico storico greco,  Erodoto, magari conoscete già questa storia.	E se <unk> bene il lavoro dell' <unk> <unk> <unk> <unk>, <unk> <unk> questa storia.	E se siete familiare con il lavoro dell'antico Greci antica l'erodotus Herodotus, potreste sapere questa storia.	E se siete familiari con il lavoro della storia della Greek storico Herodotus, potreste sapere questa storia.
which is the history of who invented games and why.	E' la storia di chi inventò i giochi e perché.	Che è la storia di chi <unk> giochi e perché.	Che è la storia di chi ha inventato giochi e perché.	Che è la storia di chi ha inventato giochi e perché.
Herodotus says that games, particularly dice games, were invented in the kingdom of Lydia, during a time of famine.	Erodoto narra che i giochi, in particolare i giochi di dadi,  furono inventati nel regno della Lidia,  durante un periodo di carestia.	<unk> dice che i giochi, i giochi <unk>, i giochi in <unk>, durante una <unk> di <unk>.	Herodotus che i giodotus, in particolarmente è stato inventato nel kingdom di Lydia, durante un tempo di famiglia.	Herodico dice che i giochi, particolarmente dice che i giochi, erano inventati nel kingdom di Lydia, durante un tempo di carestia.
Apparently, there was such a severe famine that the king of Lydia decided they had to do something crazy.	Pare che la carestia fosse così severa,  che il re della Lidia decise di fare qualcosa di impensabile.	<unk>, c'è stata una <unk> di <unk> che la <unk> di <unk> che <unk> di fare qualcosa di <unk>.	Apparentemente, c'è stato una famiglia di sé che la carestia di Lydia decisero che dovevano fare qualcosa di chiaro.	Apparentemente, c'era una carestia che il re di Lydia decisero che che dovevano fare qualcosa pazzioso.
People were suffering. People were fighting. It was an extreme situation, they needed an extreme solution.	La gente soffriva, la popolazione era in rivolta,  era una situazione estrema, avevano bisogno di una soluzione estrema.	La gente <unk> <unk>. La gente <unk>, era una situazione <unk>, avevano bisogno di una soluzione <unk>.	Le persone sofferendo. La gente si combattavano. E 'stata una situazione estremo una soluzione estreme.	La gente era la sofferenza. La gente che leva. Era una situazione estreme, avevano bisogno di una soluzione estreme.
So, according to Herodotus, they invented dice games, and they set up a kingdom-wide policy:	Quindi, secondo Erodoto, inventarono i giochi di dadi  ed emanarono una legge valida per tutto il regno.	Quindi, <unk> a <unk>, hanno inventato i giochi <unk>, e hanno <unk> una <unk> <unk>.	Quindi, secondo l'Herodotus, hanno inventato i giochi, e hanno messo un kingdominio.	Quindi, secondo Herodotus, hanno inventato i videogiochi, hanno creato una politica di kingesotus.
On one day, everybody would eat,	Un giorno, tutti avrebbero mangiato.	Un giorno, tutti <unk>.	Un giorno, tutti avrebbero mangiare.	Un giorno, tutti mangiavano.
and on the next day, everybody would play games.	Il giorno successivo, tutti avrebbero giocato.	E nel giorno dopo tutti <unk> giochi.	E sul giorno successivo, tutti giochi.	E il giorno successivo, tutti i giochi.
And they would be so immersed in playing the dice games, because games are so engaging, and immerse us in such satisfying, blissful productivity, they would ignore the fact that they had no food to eat.	E si immersero così profondamente nei giochi di dadi,  dal momento che giocare è così coinvolgente,  e ci immerge in uno stato di gioiosa produttività,  che ignorarono il fatto di non avere niente da mangiare.	E <unk> così <unk> nei giochi di <unk>, perché i giochi sono così <unk>, e <unk> in <unk> <unk>, <unk> il fatto che non avevano cibo.	E sarebbero così immersi nel giocare dei giochi, perché i giochi sono così immersi, e immersi in modo in cui non mangiano cibo, basta produrre il fatto che non avevano mangiare.	E sarebbero così immersi a suonare i videogiochi, perché i giochi sono così impegnati, e immersi in così soddisfazione, la produttività satificano il fatto che non avevano cibo da mangiare.
And then on the next day, they would play games; and on the next day, they would eat.	E così un giorno giocavano,  e un giorno mangiavano.	E poi il giorno successivo, <unk> giocare, e il giorno dopo <unk>, <unk>.	E poi sul giorno successivo, giochi, e sul giorno successivo.	E poi, il giorno successivo, giocano giochi, e al giorno dopo, loro mangiano.
And according to Herodotus, they passed 18 years this way, surviving through a famine, by eating on one day, and playing games on the next.	E secondo Erodoto,  passarono così 18 anni,  sopravvivendo alla carestia  mangiando un giorno e giocando quello seguente.	E <unk> a <unk>, <unk> 18 anni in questo modo, <unk> attraverso una <unk>, <unk> su un giorno, e giocare sul prossimo.	Secondo Herodotus, hanno passato 18 anni in questo modo, sopravvivere attraverso una famiglia per mangiare su un giorno, e giocando i giochi sul prossimo.	E secondo Herodotus, sono passati 18 anni in questo modo, sopravvissuto attraverso una carestia, mangiando su un giorno, e suonando su un giorno, e suonando sul prossimo.
Now, this is exactly, I think, how we're using games today. We're using games to escape real-world suffering --	Penso che questo sia esattamente il modo  in cui usiamo i giochi al giorno d'oggi.	Ora, questo è esattamente, penso, come usiamo giochi oggi. <unk> giochi per <unk> <unk>.	Ora, questo è esattamente, penso, come stiamo usando i giochi oggi. Stiamo usando i giochi di sofferenza.	Ora, questo è esattamente, credo, come stiamo usando videogiochi di oggi.
we're using games to get away	Usiamo i giochi per sfuggire alla sofferenza del mondo reale.	Stiamo usando giochi per <unk>.	Stiamo usando giochi.	Stiamo usando i videogiochi.
from everything that's broken in the real environment, everything that's not satisfying about real life, and we're getting what we need from games.	Usiamo i giochi per allontanarci da tutto ciò che non funziona  nel nostro ambiente reale, da tutto ciò che non ci soddisfa della vita reale,  e otteniamo ciò di cui abbiamo bisogno dai giochi.	da tutto quello che è <unk> nell'ambiente reale, tutto quello che non è <unk> della vita, e stiamo <unk> ciò di cui abbiamo bisogno dai giochi.	Da tutto ciò che è broken nell'ambiente reale, tutto quello che non soddisfazione della vita reale, e stiamo facendo quello che abbiamo bisogno di giochi.	da tutto questo è rotto nell'ambiente reale, tutto non è soddisfazione di vita reale, e stiamo ottenendo ciò che abbiamo bisogno di giochi.
But it doesn't have to end there.	Ma non dobbiamo necessariamente fermarci qui.	Ma non deve finire lì.	Ma non deve terminare.	Ma non deve finire.
This is really exciting. According to Herodotus, after 18 years the famine wasn't getting better, so the king decided they would play one final dice game.	Questo è decisamente interessante:  secondo Erodoto, dopo 18 anni, la carestia non pareva migliorare,  quindi il re decise che avrebbero giocato un'ultima partita a dadi.	Questo è davvero <unk>. <unk> a <unk>, dopo 18 anni, il <unk> non si <unk>, quindi i <unk> hanno deciso di <unk> una <unk> <unk>.	Questo è davvero eccitante. Secondo a Herodotus, dopo 18 anni la fama non era migliore, quindi la decisero che avrebbero giocare un gioco finale.	Questo è davvero eccitante. Secondo Herodotus, dopo 18 anni il carestiere non si stavano migliorando, quindi il gioco decise di suonare un gioco finale.
They divided the entire kingdom in half. They played one dice game, and the winners of that game got to go on an epic adventure.	Divisero l'intero regno a metà,  giocarono una partita a dadi,  e i vincitori di quella partita parteciparono ad un'avventura epica.	<unk> l'intero <unk> in mezzo. Hanno <unk> una <unk> di <unk>, e la <unk> di quel gioco si <unk> a <unk>.	Hanno diviso l'intero kingdom in mezzo. Hanno giocato un gioco, e i vincitori di quel gioco, e i vincitori di quel gioco.	Hanno diviso l'intero kingdom.
They would leave Lydia, and they would go out in search of a new place to live, leaving behind just enough people to survive on the resources that were available, and hopefully to take their civilization somewhere else where they could thrive.	Lasciarono la Lidia  e andarono in cerca di una nuova terra dove vivere,  lasciandosi dietro giusto il numero sufficiente di persone  per sopravvivere con le risorse disponibili,  con la speranza di portare la loro civilizzazione da qualche altra parte, dove avrebbe potuto prosperare.	Si <unk> <unk>, e si <unk> in cerca di un nuovo posto per vivere, <unk> dietro le persone che erano disponibili, e si <unk> di prendere le loro <unk> <unk>.	Lavorerebbero Lydia, e andavano fuori in ricerca di un nuovo luogo per vivere, lasciando dietro solo abbastanza persone per sopravvivere sulle risorse che fossero disponibili, e speriamo di prendere la loro civiltà.	Avevano lasciato Lydia, e andavano in cerca di un nuovo posto per vivere, lasciando dietro di abbastanza persone che sopravvivono sulle risorse che erano disponibili, e si speravano che erano disponibili, sperando di prendere la civiltà da qualche parte in cui si potevano sposare.
Now, this sounds crazy, right?	E' un'idea un po' bizzarra, no?	Ora, questo sembra <unk>, giusto?	Ora, questo suono, giusto?	Ora, questo suona folle, giusto?
But recently, DNA evidence has shown that the Etruscans, who then led to the Roman Empire, actually share the same DNA as the ancient Lydians.	Recentemente però, studi sul DNA hanno rivelato che gli Etruschi  che avrebbero poi portato all'impero romano,  condividono lo stesso DNA degli antichi abitanti della Lidia.	Ma di recente, il DNA ha mostrato la <unk>, che ha portato alla <unk> <unk> <unk>, <unk> lo stesso DNA come gli <unk> <unk>.	Ma recentemente, il DNA ha dimostrato che i Etruscans, che poi ha portato al Romano Empire, in effetti condividono lo stesso DNA come l'antico di Lydiani.	Ma di recente, il DNA ha dimostrato che gli Etruscans, che poi ha portato al Roman Empire, condividere lo stesso DNA come gli antici Lydians.
And so, recently, scientists have suggested that Herodotus' crazy story is actually true.	Recentemente quindi, scienziati hanno suggerito  che la storia narrata da Erodoto è una storia vera.	E così, di recente, gli scienziati hanno <unk> che la storia <unk> è vero.	E recentemente, gli scienziati hanno suggerito che Herodotus che Herodotus Herodotus.	E di recente, recentemente, gli scienziati hanno suggerito che la storia è vero vero.
And geologists have found evidence of a global cooling that lasted for nearly 20 years, that could have explained the famine.	E geologi hanno trovato evidenza di un raffreddamento globale che durò  quasi 20 anni e che potrebbe spiegare la carestia.	E i <unk> hanno trovato le prove di un <unk> globale che <unk> per quasi 20 anni, che avrebbe <unk> il <unk>.	E gli geologi hanno trovato le prove di un coollo globale che ha ritrovato per quasi 20 anni, che potrebbero aver spiegato la famiglia.	E i geologi hanno scoperto le prove di un copertura globale che è rimasto per quasi 20 anni, che potevano spiegare il carestia.
So this crazy story might be true. They might have actually saved their culture by playing games, escaping to games for 18 years, and then been so inspired, and knew so much about how to come together with games, that they actually saved the entire civilization that way.	Quindi questa storia incredibile potrebbe essere vera:  potrebbero avere effettivamente salvato la loro cultura giocando,  rifugiandosi nei giochi per 18 anni  per poi essere così ispirati,  e sapere così bene come venirsi incontro nel gioco  al punto da salvare così l'intera civiltà.	Quindi questa storia potrebbe essere <unk>. Si potrebbe essere <unk> la loro cultura <unk> <unk>, <unk> per i <unk> per 18 anni, e <unk> così tanto su come <unk> insieme ai giochi, che in realtà hanno <unk> l'intera civiltà.	Quindi questa storia è la verità. Potrebbero essere vero salvato la loro cultura di giocare con i giochi per 18 anni, e poi è stato ispirato, e sapevano così tanto di quanto venire insieme con i giochi, che hanno salvato l'intercivilizzazione.	Quindi questa storia potrebbe essere vero. Potrebbero essere risparmiare la loro cultura per giocare a giochi, si scontrando ai giochi per 18 anni, e poi sono stati così ispirati, e sapevano molto su come si uniscono con giochi, che hanno risparmiare l'intera civilizzazione.
Okay, we can do that.	Ok, possiamo farlo anche noi.	Ok, possiamo farlo.	Ok, possiamo farlo.	Ok, possiamo farlo.
We've been playing Warcraft since 1994.	Giochiamo a World of Warcraft dal 1994.	<unk> <unk> dal <unk>.	Noi abbiamo giocato a Warcraft dal 1994.	Abbiamo suonato Warcraft dal 1994.
That was the first real-time strategy game from the World of Warcraft series. That was 16 years ago.	Fu il primo gioco di strategia in tempo reale  della serie di World of Warcraft. Questo 16 anni fa.	Questa è stata la prima <unk> <unk> dalla <unk> di <unk> <unk>. <unk> 16 anni fa.	Quella è stata la prima strategia del World delle serie di Warcraft. Questo era 16 anni fa.	Questa è stata la prima strategia del Mondiale della serie di Warcraft. E 'stato 16 anni fa.
They played dice games for 18 years, we've been playing Warcraft for 16 years.	Loro giocarono a dadi per 18 anni,  noi abbiamo giocato a Warcraft per 16 anni.	<unk> <unk> <unk> per 18 anni, abbiamo <unk> a <unk> per 16 anni.	Hanno giocato dai giochi per 18 anni, abbiamo giocato per 18 anni, abbiamo giocato per 16 anni.	Hanno giocato a dice giochi per 18 anni, abbiamo suonato Warcraft per 16 anni.
I say we are ready for our own epic game.	Io dico: siamo pronti per il nostro gioco epico.	<unk> che siamo <unk> per il nostro gioco <unk>.	Dico siamo pronti per il nostro gioco.	Dico che siamo pronti per il nostro gioco.
Now, they had half the civilization go off in search of a new world,	Loro ebbero metà della popolazione in viaggio alla ricerca di un nuovo mondo.	Ora, avevano la metà della civiltà <unk> in cerca di un nuovo mondo.	Avevano mezzo la civilizzazione vanno in ricerca di un nuovo mondo.	Avevano la metà delle civiltà vanno in cerca di un nuovo mondo.
so that's where I get my 21 billion hours a week of game-play from.	E' da qui che traggo l'idea di 21 miliardi di ore di gioco alla settimana.	Ecco dove <unk> i miei <unk> miliardi di ore alla settimana di <unk>.	Quindi ecco dove ho il mio 21 miliardi di ore alla settimana.	Quindi ecco il mio 21 miliardi di ore una settimana di gioco.
Let's get half of us to agree to spend an hour a day playing games, until we solve real-world problems.	Facciamo che la metà di noi si mette d'accordo  per passare un'ora al giorno a giocare,  fino a quando non risolviamo i problemi del mondo reale.	<unk> la metà di noi è d'accordo per <unk> un giorno <unk>, finché non <unk> problemi <unk>.	Passiamo d'accordo di noi a spendere un'ora al giorno giocando giochi, fino a quando risolvere i problemi del mondo reale.	Passerviamo metà di noi si spendono un'ora che gioca giochi, finché non risolviamo problemi al mondo reale.
Now, I know you're asking, "How are we going to solve real-world problems in games?" Well, that's what I've devoted my work to over the past few years, at the Institute for the Future.	Immagino cosa state per chiedere, "Come facciamo a risolvere i problemi del mondo reale  in un gioco?" Beh, questo è ciò a cui ho dedicato il mio lavoro durante gli scorsi anni,  presso l'Istituto per il Futuro.	Ora, so che vi <unk>: "Come <unk> a risolvere problemi?" Beh, questo è ciò che ho <unk> il mio lavoro per negli ultimi anni, all' <unk> <unk> per il <unk>.	Ora, so che vi chiederemo: "Come risolvere i problemi del mondo in giochi?" Beh, questo è quello che ho dedicato il mio lavoro in passato pochi anni, all'Institute per la Futura.	Ora, so che stai chiedendo: "Come possiamo risolvere i problemi in giochi?" Beh, è quello che ho dedicato il mio lavoro negli ultimi anni, alla Institute.
We have this banner in our offices in Palo Alto, and it expresses our view of how we should try to relate to the future.	Nei nostri uffici di Palo Alto abbiamo questo stendardo  che esprime la nostra idea di come ci dovremmo relazionare con il futuro.	Abbiamo questo <unk> nel nostro <unk> in <unk> <unk>, e <unk> la nostra visione di come dovremmo provare a <unk> al futuro.	Abbiamo questo banner nel nostro ufficio in Palo Alto, e esprime esprime di come dovremmo rilasciare al futuro.	Abbiamo questa banner nel nostro ufficio in Palo Alto, e si esprime la nostra visione di come dovremmo provare a collegare al futuro.
We do not want to try to predict the future.	Non vogliamo tentare di prevedere il futuro.	Non vogliamo provare a <unk> il futuro.	Non vogliamo provare a prevedere il futuro.	Non vogliamo provare a prevedere il futuro.
What we want to do is make the future.	Ciò che vogliamo fare è -realizzare- il futuro.	Quello che vogliamo fare è creare il futuro.	Ciò che vogliamo fare è il futuro.	Quello che vogliamo fare è il futuro.
We want to imagine the best-case scenario outcome, and then we want to empower people to make that outcome a reality.	Vogliamo immaginare gli scenari dai risultati migliori  e poi vogliamo dare la possibilità alle persone di trasformarli in realtà concrete.	<unk> immaginare la <unk> <unk> <unk>, e poi vogliamo <unk> le persone di <unk> una realtà.	Vogliamo immaginare il scenario di scenario, e poi vogliamo per potere la gente di rendere questa realtà.	Vogliamo immaginare che il caso scenario, e poi vogliamo che la gente per fare quel risultato una realtà.
We want to imagine epic wins, and then give people the means to achieve the epic win.	Vogliamo immaginare vittorie epiche  per poi dare alla gente gli strumenti per realizzarle.	<unk> che <unk> i <unk> <unk>, e poi <unk> le <unk> <unk>.	Vogliamo immaginare epiche, e poi dare le persone i mezzi di raggiungere l'epiico.	Vogliamo immaginare i vari vari, e poi danno le persone il mezzo per raggiungere l'epoca.
I'm just going to very briefly show you three games that I've made that are an attempt to give people the means to create epic wins in their own futures.	Vi mostrerò brevemente tre giochi che ho realizzato  e che sono un tentativo di dare alle persone gli strumenti  per creare delle vittorie epiche nel loro futuro.	Vi mostrerò tre giochi che vi mostrerò tre giochi che ho fatto che sono un <unk> per creare <unk> <unk> nei loro <unk>.	Vi mostrerò tre giochi che ho fatto un tentativo che ho fatto che sono un tentativo di dare alle persone i mezzi di creare venti epiche in futuro.	Vi mostro solo che vi mostro tre giochi che ho fatto che sono un tentativo di dare le persone il vuol dire che le persone significa creare vince nei propri futuro.
This is World Without Oil.	Questo è "Mondo Senza Petrolio".	Questa è <unk> <unk> <unk>.	Questo è il Mondo di Mondo.	Questo è il World Without Oil Mondiale.
We made this game in 2007.	Abbiamo realizzato questo gioco nel 2007.	Lo abbiamo fatto nel <unk>.	Abbiamo fatto questo gioco nel 2007.	Abbiamo fatto questo gioco nel 2007.
This is an online game in which you try to survive an oil shortage.	E' un gioco online nel quale si cerca di sopravvivere a  una carenza di petrolio.	Questo gioco è un gioco online in cui <unk> a sopravvivere.	Questo è un gioco online in cui provate a sopravvivere un breve.	Questo è un gioco online in cui si cerca di sopravvivenza di una scorciatoia.
The oil shortage is fictional, but we put enough online content out there for you to believe that it's real, and to live your real life as if we've run out of oil. So when you come to the game, you sign up, tell us where you live, and then we give you real-time news videos, data feeds that show you exactly how much oil costs, what's not available, how food supply is being affected,	La carenza non è reale,  ma abbiamo pubblicato sufficiente materiale online  per far credere che lo sia, e per far vivere la vita reale  come se fossimo a secco. Quindi, quando entri nel gioco,  ti registri, ci comunichi in che area vivi,  e dopodichè ti diamo notizie video in tempo reale,  dati che mostrano esattamente il costo del petrolio,  le cose che non sono disponibili, l'impatto sulla distribuzione del cibo,	La <unk> di petrolio è <unk>, ma abbiamo messo abbastanza online per voi a credere che è reale, e vivere la vostra vita reale come se <unk> fuori dal petrolio, <unk>, <unk>, <unk> dove <unk>, e poi <unk> notizie <unk> notizie, i dati <unk> che <unk> esattamente quanto il petrolio, e poi <unk> le notizie <unk>, i dati <unk>, i dati <unk> che <unk> esattamente come il petrolio,	La scortine del petrolio è dizionale, ma ci mettiamo abbastanza online là fuori per credere che sia reale, e di vivere la vostra vita reale come se abbiamo scritto il petrolio, diciamo dove vivi, e poi ci dica dove vivo, e poi ci dica in cui vivo, e poi ti dico che mostrano le notizie i dati che mostrano esattamente quanta costa il cibo.	La breve taggio del petrolio è nato, ma ci mettiamo abbastanza online per voi credere che sia vero, e per vivere la vostra vita reale, e per vivere la vita reale come se esce dal petrolio. Quindi quando si avvicinate al gioco, vi racconti da dove vivi, e poi daremo i video di buoni notizie che vi mostrano esattamente quello che vi mostrano esattamente quello che non è come fornito, come si può può influenzare il cibo influenzare.
how transportation is being affected, if schools are closed, if there's rioting, and you have to figure out how you would live your real life as if this were true. And then we ask you to blog about it, to post videos, to post photos.	l'impatto sui trasporti,  se le scuole sono chiuse, se ci sono delle rivolte,  e tu devi pensare a come vivresti la tua vita  se tutto questo fosse reale. Dopodichè ti chiediamo di avere un blog a riguardo,  di pubblicare video, di pubblicare foto...	<unk> come viene <unk>, se le scuole sono <unk>, se c'è <unk>, e devi capire come <unk> la vostra vita reale come se fosse vero. E poi vi <unk> di <unk>, di <unk> <unk>.	Cioè che la trasportazione, se le scuole sono chiusi, se ci sono chiusi, e dovete capire come vivere la tua vita reale come se questa fosse vero vero. E poi chiederci, per postare video, per postare video, per postare le foto di postare le foto.	Come si può influenzare, se le scuole sono chiusi, se le scuole sono chiusi, e dovrete capire come se fosse vero. E poi ci chiediamo a voi con il blog, per i video di post, per i video di post.
We piloted this game with 1,700 players in 2007, and we've tracked them for the three years since. And I can tell you that this is a transformative experience.	Abbiamo avviato questo gioco con 1.700 giocatori nel 2007,  e li abbiamo osservati da allora per i tre anni successivi,  e quello che vi posso dire è che è un'esperienza che trasforma.	Abbiamo <unk> questo gioco con <unk> <unk> in <unk>, e li abbiamo <unk> per i tre anni. E posso dirvi che questa è un'esperienza <unk>.	Abbiamo incontrato questo gioco con 1700 giocatori nel 2007, e li abbiamo intracciato per i tre anni, e posso dirvi che questa è un'esperienza trasformativa.	Abbiamo pilotato questo gioco con 1700 giocatori nel 2007, e li abbiamo nutrato per i tre anni da quando, e posso dirvi che questa è un'esperienza di trasformazione.
Nobody wants to change how they live, just because it's good for the world, or because we're supposed to.	Nessuno vuole cambiare la maniera in cui vivono  solo perché è una cosa buona per il mondo o perché è un dovere farlo.	Nessuno vuole cambiare il modo di vivere, solo perché è un buon mondo, o che <unk>.	Nessuno vuole cambiare come vivono, solo perché è buono per il mondo, o perché dovremmo.	Nessuno vuole cambiare il modo di cambiare il modo in cui vivono, solo perché è buono per il mondo, o perché ci aspettiamo.
But if you immerse them in an epic adventure and tell them, "We've run out of oil.	Ma se li immergi in una avventura epica  e gli dici, "Non abbiamo più petrolio.	Ma se li <unk> in un <unk> <unk> e <unk>, "Abbiamo <unk> da petrolio.	Ma se li immersi in un avventura etichia e li dice: "Noi abbiamo scritto fuori il petrolio.	Ma se immersi in un episodio di avventure e dirle: "Abbiamo finito di petrolio.
This is an amazing story and adventure for you to go on.	Questa è una storia incredibile! Un'avventura a cui puoi partecipare!	Questa è una storia incredibile e <unk> per voi.	Questa è una storia straordinaria e avventura per voi.	Questa è una storia incredibile e avventura per andare avanti.
Challenge yourself to see how you would survive,"	Sfida te stesso per vedere come sopravviveresti."	<unk> a vedere come <unk>. "	Callena di vedere come sopravvivere. "	Magari si sale per vedere come si sopravvivere. "
most of our players have kept up the habits that they learned in this game.	La maggior parte dei nostri giocatori ha poi mantenuto le abitudini  che ha imparato nel gioco.	La maggior parte dei nostri <unk> hanno <unk> i <unk> che hanno imparato in questo gioco.	La maggior parte dei nostri giocatori hanno continuato l'abitudine che hanno imparato in questo gioco.	La maggior parte dei nostri giocatori hanno continuato a raggiungimento che hanno imparato in questo gioco.
So for the next world-saving game, we decided to aim higher -- bigger problem than just peak oil.	Quindi, per il successivo gioco volto a salvare il mondo,  abbiamo deciso di mirare più alto, ad un problema più grande della carenza di petrolio.	Quindi, per il prossimo gioco <unk>, abbiamo deciso di <unk> più in alto, problemi più grande di <unk> di petrolio.	Quindi, per il prossimo mondo successivo, abbiamo deciso di aiuto, abbiamo deciso di aiuto, più grande del petrolio.	Quindi, per il prossimo gioco, decisi di risparmiare, abbiamo deciso di avere il problema più grande del petrolio.
We did a game called Superstruct at the Institute for the Future. And the premise was, a supercomputer has calculated that humans have only 23 years left on the planet.	Abbiamo realizzato un gioco chiamato Superstruct, all'Istituto per il Futuro,  e la premessa era: un supercomputer ha calcolato  che l'umanità ha solo altri 23 anni su questo pianeta.	Abbiamo fatto un gioco chiamato <unk> all' <unk> <unk>, e la <unk> era, un <unk> ha <unk> che gli umani hanno solo <unk> anni al pianeta.	Abbiamo fatto un gioco chiamato Superstrutturato alla Futura. E la premessa era, un supercomputer ha calcolato che gli esseri umani hanno solo 23 anni per il pianeta.	Abbiamo fatto un gioco chiamato Superstrutt all'Institute per l'Institute per l'Institute, un supercomputer è calcolato che gli umani hanno solo 23 anni a sinistra sul pianeta.
This supercomputer was called the Global Extinction Awareness System, of course.	Il supercomputer si chiamava "Sistema di Allerta  di Estinzione Globale". Ovviamente.	Questa <unk> si chiama <unk> <unk> <unk> <unk>, ovviamente.	Questo supercomputer si chiamava il Global Extinzione dell'Awareness System, naturalmente.	Questo supercomputer si chiamava System Global System, ovviamente.
We asked people to come online -- almost like a Jerry Bruckheimer movie.	Abbiamo chiesto alla gente di raggiungerci online  quasi come in un film di Jerry Bruckheimer.	Abbiamo chiesto di venire online -- quasi come un film di <unk> <unk>.	Ci siamo chiesti di venire online -- quasi come un film di Jerry Bruckheimer.	Abbiamo chiesto alle persone di venire online -- quasi come un film di Jerry Bruckheimer.
You know Jerry Bruckheimer movies, you form a dream team -- you've got the astronaut, the scientist, the ex-convict, and they all have something to do to save the world.  But in our game, instead of just having five people on the dream team, we said, "Everybody's on the dream team, and it's your job to invent the future of energy, the future of food, the future of health, the future of security and the future of the social safety net."	Li conoscete i film di Jerry Bruckheimer, formi una squadra da sogno:  c'è l'astronauta, lo scienziato, il galeotto,  e hanno tutti qualcosa da fare per salvare il mondo,    ma nel nostro gioco, invece di avere solo cinque persone  nella squadra da sogno, tutti fanno parte della squadra da sogno,  ed è compito tuo inventare il futuro dell'energia,  il futuro delle risorse alimentari, il futuro della sanità,  il futuro della sicurezza e il futuro della previdenza sociale.	Sapete, i film di <unk> <unk>, si forma un <unk> -- avete il <unk>, il <unk>, e tutti hanno qualcosa da fare per salvare il mondo. Ma nel nostro gioco, invece di avere cinque persone nel sogno, abbiamo detto, "Tutti sulla squadra, il futuro della <unk>, il futuro della <unk>, il futuro del futuro, il futuro del futuro del cibo, il futuro della <unk> del futuro, il futuro della <unk> <unk> <unk> della sicurezza del futuro, il futuro, il futuro, il futuro della <unk>, il futuro, il futuro, il futuro, il futuro, il futuro, il futuro, il futuro, il futuro, il futuro, il futuro, il futuro, il futuro della <unk>, il futuro, il futuro della <unk>, il	Sapete Jerry Bruckheimer, si forma una squadra -- avete l'astronda, l'astrondaio, e tutti hanno qualcosa di fare per salvare il mondo. Ma nel nostro gioco, invece di salvare il mondo, ma nel nostro gioco, invece di avere cinque persone sulla squadra, abbiamo detto: "Tutti il il vostro team, il futuro della squadra, il futuro della salute, il futuro della squadra, il futuro della salute e il futuro della sicurezza e il futuro della sicurezza."	Sapete che Jerry Bruckheimer film, si forma un gruppo di sogno -- hai l'astronaut, lo scienziato, lo scienziato, e tutti hanno qualcosa per fare per salvare il mondo ma nel nostro gioco, invece di avere 5 persone sulla squadra, abbiamo detto: "E 'il vostro lavoro per sogno, e' il futuro dell'energia, e il futuro della salute del futuro dell'energia, il futuro della salute dell'energia sociale, il futuro della sanità e la sicurezza sociale.
We had 8,000 people play that game for eight weeks. They came up with 500 insanely creative solutions that you can go online, Google "Superstruct," and see.	8.000 persone hanno giocato per otto settimane,  hanno generato 500 soluzioni incredibilmente creative  che potete trovare se andate online e cercate su Google "Superstruct".	Abbiamo <unk> persone che <unk> il gioco per otto settimane. Sono <unk> con 500 <unk> <unk> che puoi andare online, Google <unk> ", e <unk>.	Avevamo 8.000 persone giocano che il gioco per 8 settimane, venivano con 500 soluzioni insettamente creative che potete andare online, Google "Sustrutt", e vedere.	Avevamo 8.000 persone al gioco per otto settimane, per otto settimane. Sono arrivati con 500 intimamente creative che si possono andare online, Google, Google, "e vedere.
So, finally, the last game, we're launching it March 3rd. This is a game done with the World Bank Institute.	Per finire, l'ultimo gioco,  comincerà il 3 di marzo. Questo è un gioco realizzato con l'Istituto della Banca Mondiale.	Quindi, finalmente, l'ultimo gioco, la <unk> <unk> <unk>. Questo è un gioco con il <unk> <unk> <unk>.	Alla fine, l'ultimo gioco, l'ultimo gioco, lo stiamo lanciando con la Banca Mondiale Institute.	Infine, l'ultimo gioco, lo stiamo lanciando March. Questo è un gioco con la Banca Mondiale Institute.
If you complete the game, you will be certified by the World Bank Institute as a Social Innovator, class of 2010.	Se completi il gioco sarai certificato  dall'Istituto della Banca Mondiale,  come Innovatore Sociale, classe del 2010.	Se <unk> il gioco, <unk> <unk> dal <unk> <unk> <unk> come <unk> <unk>, classe di <unk>.	Se complete il gioco, sarete certificato dalla Banca Mondiale Institute come un Institute a Social 2010.	Se si completa il gioco, sarà certificato dalla Banca Mondiale Institute come un Institute Social Institute di Social 2010.
Working with universities all over sub-Saharan Africa, and we are inviting them to learn social innovation skills.	Lavorando con università sparse per l'Africa sub-sahariana,  li stiamo invitando a imparare le tecniche di innovazione sociale.	<unk> con <unk> in tutta l'Africa <unk>, e noi siamo <unk> di imparare l'innovazione sociale.	Lavorando con le università sub-sahariana, e li stiamo invitando loro di innovazione sociali.	Lavorando le università in tutta l'Africa sub-sahariana, e li stiamo invitando a imparare le capacità di innovazione sociali.
We've got a graphic novel, we've got leveling up in skills like local insight, knowledge networking, sustainability, vision and resourcefulness.	C'è una storia a fumetti, si aumenta di livello  grazie ad abilità come la conoscenza locale, la collaborazione,  la sostenibilità, l'immaginazione e l'inventiva.	Abbiamo un <unk> di <unk>, abbiamo <unk> in <unk> come <unk> locale, conoscenza <unk>, <unk>, visione e <unk>.	Abbiamo un grafico del grafico, abbiamo livelato in abilità come il luogo locale, la conoscenza di network, la visione e la risorsa, la visione e la risorse.	Abbiamo un romanzo di un grafico, ci sono lilivelli in capacità come intuizione locale, la conoscenza, la sostenibilità e risorsa di risorse.
I would like to invite all of you to please share this game with young people, anywhere in the world, particularly in developing areas, who might benefit from coming together to try to start to imagine their own social enterprises to save the world.	Desidero invitare tutti voi  a condividere questo gioco con i giovani,  ovunque nel mondo, in particolare nelle aree in via di sviluppo,  i quali potrebbero trarre beneficio dall'unirsi  per cominciare ad immaginare delle proprie imprese sociali per salvare il mondo.	Mi piacerebbe <unk> tutto questo gioco con le persone giovani, ovunque nel mondo, in via di sviluppo, in via di sviluppo, in via di sviluppo, di cui vorrei <unk> a immaginare che il mondo.	Vorrei invitare tutti voi per favore di condividere questo gioco con giovani, chiunque nel mondo, in particolarmente in via di sviluppo, che potrebbero benefici insieme per cercare di immaginare il mondo.	Vorrei investire tutti voi per favore di condividere questo gioco con le persone giovani, comunque, in via di sviluppo, particolari in via di sviluppo, che possono beneficiare i propri imprigioni sociali per salvare il mondo.
So, I'm going to wrap up now.	E' ora di concludere.	<unk> ora.	Quindi, ora sto per raccogliere.	Quindi, sto per salire.
I want to ask a question.	Voglio fare una domanda.	Voglio <unk> una domanda.	Voglio chiedervi una domanda.	Vorrei porre una domanda.
What do you think happens next?	Che cosa pensate che succederà?	Cosa <unk>?	Che cosa pensate accanto?	Cosa pensate che succede?
We've got all these amazing gamers, we've got these games that are kind of pilots of what we might do, but none of them have saved the real world yet.	Abbiamo tutti questi incredibili giocatori,  abbiamo questi giochi che sono dei progetti pilota di ciò che potremmo realizzare,  ma nessuno di questi ha ancora salvato il mondo reale.	Abbiamo tutte queste <unk> <unk>, abbiamo questi giochi che sono <unk> di ciò che potremmo fare, ma nessuna di loro hanno <unk> il mondo reale.	Abbiamo tutti questi giochi incredibili, abbiamo questi giochi, abbiamo questi giochi di ciò che potremmo fare, ma nessuno ha salvato il mondo reale.	Abbiamo tutti questi giochi incredibili, abbiamo questi giochi di ciò che potremmo fare, ma nessuno di loro ha salvato il mondo reale.
Well I hope you will agree with me that gamers are a human resource that we can use to do real-world work, that games are a powerful platform for change. We have all these amazing superpowers: blissful productivity, the ability to weave a tight social fabric, this feeling of urgent optimism and the desire for epic meaning.	Beh, spero che siate d'accordo con me che i giocatori abituali sono una risorsa umana  che possiamo utilizzare per fare del lavoro nel mondo reale,  che i giochi sono una potente piattaforma per il cambiamento,  che abbiamo questi incredibili superpoteri,  una produttività gioiosa, la capacità di tessere una robusta trama sociale,  questo ottimismo urgente e il desiderio di un significato epico.	Beh, spero che <unk> d'accordo con me che gli <unk> sono un <unk> umano che possiamo usare per cambiare il lavoro, che i giochi sono una <unk> <unk>: <unk> <unk>, l'abilità di <unk> un <unk> sociale, questa sensazione di <unk> <unk> e <unk> di <unk> e il significato del desiderio di <unk>.	Spero d'accordo con me che i giochi sono una risorsa umana che possiamo usare per il mondo reale, che i giochi sono una piattaforma potente per cambiare il cambiamento. Abbiamo tutte queste straordinazioni: abbiamo tutti i superpoteri: la produttività per il cambiamento sociale, la capacità di lettura urgente e il desiderio per i desiderio e il desiderio per il significato epiico epiico.	Spero che sarete d'accordo con me che i giochi sono una risorsa umana che possiamo usare per cambiare il mondo reale, che i giochi sono una piattaforma potente per cambiare. Abbiamo tutti questi superpoteri sicuramente, la produttività di un tessuto sociale, questa sensazione di beneficenza e il desiderio per il desiderio di significato dell'epic.
I really hope that we can come together to play games that matter, to survive on this planet for another century. That's my hope, that you will join me in making and playing games like this.	Io spero veramente che possiamo venirci incontro  per giocare a giochi che hanno importanza, per sopravvivere su questo pianeta per un altro secolo,  e la mia speranza è che vi uniate a me nel realizzare e partecipare a giochi come questi.	Spero davvero che possiamo <unk> a giocare a <unk> che la materia, per sopravvivere su questo pianeta per un altro secolo. Questa è la mia speranza, che <unk> a <unk> come questo.	Spero davvero di poter andare insieme a giocare i giochi che la materia, per sopravvivere su questo pianeta per un altro secolo. Questa è la mia speranza, che mi comprenderete e giochi come questo.	Spero davvero che possiamo arrivare a giochi con i giochi che la materia, per sopravvivere su questo pianeta per un altro secolo. E 'la mia speranza, che vi porterò e giocare giochi come questa.
When I look forward to the next decade, I know two things for sure: that we can make any future we can imagine, and we can play any games we want, so I say:	Quando guardo avanti al prossimo decennio, di due cose sono certa:  che possiamo realizzare qualunque futuro riusciamo a immaginare,  e che possiamo giocare a qualsiasi gioco vogliamo.	Quando <unk> al prossimo <unk>, <unk> due cose per <unk>, che possiamo immaginare, e possiamo <unk> qualsiasi futuro.	Quando guardo avanti al prossimo decennio, so due cose per sicuro: che possiamo immaginare, e possiamo immaginare, e possiamo giocare qualsiasi giochi vogliamo, quindi dico.	Quando guardo avanti il prossimo decennio, conosco due cose per assicurarci che possiamo immaginare, e possiamo giocare a tutti, quindi dico.
Let the world-changing games begin.	Quindi, io dico: diamo inizio ai giochi che cambieranno il mondo.	<unk> i giochi.	Lasciare i giochi cominciano.	I giochi lavorano.
Thank you.	Grazie.	Grazie.	Grazie.	Grazie.
For some time I have been interested in the placebo effect, which might seem like an odd thing for a magician to be interested in, unless you think of it in the terms that I do, which is, "Something fake is believed in enough by somebody that it becomes something real." In other words, sugar pills have a measurable effect in certain kinds of studies, the placebo effect, just because the person thinks	Per qualche tempo mi sono interessato  all'effetto placebo,  può sembrare una cosa strana  che un mago se ne occupi,  a meno che non lo consideriate dal mio punto di vista  cioè "qualcosa di falso  viene creduto a tal punto  da diventare qualcosa di reale"  In altre parole, le pillole di zucchero  hanno un effetto misurabile in alcuni studi,  l'effetto placebo,  solo perché la persona pensa	Per un po 'di tempo mi interessa l'effetto <unk>, che potrebbe essere <unk> a <unk>, a meno che non ci si pensa in termini che faccio, che è: "<unk> <unk> è <unk> in <unk> da qualcuno che diventa qualcosa di reale." In altre parole, gli <unk> hanno un effetto <unk> in certi tipi di <unk>, l'effetto <unk>, perché la persona <unk>,	Per un po 'di tempo ho interessato al placebo un effetto di placebo, che potrebbe sembrare come una cosa per un mago di interessa per essere interessato, a meno che ci pensate in termini che lo faccio, che è: "Somequalcosa di reale che credeva in abbastanza reale." In altre parole, il fumo di zucchero che hanno un effetto reale effetto in certo di studi di di studiari, solo perché la persona pensa che le persone pensano	Per qualche tempo mi sono interessato all'effetto placebo, che potrebbe sembrare una cosa strana per un mago di interessarmi, a meno di voi, a meno che pensate in termini che faccio, che è: "In altre parole, si crede da qualcuno che diventa qualcosa di reale" In altre parole, la zuccheri hanno un effetto misurato in certi di studi studi, l'effetto placebo, solo perché la persona pensano che questo genere di studi studi,
that what's happening to them is a pharmaceutical or some sort of a --	che ciò che sta le accadendo è dovuto a un farmaco  o qualcosa di simile...	Ciò che succede a loro è un <unk> o qualche tipo di...	Quello che succede a loro è un farmaceutico o qualche tipo di...	Quello che sta succedendo è un farmaceutico o un po '.
for pain management, for example, if they believe it enough there is a measurable effect in the body called the placebo effect.	La terapia del dolore, ad esempio,  se credono di avere un effetto misurabile nel corpo  chiamato effetto placebo.	per il dolore, per esempio, se ci <unk> abbastanza c'è un effetto <unk> nel corpo chiamato l'effetto <unk>.	Per il gestione, per esempio, se credono che ci sia un effetto misurabile nel corpo chiamato l'effetto placebo.	Per esempio, se credono che sia abbastanza che ci sia abbastanza che ci sia un effetto misurabile nel corpo chiamato effetto placebo.
Something fake becomes something real because of someone's perception of it.	Qualcosa di falso diventa  qualcosa di vero  per la percezione che se ne ha.	La <unk> <unk> diventa qualcosa a causa di qualcuno <unk>.	Qualcosa falsa diventa qualcosa di reale a causa di qualcuno.	Una cosa falso diventa qualcosa di reale per la percezione di qualcuno.
In order for us to understand each other, I want to start by showing you a rudimentary, very simple magic trick.	Per capirci  voglio mostrarvi un rudimentale  trucco magico, molto semplice.	Per <unk>, per noi, voglio iniziare <unk> una <unk>, molto semplice <unk>.	In ordine per capire, voglio iniziare a mostrarvi un altro, voglio iniziare a mostrarvi un trucco, molto semplice.	Per noi per capire l'un l'altro, voglio iniziare a farvi vedere un trucco e molto semplice.
And I'm going to show you how it works. This is a trick that's been in every children's magic book since at least the 1950s.	E vi farò vedere come funziona. Questo è un trucco  che è presente in tutti i libri per bambini fin dagli anni cinquanta.	E vi mostrerò come funziona. Questo è un <unk> che è stato in tutti i bambini della <unk> dei <unk>.	E vi mostrerò come funziona. Questo è un trucco che è stato in ogni libro magico di ogni libro di magia dei bambini almeno degli anni '50.	Vi mostrerò come funziona. Questo è un trucco che è stato in ogni magia che è stato in ogni libro che almeno gli anni '50.
I learned it myself from Cub Scout Magic in the 1970s.	L'ho imparato da solo con Cub Scout Magic negli anni settanta.	L'ho imparato da <unk> <unk> <unk> nel <unk>.	L'ho imparato dal Cub Scout Magico negli anni '70.	L'ho imparato da Cub Scout Magico negli anni '70.
I'll do it for you, and then I'll explain it.	Lo eseguiò per voi e quindi ve lo spiegherò.	Lo farò per voi, e poi lo <unk>.	Lo farò per voi, e poi lo spiegherò.	Lo farò per voi, e poi vi spiegherò.
And then I'll explain why I explained it.	E quindi vi spiegherò perché ve l'ho spiegato.	E poi <unk> perché lo <unk>.	E poi spiegerò perché lo spiegerò.	E poi vi spiegherò perché l'ho spiegato.
So, here's what happens.	Ecco quello che accade.	Ecco cosa succede.	Ecco cosa succede.	Ecco cosa succede.
The knife, which you can examine; my hand, which you could examine.	Il coltello, che potete esaminare; la mia mano, che potete esaminare.	Il <unk>, che potete <unk>, la mia mano, che <unk> <unk>.	Il knife, che potete esaminare; la mia mano, che si può esaminare.	Il coltello, che si può esaminare, la mia mano, che si può esaminare.
I'm just going to hold the knife in my fist like this.	Terrò semplicemente il coltello nel mio pugno, così.	<unk> la <unk> nel mio <unk> come questo.	Vi sto per raccogliere il cielo.	Sto per mantenere la fista come questo.
I'll get my sleeve back.	Tiro su la manica.	<unk> il mio <unk>.	Tornerò la mia sonna.	Farò il mio sonno.
And to make sure nothing goes up or down my sleeve	Per essere sicuro che niente scenda o salga dalla mia manica.	E <unk> che non <unk> nulla o giù i miei <unk>.	E per rendere sicuri che non riesce o giù giù giù il mio diritto.	E per assicurare che niente si sale o giù il mio sonno.
I'm just going to squeeze my wrist right here.	Ora stringo il mio polso così.	<unk> proprio qui.	Certo solo qui per il mio polso proprio qui.	Farò proprio qui.
That way you can see that at no time can anything travel, as long as I'm squeezing there nothing can go up or down my sleeve.	In modo che possiate vedere che mai  qualcosa possa passare. Finché stringo qui  niente va su o giù dalla mia manica.	In questo modo potete vedere che non si può <unk>, fino a quando non c'è niente di andare su o giù i miei <unk>.	Quel modo in cui vedete che non possa viaggiare niente di viaggiare, più a lungo la mia sonna.	Questo modo in cui potete vedere che non riesci a tempo in cui non riesci a nulla può andare su o giù il mio sonno.
And the object of this is quite simple.	E lo scopo di tutto ciò è semplice.	E l'oggetto è piuttosto semplice.	E l'oggetto di questo è molto semplice.	E l'oggetto è piuttosto semplice.
I'm going to open my hand, and hopefully, if all is well, my pure animal magnetism will hold the knife.	Vado ad aprire la mia mano,  e se tutto è andato bene,  il mio puro magnetismo animale tratterrà il coltello.	<unk> la mano, e mi <unk>, se tutto è bene, il mio <unk> animale <unk> il <unk>.	Apppure la mia mano, e spero, se tutto è bene, il mio magnetismo animale.	Sto per aprire la mano, e si spera che, se tutto è bene, il mio animale.
In fact it's held so tightly in place that I can shake it, and the knife does not come off.	In effetti rimane così saldo al suo posto  che posso scuoterlo,  e il coltello non cade.	In effetti è <unk> così <unk> in un posto che posso <unk>, e il <unk> non viene fuori.	In effetti è aiuta così tale in cui posso tirarla, e il knife non viene fuori.	In effetti è tenuto così strano in luogo che posso riporre, e la moglie non va via.
Nothing goes up or down my sleeve,	Niente va su o giù dalla mia manica.	<unk> <unk> o giù per il mio <unk>.	Niente che si riesce o scende.	Non si sale o giù la mia sonda.
no trickery. And you can examine everything.	nessun trucco. Potete esaminare qualunque cosa.	<unk> <unk>. E potete <unk> tutto.	Niente trickery. E potete esaminare tutto.	Nessuno strano. E potete esaminare tutto.
Ta-da!	Ta-da!	<unk>!	Ta-da!	Ta-da!
So, this is a trick that I often teach to young children	Questo è un trucco che spesso insegno ai bambini.	Questa è una <unk> che spesso <unk> ai bambini.	Quindi, questo è un trucco che spesso insegnai ai ai bambini giovani figli.	Questo è un trucco che spesso insegno ai giovani bambini.
that are interested in magic, because you can learn a great deal about deception by studying this very -- even though it's a very simple trick methodologically.	che sono interessati alla magia, perché si può imparare  molto sull'inganno studiando  questo trucco anche se metodologicamente è molto semplice.	che sono interessato alla <unk>, perché si può imparare una grande <unk> sulla <unk>, anche se è un <unk> molto semplice <unk>.	Ciò che sono interessati in magia, perché si può imparare un grande decezione per studiare questo molto -- anche se è un metodologico molto semplice.	che sono interessate alla magia, perché si può imparare una grande grande grande decennata per studiare questo -- anche se è un metodologicamente molto semplice.
Probably many of you in the room know this trick.	Molti di voi in questa stanza conosceranno questo trucco.	<unk> molti di voi, in <unk> questo <unk>.	Probabilmente molti di voi nella stanza conosce questo trucco.	Probabilmente molti di voi nella stanza.
What happens is this. I hold the knife in my hand.	Ecco cosa succede  Tengo il coltello nella mia mano.	Quello che succede è che <unk> la <unk> nella mia mano.	Ciò che succede è questo. Ho vecchi nella mia mano.	Quello che succede è questo. Stengono la cucina.
I say I'm going to grab hold of my wrist	Dico che afferro saldamente il mio polso.	<unk> che <unk> in mano del mio <unk>.	Io dico che sto per raccogliere il mio polso.	Dico.
to make sure nothing goes up or down my sleeve, that is a lie.	per assicurare che nulla salga o scenda dalla mia manica,  questa è una bugia.	<unk> che niente <unk> o giù dalla mia <unk>, questo è un <unk>.	Per essere sicuri che non va nulla di sonnulla.	per assicurarsi che non si sale nulla o giù il mio sonno, è una vita.
The reason I'm holding onto my wrist is because that's actually the secret of the illusion.	La ragione per cui sto tenendo il polso  è perché è questo il segreto  dell'illusione.	La ragione per cui sto <unk> sul mio <unk> è perché è in realtà il <unk> del <unk>.	Il motivo per cui vado al mio polso è perché è in realtà il segreto dell'illusione.	La ragione per cui sto tenendo sul mio polso è che in realtà è il segreto dell'illusione.
In a moment when my hand moves from facing you to being away from you, this finger right here, my index finger is just going to shift from where it is, to a position pointing out like this. Nice one.	Nel momento in cui la mia mano si muove  allontanandosi da voi,  questo dito qui, il mio indice, si sposta  da dov'era, in una posizione  che punta in fuori così  Bello!	In un momento in cui la mia mano si muove da te, questo dito, questo dito, il dito <unk> da dove è, a una posizione <unk> come questa. <unk>.	In un momento in cui la mano si muove da voi, questo dito qui, questo dito qui, il mio indito, il dito dito è solo da dove si trova, ad una posizione di puntare come questo. Nessuno. Nessuno.	In un momento in cui la mia mano si muove da voi, la mia dita si allontana proprio qui, la mia dita si muoverà da dove è, per una posizione di punta come questa. Nice.
Someone who didn't have a childhood is out there.	C'è qualcuno che non ha avuto un'infanzia qui.	<unk> che non aveva un <unk> è là fuori.	Qualcuno che non avesse un infanzio è là fuori.	Qualcuno che non aveva una infanzia è là fuori.
So, it goes like this, from here, right.	È così, da qui, giusto.	Quindi, va così, da qui, giusto.	Perciò, va qui, da qui.	Quindi, va così da qui, proprio.
And as I move around my finger shifts.	E quando mi giro anche il dito si sposta.	E mentre mi <unk> intorno al <unk> <unk>.	E mentre muovevo in giro per il mio dito.	E mentre mi muovo in giro per il dito.
And we could talk about why this is deceptive, why you don't notice there are only three fingers down here, because the mind, and the way it processes information, it doesn't count, one, two, three. It groups them.	Possiamo parlare del perché è ingannevole,  perché non notate che ci sono solo tre dita quaggiù  perché la mente, e il modo con cui processa l'informazione,  non conta, uno, due, tre. Li raggruppa.	E potremmo parlare del perché è <unk>, perché non <unk> ci sono solo tre <unk> qui, perché la mente, e il modo in cui <unk> informazioni, non <unk>, uno, due, tre gruppi. <unk>.	E potremmo parlare del motivo, perché non ci sono solo tre dita solo tre dita qui, perché la mente, e il modo in cui la mente, e il modo in cui processi informazioni, non contiene, uno, due, tre gruppi. Sta loro.	E potremmo parlare del motivo per cui questo è dedecente, perché non ci sono solo tre dita qui, perché la mente, e il modo in cui le informazioni, non contano, uno, due, tre gruppi.
But that's not really what this is about. Right? And then I open my hand up. Obviously it's clinging there, not by animal magnetism, but by chicanery, my index finger being there.	Ma non è questo il punto. Giusto? E quando apro la mia mano,  Ovviamente rimane attaccato non attraverso il magnetismo animale,  ma attraverso l'inganno,  essendo il mio indice qui.	Ma non è quello che si tratta. Giusto? E poi <unk> la mano. <unk> è <unk> lì, non <unk> animale, ma con <unk>, il dito <unk>.	Ma non è davvero ciò che è tutto questo. Giusto? E poi aprire la mia mano. Ovviamente è che sta là, non dalle magnetismo, ma per pollice di index.	Ma questo non è così. Giusto?
And then when I close my finger, same thing, as I move back, this motion kind of covers the moving back of my finger.	E quando chiudo il mio dito, stessa cosa,  quando torno indietro, questo movimento  copre il dito che ritorna.	E quando <unk> la stessa cosa, mentre mi <unk> indietro, questo movimento di <unk> il <unk> del dito.	E poi quando chiudo il mio dito, lo stesso, come mi sono tornati, questo tipo di copertare il dito del mio dito.	E quando incercherò il dito, la stessa cosa, mentre rimuovo indietro, questo movimento di covere il dito.
I take this hand away. You give the knife out.	Metto via la mano. Il coltello viene via.	<unk> questa mano. <unk> il <unk>.	Prendo questa mano. Vedete il knife.	Prendiamo la mano. Dai il coltello.
There is a trick you can do for your friends and neighbors. Thanks.	È un trucco che potete fare con i vostri amici e vicini. Grazie.	C'è un <unk> che puoi fare per i vostri amici e <unk>. Grazie.	C'è un trucco che si può fare per i vostri amici e vicini. Grazie.	C'è un trucco che potete fare per i vostri amici e vicini. Grazie.
Now,  what does that have to do with the placebo effect?	Ora,   che cosa ha a che fare questo con l'effetto placebo?	Ora, cosa ha a che fare con l'effetto <unk>?	Ora, cosa ha a che fare con l'effetto placebo?	Ora, che cosa deve fare con il placebo?
I read a study a year or so ago that really blew my mind wide open.	Ho letto uno studio, un anno fa  che mi ha spalancato la mente.	Ho letto uno studio di un anno fa il mio <unk> di mente aperto.	Ho letto un anno fa studiare un anno fa, così mi ha messo aperto.	Ho letto uno studio un anno, o così fa che la mente aprire la mente aperta.
I'm not a doctor or a researcher, so this, to me, was an astonishing thing.	Non sono un medico o un ricercatore, per cui  è stata una cosa sorprendente.	Non sono un <unk> o un <unk>, quindi, per me, era una cosa <unk>.	Non sono un dottore o un ricercatore di ricercatore, quindi, è stata una cosa sorprendente.	Non sono un dottore o un ricercatore, quindi, per me, era una cosa sorprendente.
It turns out that if you administer a placebo in the form of a white pill, that's like aspirin shaped -- it's just a round white pill -- it has some certain measurable effect.	Sembra che se si somministra  un placebo nella forma di una pillola bianca,  fatta come un'aspirina,  solo una pillola bianca circolare, ha un effetto misurabile.	<unk> che se <unk> un <unk> in forma di un <unk> bianco, questo è come <unk> <unk> -- è solo un <unk> bianco <unk> -- ha un qualche effetto <unk>.	Viene fuori che se aggiungi un placebo nella forma di un placebo bianco, come l'aspirazione di bianca, è solo una pillola bianca, ha qualche effetto misurabile.	Diventa fuori che se amministano un placebo in forma di un pillola bianco, questa è come aspirina -- è solo una pillola bianca una piena bianca, è qualche effetto misurabile.
But if you change the form that you give the placebo in, like you make a smaller pill, and color it blue, and stamp a letter into it, it is actually measurably more effective.	Ma se cambiate la forma e date il placebo,  sotto forma di una pillola più piccola,  e di colore blu e vi stampate una lettera  è visibilmente più efficace.	Ma se <unk> la forma che <unk> la forma di <unk>, come <unk> un <unk> più piccolo, e <unk> blu, e <unk> una lettera, è in realtà più <unk>.	Ma se cambiate la forma di cui dare il placebo in un modo più piccolo, e il colore blu, e colore blu, e colore blu, è misurata in effetti misurabile.	Ma se cambiate la forma del placebo, come si fa un pillolo più piccolo, e il colore blu, e il colore blu, e il colore blu si stamp una lettera, è misurabile più efficace.
Even though neither one of these things has any pharmaceutical -- they're sugar pills.	Anche se nessuna delle due  ha alcun farmaco -- sono pillole di zucchero.	Anche se <unk> una di queste cose ha ogni <unk> -- sono <unk> <unk>.	Anche se nessuna di queste cose ha alcuna delle cose farmaceutico -- sono zuccheri zucchero.	Anche se non c'è una di queste cose farmaceutici -- sono pillole di zuccheri.
But a white pill is not as good as a blue pill.	Ma una pillola bianca non è efficace come una pillola blu.	Ma un <unk> bianco non è <unk> come un <unk> blu.	Ma una pillola bianca non è come una pillola blu.	Ma una pillola bianca non è buono come un pillola blu.
What?  That really flipped me out.	Cosa?  Mi ha davvero sconvolto.	Che cosa mi ha veramente <unk>.	Che cosa mi ha davvero sfogliato.	Cosa? Quel che mi piaceva davvero.
Turns out though, that that's not even where it stops.	Ma comunque, non è qui che finisce.	<unk> <unk>, questo non è nemmeno dove si <unk>.	Ciò fuori che non è nemmeno dove si ferma.	Si è scoperto che non è nemmeno dove si ferma.
If you have capsules, they're more effective than tablets in any form.	Le capsule  sono più efficaci delle pastiglie di ogni forma.	Se avete <unk>, sono più <unk> di <unk> in forma.	Se avete capsulle, sono più efficaci di tavolo in ogni forma.	Se avete dei capeli, sono più efficaci in qualsiasi forma.
A colored capsule, that's yellow on one end and red on the other is better than a white capsule.	Una capsula colorata, che è gialla da una parte e rossa dall'altra  è meglio di una capsula bianca.	Un <unk> <unk>, questo è <unk> su una fine e <unk> dall'altro è meglio di un <unk> bianco.	Una capsula colorata, è gialla alla fine e rossa sull'altro è migliore di una capsula bianca.	Un capsule colorato, è giallo in una fine e rossa dall'altro è meglio di un capsuolo bianco.
Dosage has something to do with this.	Il dosaggio ha un suo ruolo.	<unk> ha qualcosa a che fare con questo.	Dosage ha qualcosa a che fare con questo.	Dosaggio ha qualcosa a che fare con questo.
One pill twice a day is not as good at three pills -- I don't remember the statistic now. Sorry.	Una pillola due volte al giorno  non è così efficace come tre pillole --  Ora non ricordo le statistiche. Scusate.	Un <unk> due volte al giorno non è <unk> a tre <unk> -- non vi ricordate la <unk>. <unk>.	Uno due volte al giorno non è buono a tre pillole -- non mi ricordo la statistatistica.	Un paio di due volte al giorno non è buono tre pillole, non ricordo la statistica ora. Sorry.
But the point is ...	Ma il punto è...	Ma il punto è...	Ma il punto è...	Ma il punto è...
... these dosages have something to do with it.	... che questi dosaggi hanno un ruolo.	... questi <unk> hanno qualcosa da farlo.	... questi dosaggi hanno qualcosa a che fare con questo.	Questi dosaggi hanno qualcosa a che fare.
And the form has something to do with it.	E anche la forma ha un ruolo.	E la forma ha a che fare con essa.	E la forma ha qualcosa a che fare con questo.	E la forma ha qualcosa per farlo.
And if you want the ultimate in placebo, you've go to the needle.	E se volete il placebo definitivo  dovete usare un ago.	E se volete che il <unk> in <unk>, <unk> alla <unk>.	E se volete che l'ultimazione in placebo, dovete andare al siedle.	E se vuoi il placebo, dovete andare in placebo.
Right? A syringe with some inert -- a couple CCs of some inert something,	Giusto? Una siringa con qualcosa --  un paio di c.c. di un qualcosa di inerte.	Giusto? Un paio di <unk> -- un paio di <unk> di <unk> qualcosa.	Giusto? Un siringe con alcune inerte -- un paio di cose inerte.	Giusto? Una siringa con un inerererererte.
and you inject this into a patient ...	lo iniettate in un paziente...	E <unk> questo in un paziente...	E l'inetto in un paziente...	e insetti questo in un paziente...
Well this is such a powerful image in their mind, it's so much stronger than the white pill.	Questa è un'immagine così forte nella loro mente,  molto più forte di quella della pillola bianca.	Beh, questa è un'immagine potente nella loro mente, è molto più <unk> del <unk> bianco.	Beh, questa è un'immagine potente nella loro mente, è molto più forte di quanto la pillola bianca.	Questa è un'immagine così potente nella loro mente, è così tanto più forte rispetto alla pillola bianco.
It's a really, this graph, well I'll show it to you some other time when we have slides.	È reale, questo grafico... bè ve lo mostrerò  un'altra volta quando avremo delle slide.	E 'una cosa veramente, questa <unk>, vi mostrerò in un altro momento in cui abbiamo <unk>.	E 'davvero un grafico, vi mostrerò alcune altre volte quando abbiamo delle slide.	E 'un vero, questo grafico, vi mostrerò qualche altra volta che ci sono diapositive.
The point is the white pill is not as good as the blue pill is not as good as the capsule is not as good as the needle.	Il punto è  che la pillola bianca non è efficace come quella blu  che non è efficace quanto la capsula, che non lo è quanto un ago.	Il punto è che il <unk> <unk> non è <unk> come la <unk> blu non è <unk> bene come il <unk>.	Il punto è la pillola bianca non è come la pillola blu non è come il capsule non è buone come il capsule non è buone come la necessario.	Il punto è che la pillola bianca non è buono come la pillola blu non è buono come il capsule.
And none of it has any real pharmaceutical quality,	E nessuno di questi ha una qualità farmaceutica.	E nessuna di qualità <unk> <unk>.	Nessuno di questo ha una qualità di vera farmaceutica.	E nessuna di esso ha una vera qualità farmaceutica.
it's only your belief that makes it real in your body and makes a stronger effect.	È solo il vostro credere che li rende reali  nel vostro copro e rafforza l'effetto.	È solo il vostro <unk> che lo rende reale nel vostro corpo e crea un effetto <unk>.	E 'solo la vostra credenza che sia reale nel vostro corpo e rende un effetto più forte.	È solo la tua convinzione che la rende reale nel vostro corpo e rende un effetto più forte.
I wanted to see if I could take that idea and apply it to a magic trick.	Volevo vedere se potevo prendere questa idea  e applicarla a un trucco magico.	Volevo vedere se <unk> questa idea e <unk> ad una <unk> <unk>.	Volevo vedere se riuscivo a vedere l'idea e applicarlo ad un trucco magico.	Volevo vedere se potessi prendere l'idea e applicazione in un trucco magico.
And take something that is obviously a fake trick and make it seem real.	E fare qualche cosa che sia un trucco finto  e farlo sembrare reale.	E prendete qualcosa che ovviamente è un <unk> <unk> e <unk> <unk>.	E prendete qualcosa che è ovviamente un falso che sembra davvero reale.	E prendete qualcosa che ovviamente è un trucco e renderlo sembrano vero.
And we know from that study that when you want reality, you go to the needle.	E sappiamo da quello studio  che quando volete un effetto bisogna usare l'ago.	E sappiamo da questo studio che quando volete, <unk> la realtà.	E noi sappiamo da questo studio che quando volete la realtà, andate al silato.	E sappiamo che, da questo studio quando vuoi la realtà, si va al ago.
This is a seven-inch hatpin. It's very, very sharp,	Questo è uno spillone di 7 pollici, Molto appuntito.	Questa è una <unk> <unk>. E 'molto, molto <unk>.	Questo è un gruppo di sette. E 'molto, molto, molto condiviso.	Questo è un pin certezza. E 'molto, molto condiviso.
and I'm going to just sterilize it a tiny bit.	Lo sterilizzo un po'.	E <unk> solo un <unk>.	E lo sto per sterilizzarla.	E sto per sterilizzare un po '.
This is really my flesh. This is not Damian's special-grown flesh.	Questa è la mia carne. Questa non è  Carne speciale di Damian.	Questo è il mio <unk>. Non è <unk> di <unk> <unk>.	Questo è davvero il mio flesh. Non è il mio flesh di Damian.	Questo è davvero il mio flesh. Non è una special-cresciuta di Damian.
That's my skin right there. This is not a Hollywood special effect.	Questa è la mia pelle. Questo non è un effetto speciale hollywoodiano.	Questa è la mia pelle proprio lì. Non è un effetto speciale.	Questa è la mia pelle. Non è un effetto speciale di Hollywood.	Questa è la mia pelle proprio lì. Non è un effetto speciale di Hollywood.
I'm going to pierce my skin and run this needle through to the other side.	Sto per bucare la mia pelle  e far passare questo ago fino alla parte opposta.	<unk> <unk> la pelle e <unk> questa <unk> dall'altra parte.	Cercherò la mia pelle e gestirò questo ha bisogno di un'altra parte.	Vi piaccierò la mia pelle e di correre questo ago per l'altro lato.
If you're queasy --  if you faint easily -- I was doing this for some friends in the hotel room last night, and some people that I didn't know, and one woman almost passed out.	Se provate nausea --   se svenite facilmente -- L'ho fatto per alcuni amici  nella camera d'albergo, l'altra notte, e per alcuni che non conoscevo,  e una donna è quasi svenuta.	Se siete <unk> -- se <unk> facilmente -- lo stavo facendo per alcuni amici nella stanza <unk> la notte, e alcune persone che non <unk>, e una donna quasi <unk>.	Se siete regalo -- se volate in facilmente -- lo facevo per alcuni amici nella stanza scorsa notte, e alcune persone che non conoscevo, e alcune persone che non conoscevo, e una donna quasi.	Se sei facile -- se ci si allontanano facilmente -- facevo questo per alcuni amici nell'hotel, e alcune persone che non sapevo, e una donna quasi passata.
So, I suggest if you get queasy easy that you look away for about the next 30 -- in fact, you know what, I'll do the first bad part behind it.	Quindi se provate nausea facilmente, suggerisco  che non guardiate per i prossimi 30--  in effetti, sapete, farò la prima parte brutta qui dietro.	Quindi, <unk> che se <unk> <unk> facile che <unk> i prossimi 30 -- di fatto, sapete cosa, <unk> la prima <unk>.	Allora, suggerisco se la facile che guardate via per i prossimi 30, in effetti, sapete cosa farò la prima parte brutta.	Quindi, suggerisco che vi chiedono di essere lontano per i prossimi 30 -- infatti, sapete cosa farò la prima brutta dietro di esso.
You'll get to see, you can look away too if you'd like to.	Tu potrai vedere, puoi guardare da un'altra parte.	<unk> a vedere, potete vedere anche se <unk>.	Vedete, potete vedere, potete guardare troppo se volete.	Vedrete, potete guardare troppo se vi piacerebbe.
So, here is what happens, right here, the beginning of my flesh at the lower part of my arm I just make a little pierce.	Ecco cosa accade, proprio qui,  l'inizio della mia carne  alla parte bassa del mio braccio faccio solo  un piccolo buco.	Quindi, ecco cosa succede, proprio qui, l'inizio del mio braccio <unk> alla parte <unk> del mio braccio che ho appena fatto un piccolo <unk>.	Ecco cosa succede qui, proprio qui, l'inizio del mio braccio alla parte inferiore del mio braccio solo una piccola pierza.	Ecco cosa succede, proprio qui, proprio qui, l'inizio della mia parte inferiore del mio braccio solo una piccola pierna.
I'm sorry, man. Am I freaking you out?	Scusami. Ti sto impressionando?	Mi <unk>, uomo. <unk> che vi <unk>?	Mi dispiace, mi dispiace, sto.	Mi dispiace.
OK, and then just through my skin a tiny bit, and then out the other side like this.	E ora un poco attraverso la mia pelle,  e fuori dall'altra parte, così.	Ok, e poi semplicemente attraverso la mia pelle <unk>, e poi dall'altra parte del genere.	Ok, poi attraverso la mia pelle, e poi fuori dall'altro lato come questo.	Ok, e poi semplicemente attraverso la mia pelle, e poi fuori l'altra parte del genere.
Now, essentially we're in the same position we were in with the knife trick.	Ora, siamo nella stessa posizione in cui eravamo  con il trucco del coltello.	Ora, in sostanza siamo nella stessa posizione con i <unk> <unk>.	Ora, praticamente siamo nella stessa posizione che eravamo con il truck.	Ora, essenzialmente nella stessa posizione che siamo stati con i coltelli.
Sort of. But you can't count my fingers right now can you?	Più o meno  Ma non potete contare le mia dita ora, no?	<unk>. Ma non puoi <unk> il mio <unk> proprio ora?	Secondo. Ma non puoi contare le dita proprio adesso?	Sort di voi. Ma non puoi contare le dita?
So, let me show them to you. That's one, two three, four, five. Yes, well...	Quindi ve le mostro. Ecco una, due  tre, quattro, cinque  Si, bene...	<unk> che vi <unk>. Questo è uno, due, quattro, quattro, cinque. Sì, bene...	Lasciatemi mostrare. Questo è uno, due tre, quattro, cinque.	Lasciate che vi mostri. E 'uno, due, quattro, cinque. Sì, beh...
I know what people think when they see this.	So cosa pensa la gente quando vede ciò.	So cosa la gente pensa quando lo vedono.	So quello che pensano che le persone quando vedono questo.	So che le persone pensano quando lo vedono.
They go, "Well, he's certainly not dumb enough to stab himself through the skin to entertain us for a few minutes.	Pensano, "Sicuramente non sarà tanto stupido da  bucarsi al pelle solo per divertirci qualche minuto."	<unk>: "Beh, di certo non è abbastanza <unk> da sé stesso attraverso la pelle per <unk> per qualche minuto.	Vanno, "Beh, non è sicuramente affrontare la pelle di stab attraverso la pelle per intrarci per alcune minuti.	Andano, "Beh, non è sufficiente da per lo stesso stesso attraverso la pelle per entrarci per un paio di minuti.
So, let me give you a little peek.	Quindi, lasciate che vi lasci dare una sbirciatina.	<unk> che vi <unk> un po '<unk>.	Lasciatemi darvi un pò.	Allora, lasciate che vi dà un po '.
How's that look out there? Pretty good.	Come vi sembra? Abbastanza bene.	<unk> è là fuori? <unk> bene.	Come guardate là fuori? Pretto.	Come guardate là fuori? Pretto bene.
Yeah, I know.  And the people in the back go, "OK, I didn't really see that."	Si, lo so   Quelli là dietro diranno "Ok, non l'ho visto bene".	Sì, lo so. E le persone nel <unk>, "Ok, non l'ho visto."	Sì, lo so. E le persone a tornare, "Ok, non lo vedevo."	Sì, lo so. E le persone nel retro, ok, non l'ho davvero visto. "
People in the satellite room are starting to move in now.	Le persone nelle stanze accanto stanno entrando.	Le persone nella stanza <unk> stanno <unk> a <unk>.	Le persone della stanza satellitare stanno cominciando a muoversi.	La gente nel satellite stanno iniziando a muoversi.
Let me give you good close look at this.	Fatemelo mostrare da vicino.	<unk> che vi <unk> bene.	Lasciate che vi chiudere vicino a questo.	Lasciate che vi danno bene.
That really is my skin. That is not a Hollywood special effect.	Questa è davvero la mia pelle. Non è un effetto speciale di Hollywood.	Questa è la mia pelle. Non è un effetto speciale.	Questa è la mia pelle. Non è un effetto speciale di Hollywood.	Questa è la mia pelle. Non è un effetto speciale di Hollywood.
That's my flesh, and I can twist that around.	Questa è la mia carne, e posso girarlo attorno.	Questo è il mio <unk>, e posso <unk>.	Questo è il mio flesh, e lo posso intorno.	Questo è il mio flessione, e posso due.
I'm sorry. If you're getting queasy, look away, don't look at the thing.	Scusate, se vi sentite male guardate da un'altra parte,  non guardate.	Mi <unk>. Se <unk> <unk>, guardate via, non guardate la cosa.	Mi dispiace. Se stai diventando, guardate via, non guardate la cosa.	Mi dispiace.
People in the back or people on video years from now watching this will go, "Well yeah, that looks kind of neat in some sort of effect there, but if it were real he would be --	La gente in fondo o che guarderà tra qualche anno il video  dirà, "Bè, è chiaro che  provoca qualche effetto, ma se fosse vero lui...	Le persone nel <unk> o le persone a video da <unk>, "Beh, sì, che sembra <unk> in un certo senso, ma se fosse vero?"	Le persone indietro di video a guardare il passaggio di guardare sarà: "Beh, sì, che sembra una sorta di vicino ad un effetto, ma se fosse reale.	La gente di ritorna o le persone video di guardandrà: "Beh, questo appare una specie di effetto, ma se fosse vero?
see there's a hole there and a hole there, if it were real he would be bleeding.	vedete c'è un buco qui e un buco qui, se fosse vero sanguinerebbe."	<unk> c'è un buco e un buco lì, se fosse reale avrebbe <unk>.	Vedete che c'è un buco lì, se fosse reale reale.	Vedete, c'è un buco lì e un buco lì, se fosse vero che si stacca.
Well let me work up some blood for you.	Bene, ora faccio uscire un po' di sangue per voi.	Beh, <unk> un po 'di sangue.	Beh, lasciatemi lavorare per voi.	Lasciatemi funzionare un po 'di sangue per voi.
Yes, there it is.	Ecco qui.	Sì, lì, è così.	Sì, c'è.	Sì, c'è.
Normally now, I would take the needle out.	Normalmente ora leverei l'ago.	Ora, <unk> il <unk>.	Normalmente adesso, prenderei il necessario.	Normalmente ora, prendo il ago.
I would clean off my arm, and I would show you that there are no wounds.	Pulirei il mio braccio, e vi farei vedere che non ci sono ferite.	<unk> <unk> il mio braccio, e vi mostrerò che non ci sono <unk>.	Vorrei pulire il mio braccio, e vi mostrerò che non ci sono venti.	Vorrei ripulire il braccio, e vi mostro che non ci sono feriti.
But I think in this context and with the idea of taking something fake and making it into something real, I'm just going to leave it there, and walk off the stage.	Ma credo che in questo contesto  e con l'idea di prendere qualcosa di falso  e trasformarlo in qualcosa di vero,  lo lascerò dov'è,  e me ne andrò dal palco.	Ma penso che in questo contesto e con l'idea di prendere qualcosa di <unk> e <unk> in qualcosa reale, lo <unk> lì, e <unk> il palco.	Ma penso che in questo contesto e con l'idea di prendere qualcosa di falso e rendendo qualcosa in reale, e camminare il palco.	Ma penso che in questo contesto e con l'idea di prendere qualcosa in qualcosa di reale, sto semplicemente per lasciare lì, e camminare sul palco.
I will be seeing you several times over the next few days. I hope you're looking forward to that. Thank you very much.	Ci vedremo diverse volte nei prossimi giorni  Spero che non vediate l'ora. Grazie molte	Vi farò vedere molte volte nei prossimi giorni. Spero che vi <unk>. Grazie mille.	Vedo che vi vedrò molti volte. Spero che stai guardando avanti. Grazie mille.	Vi farò vedere diverse volte nei prossimi giorni, spero che state osservando. Grazie mille.
So, I've known a lot of fish in my life.	Dunque, nella mia vita ho conosciuto un sacco di pesci.	Ho conosciuto molti pesci nella mia vita.	Quindi ho conosciuto molto pesci nella mia vita.	Ho conosciuto molti pesci nella mia vita.
I've loved only two.	Ne ho amati solo due.	Mi è <unk> solo due.	Ho amato solo due.	Ho amato solo due.
That first one, it was more like a passionate affair.	Il primo,  si trattò più che un altro di una storia passionale.	Il primo, era più come un <unk> <unk>.	Quella prima, era più come un impatto passionato.	Quella prima, era più come una condizione passione.
It was a beautiful fish: flavorful, textured, meaty, a bestseller on the menu.	Era un bellissimo pesce  saporito, carnoso, consistente  uno dei più venduti sul menu.	E 'stato un pesce <unk>: <unk>, <unk>, <unk>, un <unk> sul <unk>.	Era un pesce meraviglioso, straordinario, misurata, un bestuato sul menu.	Era una bellissima bellissimi: di pesce, carne, un bestseller sul menù.
What a fish.	Che pesce!	<unk> un pesce.	Che pesce un pesce.	Che pesce.
Even better, it was farm-raised to the supposed highest standards of sustainability.	Cosa ancora migliore,  veniva da un allevamento dotato degli standard più elevati  di sostenibilità ambientale.	Anche, era meglio <unk> che <unk> <unk> di <unk>.	Anche migliore, è stato coltivato per il sostenerlo standard più alto della sostenibilità.	Persino, è stato che è stato coltivato per le standard più alte della sostenibilità.
So you could feel good about selling it.	Così, ti sentivi a posto con la coscienza nel venderlo.	<unk> <unk> a <unk>.	Potreste sentirlo bene.	Quindi vi sentirete bene.
I was in a relationship with this beauty for several months.	Sono stato coinvolto in una relazione con questa bellezza  per diversi mesi.	Ero in una relazione con questa bellezza per diversi mesi.	Ero in una relazione con questa bellezza per diversi mesi.	Sono stato in una relazione con questa bellezza per diversi mesi.
One day, the head of the company called and asked if I'd speak at an event about the farm's sustainability.	Un giorno, il capo dell'azienda mi chiamò  e mi chiese di parlare ad un evento  dedicato alla sostenibilità ambientale dell'allevamento.	Un giorno, la testa della compagnia chiamata e mi ha chiesto se parlo a un evento sull' <unk> del <unk>.	Un giorno, la testa della compagnia chiamata e chiese se avessi parlavo un evento della sostenibilità.	Un giorno, la testa dell'azienda si chiama e chiese se parlo in un evento della sostenibilità.
"Absolutely," I said.	"Certamente" gli dissi.	"<unk>," dissi.	"Asolutamente," ho detto.	"Mi sono detto.
Here was a company trying to solve what's become this unimaginable problem for us chefs:	Questa era un'azienda che cercava di risolvere  ciò che è divenuto un problema inimmaginabile per i nostri chef.	Questa è stata un'azienda cercando di risolvere ciò che è diventato questo problema <unk> per noi.	Questa era una compagnia di risolvere ciò che è diventato questo problema inimmaginabile per noi.	Questa è stata un'azienda che cercando di risolvere ciò che è diventato questo problema inimmaginabile per noi.
How do we keep fish on our menus?	Come facciamo a continuare ad avere il pesce nei nostri menu?	Come <unk> i pesci sulla nostra <unk>?	Come facciamo a pesci sul nostro menus?	Come ci continuiamo?
For the past 50 years, we've been fishing the seas like we clear-cut forests.	Durante gli ultimi 50 anni  abbiamo pescato nei mari  nello stesso modo in cui abbiamo raso al suolo le foreste.	Negli ultimi 50 anni abbiamo <unk> il <unk> come <unk> <unk>.	Per gli ultimi 50 anni, abbiamo pescato le foreste come chiudere le foreste di chiarare le foreste.	Negli ultimi 50 anni, la pesca del mare come le foreste di tagliare le foreste.
It's hard to overstate the destruction.	La distruzione è stata tremenda.	E 'difficile <unk> il <unk>.	E 'difficile sopra la distruzione.	E 'difficile superare lo stato.
Ninety percent of large fish, the ones we love -- the tunas, the halibuts, the salmons, swordfish -- they've collapsed.	Il 90% dei grandi pesci, quelli che ci piacciono così tanto  i tonni, gli halibut, i salmoni, i pesci spada  si sono ridotti drasticamente di numero.	Il <unk>% dei pesci grandi, quelli che <unk> -- i <unk>, i <unk>, i <unk>, <unk> -- hanno <unk>.	La Ninetia per cento dei pesci, quelli che amano -- i soli, i soli, le vendite, le venditte, sale, hanno raccato.	La maggior parte dei pesci grandi, quelli che amiamo -- il tunas, il tunas, i mons, dolci -- hanno collassato.
There's almost nothing left.	Non c'è rimasto quasi nulla.	Non c'è niente quasi niente.	Non c'è quasi nulla.	C'è quasi nulla.
So, for better or for worse, aquaculture, fish farming, is going to be a part of our future.	Così, ci piaccia o meno  l'acquacoltura, l'allevamento di pesci, diventerà parte del nostro futuro.	Quindi, per meglio, o peggio, i pesci <unk>, i pesci <unk>, <unk>, sarà parte del nostro futuro.	Quindi, per il peggio per peggio, i pesci sarà una fattoria del nostro futuro.	Quindi, per meglio o per il peggio, l'agricoltura, il pesce, sarà parte del nostro futuro.
A lot of arguments against it:	Ci sono un sacco di argomenti contrari.	Un sacco di <unk> contro.	Molte argomenti contro.	Molti argomenti contro.
Fish farms pollute -- most of them do anyway -- and they're inefficient. Take tuna,	Gli allevamenti di pesci inquinano, per lo meno la maggiore parte di essi,  e sono inefficienti. Prendete il tonno per esempio.	<unk> <unk> <unk> -- la maggior parte di loro comunque -- e sono <unk>.	Le fattorie fattorie -- la maggior parte di loro fanno, e sono inefficienti.	I contadini inefficienti. La maggior parte di loro -- e sono inefficienti.
a major drawback. It's got a feed conversion ratio of 15 to one.	Un grande problema  è che c'è un tasso di conversione alimentare  di 15 a uno.	Un grande <unk>. Ha un <unk> di <unk> <unk> di 15.	Un grande disegno di indietro. Ha un pieno di 15.	Un disegno principale. E 'una ristretta conversione di 15 a uno.
That means it takes fifteen pounds of wild fish to get you one pound of farm tuna.	Questo significa che ci vogliono 15 libbre di pesce selvatico  per ottenere una libbra di tonno d'allevamento.	<unk> <unk> <unk> di <unk> di pesci <unk> di <unk> <unk>.	Ciò significa che richiede di pesci di pesci di pesci per ottenere una sonda di pesce.	Significa che prende il pesce di pesce di pesci per farvi un chilo di fattoria.
Not very sustainable.	Non è molto sostenibile.	Non molto <unk>.	Non molto sostenibile.	Non molto sostenibile.
It doesn't taste very good either.	E anche il sapore non è un gran che.	Non è molto <unk>.	Non è molto buono.	Non va bene.
So here, finally, was a company trying to do it right.	Ecco qui allora, finalmente  c'era un'azienda che cercava di farlo nel modo giusto.	Quindi, finalmente, era un'azienda <unk> di farlo bene.	Allora, alla fine, era un'azienda di provare a farlo.	Quindi, alla fine, era un'azienda che cercando di farlo giusto.
I wanted to support them.	Volevo aiutarli.	Volevo <unk>.	Volevo supportarli.	Volevo sostenere.
The day before the event, I called the head of P.R. for the company.	Il giorno prima dell'evento  ho telefonato al capo delle pubbliche relazioni dell'azienda.	Il giorno prima dell'evento, <unk> la testa di <unk>.	Il giorno prima del evento, ho chiamato la testa del P.R. per la compagnia.	Il giorno prima dell'evento, chiamo la testa del P.R. per l'azienda.
Let's call him Don.	Chiamiamolo Don.	<unk> <unk>.	Lo chiamiamo Don.	Lo chiamo.
"Don," I said, "just to get the facts straight, you guys are famous for farming so far out to sea, you don't pollute."	"Don", gli ho detto "tanto per capire bene, voi siete famosi  per fare allevamento così lontano, in mare aperto, che non inquinate."	"<unk>," <unk>, "solo per avere la <unk> <unk>, ma non <unk>."	"Don", "ho detto:" Devo solo ottenere i fatti diritti, siete famosi per coltivare così lontano per il mare, non inquinante. "	"Ho detto:" Dissi: "solo per ottenere i fatti in contatto, voi voi siete famosi per il mare, non inquinte."
"That's right," he said. "We're so far out, the waste from our fish gets distributed, not concentrated."	"Esatto", disse lui, "siamo così lontani dalla costa  che i nostri scarti vengono diluiti,  non concentrati."	"E 'giusto," ha detto. "Siamo così <unk>, i <unk> dei nostri pesci si <unk>, non <unk>."	"E 'giusto," ha detto "Siamo così lontano, la scorsa dal nostro pesce si distribuito, non concentrata."	"E 'giusto" Ci siamo così lontano, i rifiuti dal nostro pesce viene distribuito, non concentrato. "
And then he added, "We're basically a world unto ourselves.	E poi aggiunse  "Siamo praticamente un mondo a parte."	E poi <unk>, "<unk> siamo un mondo <unk> noi stessi.	E poi aggiunse: "Siamo sostanzialmente un mondo a noi stessi.	E poi disse: "Siamo fondamentalmente un mondo a noi stessi.
That feed conversion ratio? 2.5 to one," he said.	"Il tasso di conversione? 2.5 a uno" disse.	<unk> <unk> <unk>? <unk> ad uno, "ha detto.	La versione è la rativa? 2,5 a una, "ha detto.	Che nutriva la conversione di 2,5 a uno, "disse.
"Best in the business."	"Il migliore nel settore."	"<unk> nel business."	"Nel business".	"La maggior parte degli affari."
2.5 to one, great.	2.5 a uno, fantastico.	<unk> ad uno, <unk>.	2,5 a uno.	2,5 a uno.
"2.5 what? What are you feeding?"	"2.5 a uno cosa? Che cosa date da mangiare ai pesci?"	"<unk> cosa? Cosa? Cosa sei <unk>?"	"2,5? Cosa state nutrendo?"	"2,5? Cosa state nutrendo?"
"Sustainable proteins," he said.	"Proteine sostenibili", disse.	"<unk> <unk> <unk>", ha detto.	"Sustanze in grado," ha detto.	"La proteine Sustantabile," disse.
"Great," I said. Got off the phone.	"Grande", dissi io. E chiusi la telefonata.	"<unk>," <unk>. <unk> dal telefono.	"Dissi:" Dissi. Va fuori il telefono.	"Grande," Dissi.
And that night, I was lying in bed, and I thought: What the hell is a sustainable protein?	Quella notte, ero a letto, pensai:  ma che diavolo è una proteina sostenibile?	E quella notte, ero <unk> a letto, e ho pensato: <unk> è una <unk> <unk>?	E questa notte, stavo andando a letto, e ho pensato: Qual'è una proteina sostenibile?	E quella notte, stavo morendo a letto, e pensai: Cosa c'è una proteina sostenibile?
So the next day, just before the event, I called Don.	Allora il giorno dopo, poco prima dell'evento, chiamai ancora Don.	Quindi il giorno dopo, appena prima dell'evento, <unk> <unk>.	Quindi il giorno dopo, solo prima del evento, ho chiamato Don.	Il giorno successivo, appena prima dell'evento, io l'ho chiamato Non.
I said, "Don, what are some examples of sustainable proteins?"	Dissi: "Don, mi fai qualche esempio di proteine sostenibili?"	<unk>: "<unk>, quali sono alcuni esempi di <unk> <unk>?"	Ho detto, "Don, cosa sono alcuni esempi di proteine sostenibile?"	Dissi: "Cosa sono alcuni esempi di proteine sostenibili?"
He said he didn't know. He would ask around.	Disse che non lo sapeva, e che avrebbe chiesto in giro.	<unk> che non lo <unk>. <unk> intorno.	Lui ha detto che non lo sapeva.	Disse che non lo sapeva.
Well, I got on the phone with a few people in the company; no one could give me a straight answer	Beh, parlai con un po' di gente dell'azienda  e nessuno seppe darmi una risposta precisa.	Beh, mi sono <unk> al telefono con poche persone in compagnia; nessuno potrebbe <unk> una risposta <unk>.	Beh, ho preso il telefono con alcune persone nella compagnia, nessuno possa darmi una risposta diritta.	Bene, ho ricevuto il telefono con alcune persone nella compagnia, nessuno potrebbe darmi una risposta diritti una risposta stretta.
until finally, I got on the phone with the head biologist.	Finché finalmente parlai  con il biologo capo.	fino alla fine, mi sono <unk> al telefono con la testa <unk>.	Finfine, finalmente, ho sul telefono con il biologo di testa.	Alla fine, arrivai al telefono con il biologo della testa.
Let's call him Don too.	Chiamiamo anche lui Don.	<unk> anche <unk>.	Lo chiamiamo anche Don troppo.	Chiamiamo.
"Don," I said, "what are some examples of sustainable proteins?"	"Don," dissi  "mi fai qualche esempio di proteine sostenibili?"	"<unk>," <unk>, "quali sono alcuni esempi di <unk> <unk>?"	"Don", "Cosa sono alcuni esempi di proteine sostenibili?"	"Ho detto:" Che cosa sono alcuni esempi di proteine sostenibili? "
Well, he mentioned some algaes and some fish meals, and then he said chicken pellets.	Beh, lui menzionò qualche alga  alcuni mangimi a base di pesce  e poi disse "Pezzi di pollo."	Beh, ha <unk> alcuni pesci e alcuni pesci <unk>, e poi ha detto <unk> <unk>.	Beh, ha menzionato alcune alghe dei pesci, e poi ha detto di polione.	Ebbene, ha menzionato delle alghe e dei pesci di pesci, e poi disse che i pellini.
I said, "Chicken pellets?"	Dissi: "Pezzi di pollo?"	<unk>: "<unk> <unk> <unk>?"	Dissi: "Chicken?"	Dissi: "I ragazzi?"
He said, "Yeah, feathers, skin, bone meal, scraps, dried and processed into feed."	Disse: "Sì, penne, pelle,  ossa, scarti vari,  seccati e processati a mangime."	<unk>: "Sì, <unk>, <unk>, <unk> <unk>, <unk>, <unk> e <unk> in <unk>."	Disse: "Sì, caratteristiche, pelle, pelle, pelle, patrii e trasformarono in piedi."	Disse: "Sì, padri, padri, pelle, scattate, scattato e si è scontrato in."
I said, "What percentage of your feed is chicken?"	Dissi: "Quale percentuale  del vostro mangime è fatto di pollo?"	<unk>: "<unk> <unk> del vostro <unk> è <unk>?"	Dissi: "Che percentuale del vostro piego?"	Dissi: "Che percentuale della tua vita è pollo?"
Thinking, you know, two percent.	Pensavo, diciamo, il due percento.	<unk>, sapete, il 2%.	Pensate, sapete, due per cento.	Lavorando, sapete, il due%.
"Well, it's about 30 percent," he said.	"Beh, è circa il 30 percento" disse.	"Beh, è circa il 30%," ha detto.	"Beh, è circa 30 per cento," disse.	"Be ', è circa il 30%.
I said, "Don, what's sustainable about feeding chicken to fish?"	Dissi: "Don, che cosa c'è di sostenibile  nel dare ai pesci del pollo da mangiare?"	<unk>: "<unk>, cosa <unk> di <unk> <unk>?"	Io dissi: "Don, che cosa è sostenibile di piedi a pesci?"	Dissi: "Non, che cos'è sostenibile per nutrire il pollo?"
There was a long pause on the line, and he said, "There's just too much chicken in the world."	Ci fu una lunga pausa al telefono  e poi disse "ci sono proprio troppi polli al mondo."	C'era una lunga <unk> sulla <unk>, e disse: "C'è troppo <unk> nel mondo."	C'era una lunga la linea, e ha detto: "C'è troppo troppo pollo nel mondo."	C'era una lunga lunghezza della linea, e disse: "C'è troppo troppo capitato nel mondo".
I fell out of love with this fish.	Mi disamorai di questo pesce.	Sono <unk> di questo pesce.	Scaduta fuori da questo pesce.	Ho finito di amore con questo pesce.
No, not because I'm some self-righteous, goody-two shoes foodie.	No, non perché sono uno di quei virtuosi  amanti del buon cibo sano e tradizionale.	No, non perché sono dei <unk>, <unk> <unk> <unk>.	No, non perchè sono un po 'di auto-righe, due scarpe di cibo.	No, non perché sono un po 'di un po' di due scarpe che muoiono.
I actually am.	Beh, a dire la verità lo sono.	Sono in realtà.	Sto.	Sono in realtà.
No, I actually fell out of love with this fish because, I swear to God, after that conversation, the fish tasted like chicken.	No, in effetti mi disamorai di questo pesce perché, ve lo giuro  dopo quella conversazione, il pesce sapeva di pollo.	No, mi sono <unk> di amore con questo pesce perché, mi <unk> a Dio, dopo quella conversazione, i pesci <unk> come <unk>.	No, in effetti mi è piaduto di questo pesce perché, sai a Dio, dopo quella conversazione, il pesce di come il pollo.	No, in realtà mi innamorare con questo pesce perché, io metto a Dio, dopo quella conversazione, il pesce che il pesca.
This second fish, it's a different kind of love story.	Il secondo pesce  è un storia d'amore diversa.	Il secondo pesce, è una sorta di amore.	Questo secondo pesce, è un tipo di amore.	Questo secondo pesce, è un tipo di amore.
It's the romantic kind, the kind where the more you get to know your fish, you love the fish.	È una storia romantica  quel tipo di storia per cui più conosci il pesce  e più lo ami.	E 'il <unk>, il tipo in cui più <unk> sapere il vostro pesce, <unk> il pesce.	E 'il tipo romantico romantico, il tipo di pesci, amano il pesce.	E 'il romantico tipo in cui il pesce, ti piace il pesce, amiamo il pesce.
I first ate it at a restaurant in southern Spain.	Lo mangiai per la prima volta in un ristorante  nel sud della Spagna.	Prima di <unk> in un <unk> a <unk> <unk>.	L'ho mangiato ad un ristorante in sud.	La prima volta che la Spagna nella Spagna del sud.
A journalist friend had been talking about this fish for a long time.	Una mia amica giornalista mi aveva parlato a lungo di questo pesce.	Un amico <unk> aveva parlato di questo pesce per molto tempo.	Un giornalista si parla di questo pesce per molto tempo.	Un amico giornalista del giornalista stava parlando di questo pesce per molto tempo.
She kind of set us up.	Praticamente ci aveva fatto incontrare.	Lei ci <unk>.	Lei ha messo.	Lei ci ha messo in piedi.
It came to the table a bright, almost shimmering, white color.	Arrivò sul tavolo  aveva un colore bianco brillante, quasi scintillante.	<unk> sul tavolo una <unk> <unk>, quasi <unk>, colore bianco.	E 'venuto al tavolo, quasi spazzatura bianca.	E 'venne al tavolo, quasi shimmering, il colore bianco.
The chef had overcooked it.	Lo chef lo aveva cotto troppo.	Il <unk> lo aveva <unk>.	La controlla schifo.	Il chef aveva spaventato.
Like twice over.	Praticamente il doppio di quanto doveva essere cotto.	<unk> due volte.	Come il doppio.	Come due volte.
Amazingly, it was still delicious.	Incredibilmente, era comunque delizioso.	<unk>, era ancora <unk>.	Amzoltamente, era ancora deliziosa.	Una cosa interessante, era ancora deliziosa.
Who can make a fish taste good after it's been overcooked?	Chi è capace di rendere un pesce così buono  dopo averlo stracotto?	Chi può fare un pesce <unk> bene dopo che è stato <unk>?	Chi può fare un pesce dopo che è stato sovrato?	Chi può fare un pesce dopo che è stato buono dopo che è stato sceso?
I can't, but this guy can.	Io no,  ma questo tizio sì.	Non posso, ma questo tipo.	Non posso, ma questo tizio può.	Non posso, ma questo tizio.
Let's call him Miguel --	Chiamiamolo Miguel.	<unk> <unk>.	Lo chiamiamo Miguel.	Lo chiamo Miguel.
actually his name is Miguel.	In effetti si chiama proprio Miguel.	Il suo nome è <unk>.	Il suo nome è Miguel.	Il suo nome è Miguel.
And no, he didn't cook the fish, and he's not a chef,	No, non aveva cotto il pesce, e non è uno chef.	E no, non ha <unk> i pesci, e non è un <unk>.	E no, lui non cucina il pesce, e non è un chef.	E no, non cucinare il pesce, e non è un chef.
at least in the way that you and I understand it.	Per lo meno, non nel senso che intendiamo di solito.	<unk> nel modo in cui lo <unk> e lo <unk>.	Nel modo in cui lo capisco.	almeno nel modo in cui voi e lo capisco.
He's a biologist at Veta La Palma. It's a fish farm in the southwestern corner of Spain. It's at the tip of the Guadalquivir river.	È un biologo  a Veta La Palma  che è un allevamento di pesci nell'angolo sudoccidentale della Spagna  alle foce del fiume Guadalquivir.	E 'un <unk> a <unk> <unk> <unk>. E' un pesce <unk> nell'angolo di <unk>. E 'al <unk> del fiume <unk>.	E 'un biologo di Veta La Palma. E' un pesce nell'angolo dell'angolo di Spagna. E 'all'angolo del Guadalto. E' al fiume del Guadalquivir.	E 'un biologo a Veta La Palma. E' una fattoria del sud della Spagna.
Until the 1980s, the farm was in the hands of the Argentinians.	Fino agli anni 80  l'allevamento era gestito dagli argentini.	<unk> il <unk>, il <unk> era nelle mani del <unk>.	Finché gli anni '80, la fattoria era nelle mani dei Argentiniani.	All'inizio degli anni '80, la fattoria delle mani dell'Argentesi.
They raised beef cattle on what was essentially wetlands.	Allevavano bovini  su quella che prima era essenzialmente una zona paludosa.	Hanno <unk> <unk> <unk> su ciò che era essenzialmente <unk>.	Hanno alzato pief cattle su ciò che era essenzialmente male.	Hanno cresciuto bestiame per il bestiame di quello che è stato essenzialmente beni.
They did it by draining the land. They built this intricate series of canals, and they pushed water off the land and out into the river.	Avevano drenato la terra  costruendo una serie intricata di canali  convogliando così l'acqua nel fiume.	L'hanno fatto <unk> la terra. Hanno costruito questa serie <unk> di <unk>, e <unk> l'acqua dalla terra e nel fiume.	L'hanno fatto di disegnare la terra. Hanno costruito questa serie intricate di canali, e tirano acqua dalla terra.	Lo hanno fatto per disegnare la terra. Hanno costruito questa serie di canali di canali, e si spingono l'acqua dal fiume.
Well, they couldn't make it work, not economically.	Beh, non riuscirono a fare funzionare la cosa  non dal punto di vista economico.	Beh, non <unk> a farlo funzionare, non <unk>.	Beh, non riuscisero a farlo funzionare, non economicamente.	Beh, non potevano fare funzionare, non economicamente.
And ecologically, it was a disaster.	E, dal punto di vista ecologico, era un disastro.	E <unk>, era un <unk>.	E ecologicamente, era un disastro.	E ecologicamente, era un disastro.
It killed like 90 percent of the birds, which, for this place, is a lot of birds.	Aveva ucciso qualcosa come il 90% degli uccelli  e, considerando il posto, si tratta di molti uccelli.	Ha <unk> come il 90% degli uccelli, che, per questo posto, è molto di uccelli.	Ha ucciso come 90 per cento degli uccelli, che per questo luogo, è molto uccelli.	Ha ucciso come il 90% degli uccelli, che per questo posto, è un sacco di uccelli.
And so in 1982, a Spanish company with an environmental conscience purchased the land.	Così, nel 1982  un'azienda spagnola con una coscienza ambientale  comprò il terreno.	E quindi, in <unk>, un'azienda <unk> con un <unk> <unk> la terra.	E così nel 1982, una compagnia di Spanish con una consapevolezza ambientale.	Nel 1982, una compagnia di Spanish con un'azienda di Spanish con una coscienza ambientale.
What did they do?	Che cosa fecero?	Che cosa fanno?	Cosa hanno fatto?	Cosa hanno fatto?
They reversed the flow of water.	Invertirono il flusso delle acque.	<unk> il flusso dell'acqua.	Hanno riversato il flusso dell'acqua.	Avevano fatto il flusso dell'acqua.
They literally flipped the switch.	Letteralmente, invertirono l'interruttore.	Hanno letteralmente <unk> il <unk>.	Hanno letteralmente letteralmente la interruttura.	Hanno letteralmente lasciato l'interruttore.
Instead of pushing water out, they used the channels to pull water back in.	Invece di convogliare l'acqua via dalla terreno  usarono i canali per inondarlo.	Invece di <unk> acqua, hanno usato il <unk> per <unk> l'acqua.	Invece di mettere d'acqua, hanno usato i canali per raccogliere l'acqua.	Invece di spingere l'acqua, usavano l'acqua.
They flooded the canals.	Inondarono tutti i canali.	<unk> il <unk>.	Hanno piegato i canali.	Hanno incontro i canali.
They created a 27,000-acre fish farm -- bass, mullet, shrimp, eel -- and in the process, Miguel and this company completely reversed the ecological destruction.	Crearono un allevamento di pesci da 27 mila acri  spigole, muggini  gamberi, anguille  e in questo processo, Miguel e questa azienda  invertirono completamente la distruzione ecologica.	Hanno creato un pesce <unk> <unk> -- <unk>, <unk>, <unk>, <unk>, <unk>, e nel processo, <unk> e questa azienda completamente <unk> la <unk> <unk>.	Hanno creato una fattoria di 27.00-acro, basami, mappare, eguel -- e nel processo, Miguel e questa compagnia riversata la distruzione ecologica.	Hanno creato una fattoria di 2000 di pesci di pesci di pesce di 2000, mulli, e nel processo, Miguel -- e nel processo, Miguel e la distruzione ecologica totale.
The farm's incredible.	L'allevamento è incredibile.	La <unk> è incredibile.	La fattoria è incredibile.	La fattoria è incredibile.
I mean, you've never seen anything like this.	Voglio dire, non si è mai vista una cosa così.	Voglio dire, non avete mai visto niente di simile.	Voglio dire, non avete mai visto niente del genere.	Voglio dire, non avete mai visto niente del genere.
You stare out at a horizon that is a million miles away, and all you see are flooded canals and this thick, rich marshland.	Guardi l'orizzonte  che sembra essere lontano un milione di miglia  e tutto ciò che vedi sono i canali inondati  e questa ricca, densa terra lagunosa.	<unk> fuori da una <unk> che è un milione di chilometri, e tutti voi vedete sono <unk> <unk> e questo <unk>, <unk> <unk>.	Tu stai fuori ad un'orizzonte che è un milione di chilometri, e tutti vedete i tumori e questa terra, ricca.	Soscate in un orizzone che è un milione di chilometri, e tutto quello che vedete sono inondati e questo legno.
I was there not long ago with Miguel.	Sono stato lì poco tempo fa con Miguel.	Non molto tempo fa con <unk>.	Non c'ero tempo fa con Miguel.	Non ero molto tempo fa, con Miguel.
He's an amazing guy, like three parts Charles Darwin and one part Crocodile Dundee.	È un tipo incredibile  tre quarti Charles Darwin e un quarto Crocodile Dundee.	E 'un uomo incredibile, come tre parti di <unk> <unk> e una parte <unk> <unk>.	È un ragazzo incredibile, come tre parti Charles Darwin e una parte di Crocodile.	E 'un uomo incredibile, come tre parti Charles Darwin e una parte di Crocodile Dundee.
Okay? There we are slogging through the wetlands, and I'm panting and sweating, got mud up to my knees, and Miguel's calmly conducting a biology lecture.	Okay? Stavamo faticando in mezzo a questa laguna  e io ansimavo, sudavo, avevo il fango alle ginocchia  e Miguel, calmissimo, teneva la sua lezione di biologia.	Ok? Ci siamo <unk> attraverso il <unk>, e sono <unk> e <unk>, <unk> alla mia <unk>, e <unk> <unk> <unk> <unk>.	Okay? Ci siamo sbagliati attraverso le onde, e sto spazzatura, e sto svegliando, sveglia, e il Miguel di Miguel di biologia.	Okay? Ci stiamo spaventando attraverso i mari, e sto pantando, e mi svedendo la muore, e la calma di Miguel di Miguel è una lezione di biologia.
Here, he's pointing out a rare Black-shouldered Kite.	Prima mi indica un raro nibbio bianco.	Qui ha <unk> una <unk> <unk> <unk>.	Qui, sta parlando di un raro Black-shoulandata.	Qui sta puntando una rara Black-shoulderato Kite.
Now, he's mentioning the mineral needs of phytoplankton. And here, here he sees a grouping pattern that reminds him of the Tanzanian Giraffe.	Poi mi spiega le necessità minerali del fitoplancton  poi vede un tipo di raggruppamento di pesci  che gli ricorda le giraffe della Tanzania.	Ora, ha <unk> i <unk> <unk> di <unk>. E qui, <unk> un <unk> <unk> che lo <unk> della <unk> <unk>.	Ora, lui ha menzionato i bisogni minerale del fisso E qui qui, qui vede un schema di gruppi che lo ricorda del Tanzanian.	Ora, ha menzionato la minerna ha bisogno di altezza di tton, e qui qui, lui vede un modello di ricerca di un modello di ricerca di Tanzanian Giraffe.
It turns out, Miguel spent the better part of his career in the Mikumi National Park in Africa.	Salta fuori che Miguel ha speso gran parte della sua carriera  al Parco Nazionale Mikumi in Africa.	<unk> che <unk> la parte migliore della sua carriera nel <unk> <unk> <unk> <unk> in Africa.	Viene fuori, Miguel migliore della sua carriera nel Parco di Mikumi National Park in Africa.	Viene fuori, Miguel ha speso la parte migliore della sua carriera nel Mikumi in Africa.
I asked him how he became such an expert on fish.	Gli ho chiesto come era diventato  un tale esperto di pesci.	Gli ho chiesto come è diventata una <unk> così <unk>.	Gli ho chiesperto di come divenne un pesce.	Gli chiesi come divenne un esperto su pesce.
He said, "Fish? I didn't know anything about fish.	Disse: "Pesci? Non so niente di pesci.	<unk>: "<unk>? Non sapevo niente di pesce.	Dish, "Fish? Non sapevo nulla del pesce.	Disse: "Non sapevo nulla di pesce.
I'm an expert in relationships."	Sono un esperto in relazioni."	Sono un <unk> in relazione. "	Sono un esperto in relazione. "	Sono un esperto nelle relazioni. "
And then he's off, launching into more talk about rare birds and algaes and strange aquatic plants.	E subito dopo si lancia ancora in discorsi  su uccelli rari, alghe  e strane piante acquatiche.	E poi <unk> in più parlare di uccelli <unk> e <unk> e <unk> e piante <unk>.	E poi ha lanciato, lanciando più parlando di raro di raro e strane.	E poi si tratta di riferire più parlare di raro uccelli e strano acquatici e strano acquatici.
And don't get me wrong, that was really fascinating, you know, the biotic community unplugged, kind of thing.	Non fraintendetemi, tutto questo era molto affascinante, cioè,  una cosa come la comunità biotica rivelata allo stato naturale.	E non mi <unk>, era veramente affascinante, sapete, la <unk> <unk> <unk>, tipo di cose.	E non mi ha sbagliato, è stato davvero affascinante, sapete, la comunità biotica, la comunità biotica.	E non mi sbagliano, che è stato davvero affascinante, sapete, la comunità biotica.
It's great, but I was in love.	Sì è interessante, ma io ero innamorato.	E 'fantastico, ma ero <unk>.	E 'fantastico, ma innamorata.	E 'fantastico, ma ero amore.
And my head was swooning over that overcooked piece of delicious fish I had the night before.	E la mia testa continuava a ripensare  a quel delizioso pesce stracotto che avevo mangiato la sera precedente.	E la mia testa era <unk> per quel pezzo di pesce <unk> che avevo la notte prima.	E la mia testa è stato scattato di quel pezzo di pesce che ho avuto la notte prima.	E la mia testa si nuotava che sovrazze del pesce delizioso che ho avuto la notte prima.
So I interrupted him. I said, "Miguel, what makes your fish taste so good?"	Così lo interruppi e dissi  "Miguel, che cosa rende il tuo pesce così buono?"	Così lo <unk>. <unk>: "<unk>, cosa rende i vostri <unk> <unk>?"	Quindi lo ho interrotto. Dissi: "Miguel, che cosa rende il pesce?".	Quindi ho interruttato. Dissi: "Miguel, che cosa rende il vostro gusto?"
He pointed at the algae.	Lui indicò le alghe.	Ha <unk> al <unk>.	Lui ha parlato all'alghe.	Ha notato all'alga.
"I know, dude, the algae, the phytoplankton, the relationships: It's amazing.	"Lo so, lo so, le alghe, il fitoplancton,  le relazioni, sì, è incredibile.	"Lo so, <unk>, i <unk>, le relazioni, le relazioni: è incredibile.	"Lo so, l'algae, il fytoplankton, le relazioni: è straordinario.	"Conosco, le alghe, le alghe, le relazioni di alghe, le relazioni: E 'incredibile.
But what are your fish eating?	Ma i tuoi pesci cosa mangiano?	Ma quali sono i vostri pesci che <unk>?	Ma qual è il tuo pesce?	Ma cos'è il vostro pesce?
What's the feed conversion ratio?"	Qual'è il vostro tasso di conversione alimentare?	<unk> è il <unk> <unk>? "	Qual è la versione rativo? "	Qual è la sensazione di conversione? "
Well, he goes on to tell me it's such a rich system that the fish are eating what they'd be eating in the wild.	Beh, mi risponde raccontandomi  di come il loro sia un sistema così ricco  che i pesci mangiano esattamente ciò che mangerebbero in un ambiente selvatico.	Beh, va a dire che è un sistema così <unk> che i pesci stanno <unk> quello che <unk> in natura.	Bene, mi dice che è così che i pesci stanno mangiando quello che i pesci stanno mangiando quello che mangiano quello che mangiano nel giro.	Beh, va a dirmi che è un sistema così ricco che il pesce che stanno mangiando nel bagno.
The plant biomass, the phytoplankton, the zooplankton, it's what feeds the fish.	La biomassa delle piante, il fitoplancton,  lo zooplancton, è tutto questo che nutre i pesci.	La <unk> <unk>, il <unk>, il <unk>, è quello che <unk> i pesci.	La biomassa della biomassa, il fytoplankton, la zooplankton, è quello che nutrono i pesci.	La biomassa pianta, la pianta di pollano, l'zooplankton, è quello che nutrono i pesci.
The system is so healthy, it's totally self-renewing.	Il sistema è così in salute  che si auto-rinnova completamente.	Il sistema è così <unk>, è totalmente <unk>.	Il sistema è così sana, è totalmente auto-rendimento.	Il sistema è talmente sana, è totalmente auto-rinnovazione.
There is no feed.	Non ci sono mangimi.	Non c'è <unk>.	Non c'è nutrito.	Non c'è nutrito.
Ever heard of a farm that doesn't feed its animals?	Avete mai sentito parlare di un allevamento che non dà da mangiare ai suoi animali?	<unk> <unk> di un <unk> che non <unk> gli animali?	Ever sentito parlare di un fattoria che non nutrono i suoi animali?	Ever sentito parlare di una fattoria che non ha nutrito i suoi animali?
Later that day, I was driving around this property with Miguel, and I asked him, I said, "For a place that seems so natural, unlike like any farm I'd ever been at, how do you measure success?"	Più tardi, stavo guidando attorno al terreno con Miguel  e dissi: "In un posto come questo che sembra così naturale  diverso da qualsiasi allevamento che abbia mai visto,  come fai a misurare il successo?"	<unk> quel giorno, stavo <unk> intorno a questa proprietà con <unk>, e gli ho chiesto, "Per un posto che sembra così naturale, <unk> come ogni <unk> che abbia mai potuto misurare, come <unk> il successo?"	Adesso quel giorno, stavo guidando intorno a questa proprietà con Miguel, e gli ho chiesto: "Per un posto che sembra così naturale, come una fattoria che sembra di misurare il successo?"	A quel giorno, stavo guidando attorno a questa proprietà con Miguel, e gli chiesi: "Per un posto che sembra così naturale, a come ogni fattoria che io sarei stato a come misurare il successo?"
At that moment, it was as if a film director called for a set change.	In quel preciso momento, fu come se  il regista di un film avesse ordinato il cambio del set.	A quel momento, era come se un film <unk> <unk>.	A quel momento, era come se un direttore di un film chiamato per un cambiamento.	A quel momento, è stato come se il direttore chiamato cambiamento.
And we rounded the corner and saw the most amazing sight: thousands and thousands of pink flamingos, a literal pink carpet for as far as you could see.	Girammo l'angolo  e vedemmo una scena tra le più incredibili  migliaia e migliaia di fenicotteri rosa  un vero tappeto rosa che si perdeva a vista d'occhio.	E <unk> l'angolo e <unk> le <unk> più <unk>: migliaia di <unk> <unk>, una <unk> <unk> <unk> per quanto lontano <unk>.	E abbiamo visto l'angolo e ho visto la visione più incredibile: migliaia e migliaia di pinchiostro, un carpeto letterale per quanto vedi.	E abbiamo rinunciato l'angolo più sorprendente: migliaia di migliaia di e migliaia di flaminali rosa, una cartina letterale per quanto potevi vedere.
"That's success," he said.	"Quello è il successo", disse.	"Questo è successo," ha detto.	"Questo è successo" lui ha detto.	"E 'il successo," lui disse.
"Look at their bellies, pink.	"Guarda le loro pance, sono rosa.	"<unk> i loro <unk>, <unk>.	"Guardate le loro parole.	"Guardate i loro bellissimi, rosa.
They're feasting."	Stanno banchettando."	Sono <unk>. "	Stanno nutrono. "	Stanno paura. "
Feasting? I was totally confused.	Banchettando? Ero completamente confuso.	<unk>? Ero completamente <unk>.	Adesso? Ero totalmente confusa.	Feccolo? Io ero totalmente confusa.
I said, "Miguel, aren't they feasting on your fish?"	Dissi: "Miguel, ma non stanno banchettando con il tuo pesce?"	<unk>: "<unk>, non sono <unk> sul vostro pesce?"	Dissi: "Miguel, non sono andati sul vostro pesce?"	Dissi: "Miguel, non stanno nutrendo sul vostro pesce?"
"Yes," he said.	"Sì", disse.	"Sì," ha detto.	"Sì".	"Sì", disse.
"We lose 20 percent of our fish and fish eggs to birds.	"Perdiamo circa il 20% del pesce  e delle uova di pesce per via degli uccelli.	"<unk> il 20% dei pesci e dei pesci e dei pesci <unk>.	"Abbiamo perso il 20 per cento dei pesci e pesce per uccelli.	"Noi perdiamo il 20% dei pesci e pesci uova gli uccelli.
Well, last year, this property had 600,000 birds on it, more than 250 different species.	L'anno scorso su questa proprietà  c'erano 600mila uccelli  più di 250 specie.	Beh, l'anno scorso, questa proprietà aveva <unk> gli uccelli <unk>, più di <unk> diverse specie.	Beh, l'anno scorso, questa proprietà aveva 600.000 uccelli, più di 250 diverse.	L'anno scorso, questa proprietà aveva 600.000 uccelli, più di 250 specie.
It's become, today, the largest and one of the most important private bird sanctuaries in all of Europe."	Oggi è diventato il più grande  e uno dei più importanti  santuari privati per gli uccelli in tutta l'Europa."	E 'diventato, oggi, il più grande e uno dei più importanti <unk> <unk> in tutta l'Europa. "	Oggi è diventata, più grande e uno dei più importanti e uno dei più importanti del privato in tutta l'Europa. "	E 'diventata, oggi, il più grande e uno dei più importanti uccelli privati in tutti l'Europa. "
I said, "Miguel, isn't a thriving bird population like the last thing you want on a fish farm?"	Dissi: "Miguel, ma una popolazione rigogliosa di uccelli  non è l'ultima cosa che vorresti in un allevamento di pesci?"	<unk>: "<unk>, non è una popolazione <unk> <unk> come l'ultima cosa che volete su un <unk>?"	Dissi: "Miguel, non è un uccello che guida di un pesce?"	Dissi: "Miguel, non è una popolazione come l'ultima cosa che vuoi su un pesce?"
He shook his head, no.	Scosse la testa, no.	<unk> la testa, no.	Lui la sua testa, no.	Camolo la testa, no.
He said, "We farm extensively, not intensively.	Disse "Noi alleviamo in modo estensivo  non in modo intensivo.	<unk>: "<unk> <unk> <unk>, non <unk>.	Lui ha detto: "Noi fattoria, non intensivamente.	Disse: "Noi fattoria estendiamo in modo estendo.
This is an ecological network.	Questo è un network ecologico.	Questa è una rete <unk>.	Questa è una rete ecologica ecologica.	Questa è una rete ecologica.
The flamingos eat the shrimp.	I fenicotteri mangiano i gamberi.	I <unk> <unk> il <unk>.	I flamine mangiano la gamba.	I capi di grano il gamberetto di gamberetti.
The shrimp eat the phytoplankton.	I gamberi mangiano il fitoplancton.	I <unk> <unk> il <unk>.	Il pannello spazzatura mangiano.	Il gamberetto che mangiano l'altezza di mare.
So the pinker the belly, the better the system."	Così, tanto più è rosa la pancia dei fenicotteri  tanto migliore è il sistema."	Quindi, la <unk> <unk>, il sistema migliore. "	Quindi il pinker, il sistema migliore. "	Per cui il pinker, il sistema migliore. "
Okay, so let's review: a farm that doesn't feed its animals, and a farm that measures its success on the health of its predators.	Ok, allora riassumiamo:  Un allevamento che non dà da mangiare ai suoi animali  e che misura il suo successo  in base alla salute dei suoi predatori.	Ok, quindi <unk>: un <unk> che non <unk> gli animali, e un <unk> che <unk> il suo successo sulla salute del suo successo.	Okay, quindi riviamo: una fattoria che non nutrono i suoi animali, e una fattoria che i suoi successo sulla salute dei suoi predatori.	Ok, quindi andiamo: una fattoria che non ha nutrito i suoi animali, e una fattoria che misurano il successo sulla salute dei suoi predatori.
A fish farm, but also a bird sanctuary.	Un allevamento di pesci, ma anche un santuario per uccelli.	Un pesce <unk>, ma anche un <unk> <unk>.	Una fattoria di pesce, ma anche un uccello.	Una fattoria pesce, ma anche un uccello.
Oh, and by the way, those flamingos, they shouldn't even be there in the first place.	Ah, a proposito, quei fenicotteri  non dovrebbero nemmeno esserci.	Oh, e <unk>, questi <unk>, non dovrebbero nemmeno <unk>.	Oh, e a proposito, quei fiamina, non dovrebbero nemmeno esserci nel primo luogo.	Oh, e a proposito, quelle bandiere, non dovrebbero nemmeno essere lì nel primo posto.
They brood in a town 150 miles away, where the soil conditions are better for building nests.	Fanno il nido in una città  lontana 150 miglia  dove le condizioni del suolo  sono migliori per la costruzione dei nidi.	Si <unk> in una città di distanza, dove le condizioni <unk> per costruire <unk>.	Dio in una città di 150 chilometri, dove le condizioni del suolo sono migliori per edificio.	Aod in una città di 150 miglia di distanza, dove le condizioni del suolo sono meglio per l'edificio.
Every morning, they fly 150 miles into the farm. And every evening, they fly 150 miles back.	Ogni mattina, volano  per 150 miglia e arrivano all'allevamento  e ogni sera, si fanno altre 150 miglia per il ritorno.	Ogni mattina, <unk> km al <unk>, e ogni <unk>, <unk> a <unk> miglia.	Ogni mattina volano 150 chilometri nella fattoria, e ogni sera, volano 150 chilometri.	Ogni mattina, loro volano 150 chilometri nella fattoria. E ogni sera, volto 150 chilometri.
They do that because they're able to follow the broken white line of highway A92.	Lo fanno perché sono capaci di seguire  la linea bianca spezzata  dell'autostrada A92.	Lo fanno perché sono in grado di seguire la linea <unk> <unk> di <unk>.	Lo fanno perché sono in grado di seguire la linea bianca di broken di A92.	Lo fanno perché sono in grado di seguire la linea bianca di autostrada A92.
No kidding.	Sul serio.	<unk> <unk>.	Niente uccidere.	Non c'è alcuna.
I was imagining a "March of the Penguins" thing, so I looked at Miguel.	Immaginavo una cosa tipo la marcia dei pinguini  così guardai Miguel.	Ero <unk> un "<unk> del <unk>" <unk> ", così ho <unk> a <unk>.	Stavo immaginando un Marzo dei Penguini ", quindi ho guardato a Miguel.	Stavo immaginando un "Marzo di cosa, quindi guardai Miguel.
I said, "Miguel, do they fly 150 miles to the farm, and then do they fly 150 miles back at night?	E dissi: "Miguel, volano  per 150 miglia fino all'allevamento  e poi volano  150 miglia di notte per tornare?	<unk>: "<unk>, <unk> a volare <unk> miglia al <unk>, e poi <unk> a <unk> miglia <unk>?"	Dissi: "Miguel, a volare 150 chilometri alla fattoria, e poi volano 150 chilometri alla notte?	Dissi: "Miguel, che volano 150 km alla fattoria, e poi fanno volare 150 chilometri di notte?
Do they do that for the children?"	Lo fanno per i loro piccoli?"	Lo fanno per i bambini? "	Lo fanno per i bambini? "	Lo fanno per i bambini? "
He looked at me like I had just quoted a Whitney Houston song.	Mi guardò come se avessi appena citato una canzone di Whitney Houston.	Mi ha <unk> come se avessi appena <unk> una canzone <unk> <unk>.	Mi ha guardato come avevo appena citney Houston.	Mi guardò come avevo appena citato una canzone di Whitney Houston.
He said, "No; they do it because the food's better."	Disse: "No, lo fanno perché il cibo è migliore."	<unk>: "No, lo fanno perché il cibo è meglio."	Disse: "No, lo fanno perché il cibo."	Disse: "No, lo fanno perché il cibo è meglio."
I didn't mention the skin of my beloved fish, which was delicious -- and I don't like fish skin;	Non vi ho parlato della pelle del mio amato pesce  che era deliziosa, e a me di solito non piace la pelle del pesce.	Non mi <unk> la pelle del mio pesce <unk>, che era <unk>, e non mi piace i pesci.	Non ho menzionato il cielo del mio pesce, che è stato delizioso -- e non mi piace pesce.	Non ho menzionato la pelle della mia pesce, che è stato delizioso -- e non mi piacciono.
I don't like it seared, I don't like it crispy.	Non mi piace abbrustolita, non mi piace croccante.	Non mi piace <unk>, non mi piace <unk>.	Non mi piace sembrare, non mi piace.	Non mi piace.
It's that acrid, tar-like flavor.	È quel sapore acre, come di asfalto.	E 'quel <unk>, <unk> <unk>.	E 'questo questo impegnore.	E 'questo acrime, un avvio.
I almost never cook with it.	Non la cucino quasi mai.	Non ho mai <unk>.	Quasi non cucina mai.	Non ci sono mai cucinare.
Yet, when I tasted it at that restaurant in southern Spain, it tasted not at all like fish skin.	Eppure, quando l'ho assaggiata in quel ristorante del sud della Spagna  non sapeva per niente di pelle di pesce.	<unk>, quando lo <unk> a quel <unk> a <unk> <unk>, non <unk> tutti i pesci.	Eppure, quando l'ho ristorante nel sud del Spagna, non in tutto il genere di pesce.	Eppure, quando l'ho assunto a quella ristorante nella Spagna del sud, non è come pelle.
It tasted sweet and clean, like you were taking a bite of the ocean.	Aveva un sapore dolce e pulito  era come dare un morso all'oceano.	<unk> <unk> e <unk>, come <unk> un <unk> dell'oceano.	Sua e pulito, come voi avevate un bite dell'oceano.	Ha ripulito e pulito, pulito, come state prendendo un bite dell'oceano.
I mentioned that to Miguel, and he nodded.	Dissi questo a Miguel, e lui annuì.	L'ho <unk> a <unk>, e <unk>.	Ho menzionato questo a Miguel, e ha nodato.	Ho menzionato questo a Miguel, e nodo.
He said, "The skin acts like a sponge.	Disse: "La pelle è come una spugna.	<unk>, "La pelle <unk> come un <unk>.	Disse: "Le pelle di pelle come una sponge.	Disse: "La pelle".
It's the last defense before anything enters the body.	È l'ultima difesa prima che qualsiasi cosa entri nel corpo del pesce.	E 'l'ultimo <unk> prima di tutto il corpo.	E 'l'ultimo difesa prima che ogni cosa entra.	E 'l'ultima difesa prima di tutto il corpo.
It evolved to soak up impurities."	Si è evoluta per trattenere le impurità."	Si è <unk> a <unk> <unk>. "	Ciò evolvere di soorità. "	Ci si è evoluto per i costretti. "
And then he added, "But our water has no impurities."	E poi aggiunse  "Ma la nostra acqua non ha impurità."	E poi <unk>, "Ma la nostra acqua non ha <unk>."	E poi aggiunse: "Ma il nostro acqua non ha impurità."	E poi ha aggiunto: "Ma il nostro acqua non ha impatto."
OK. A farm that doesn't feed its fish,	Ok. Un allevamento che non nutre il suo pesce.	Ok. Un <unk> che non <unk> i suoi pesci.	Ok. Un fattoria non nutriva il suo pesce.	Ok. Una fattoria che non ha nutrito il suo pesce.
a farm that measures its success by the success of its predators.	Un allevamento che misura il proprio successo  sulla base del successo dei suoi predatori.	Un <unk> che <unk> il proprio successo dal suo <unk>.	Un fattoria che il suo successo dal successo dei loro predatori.	Una fattoria che misura il suo successo dei suoi predatori.
And then I realized when he says, "A farm that has no impurities," he made a big understatement, because the water that flows through that farm comes in from the Guadalquivir River. It's a river that carries with it all the things that rivers tend to carry these days: chemical contaminants, pesticide runoff.	E poi mi rendo conto che quando lui dice  che l'allevamento non ha impurità  minimizza molto la cosa  perché l'acqua che fluisce in quell'allevamento  viene dal fiume Guadalquivir  che è un fiume che porta con sé  tutte le cose che i fiumi tendono a portare oggigiorno  contaminanti chimici  scarichi di pesticidi.	E poi mi <unk> conto che quando dice: "Un <unk> che non ha <unk>," ha fatto una grande <unk>, perché l'acqua che si <unk> dal <unk>. E 'un fiume che <unk> con tutte le cose che <unk> che <unk> <unk> a questi giorni: <unk> <unk>, <unk> <unk>.	E poi mi sono resi conto che quando dice: "Una fattoria che non ha impurità," ha fatto una grande comprensione, perché l'acqua che scorrono dal Guadalquieri del Guadalquiere. E 'un fiume che si riesce a portare questi giorni: "Un fiume che tendono a trasportare questi giorni: chimiche, pesante.	E poi mi sono resi conto quando dice: "Una fattoria che non ha impurità", ha fatto una grande comprensione, perché l'acqua che passa dal Guadalquivir. E 'un fiume che viene dal fiume di Guadalquir. E' un fiume che tende a portare questi giorni: contaminanti chimici, la pesticiera.
And when it works its way through the system and leaves, the water is cleaner than when it entered.	E quando scorre lungo il sistema  e ne esce  l'acqua è più pulita di quando è entrata.	E quando funziona il sistema e <unk>, l'acqua è più <unk> di quando <unk>.	E quando funziona il suo modo attraverso il sistema e porta, l'acqua è chiaro di quanto è entrata.	E quando funziona il suo modo per il sistema e le foglie, l'acqua è più pulita di quanto quando entrava.
The system is so healthy, it purifies the water.	Il sistema è così in salute, che purifica l'acqua.	Il sistema è così <unk>, <unk> l'acqua.	Il sistema è così sani, è così sani.	Il sistema è così salute, ma anche l'acqua.
So, not just a farm that doesn't feed its animals, not just a farm that measures its success by the health of its predators, but a farm that's literally a water purification plant -- and not just for those fish, but for you and me as well.	Dunque, non solo un allevamento che non nutre i suoi animali  non solo un allevamento che misura il suo successo  in base alla salute dei suoi predatori  ma un allevamento che è letteralmente un impianto di purificazione dell'acqua  e non solo per quei pesci  ma anche per me e per voi.	Quindi, non solo un <unk> che non <unk> i suoi animali, non solo una <unk> che <unk> il proprio successo dalla salute del suo successo, ma un <unk> che è letteralmente una <unk> d'acqua -- e non solo per quei pesci, ma per voi e io.	Quindi, non solo una fattoria che non nutrono i suoi animali, non solo una fattoria che i suoi successo dal salute dei suoi predatori, ma una fattoria che è letteralmente una piena acqua, e non solo per quei pesci, ma per voi e non solo per quei pesci, ma per voi e me bene.	Quindi, non solo per i suoi animali, non solo per i suoi animali, non solo una fattoria che misurano il successo della salute dei suoi predatori, ma una fattoria che è letteralmente una pianta d'acqua, e non solo per quei pesci, e non solo per quei pesci, e non solo per quei pesci, e me.
Because when that water leaves, it dumps out into the Atlantic.	Perché quando l'acqua esce, se ne va nell'Atlantico.	Perché quando quell'acqua <unk>, si <unk> nella <unk>.	Perché quando quell'acqua che si muovono in Atlantico.	Perché quando l'acqua le foglie dell'acqua, si rivela nell'Atlantico.
A drop in the ocean, I know, but I'll take it, and so should you, because this love story, however romantic, is also instructive.	È una goccia nell'oceano, lo so  ma io le do il benvenuto, e così dovreste fare anche voi  perché questa storia d'amore  per quanto romantica  è anche istruttiva.	Una <unk> nell'oceano, lo so, ma lo <unk>, e quindi <unk>, perché questa storia <unk>, <unk>, è anche <unk>.	Un tragio nell'oceano, lo so, ma lo porterò, e quindi dovreste, perché questa storia amore, è inoltre.	Una goccia nell'oceano, lo so, e quindi dov'prenderlo, perché questa storia amore, comunque, perché questa storia, tuttavia, è anche istruttiva.
You might say it's a recipe for the future of good food, whether we're talking about bass or beef cattle.	Si potrebbe dire che è una ricetta  per il futuro del buon cibo  sia che si parli di pesce che di bovini.	<unk> dire che è un <unk> per il futuro del bene cibo, se parliamo di <unk> o <unk> <unk>.	Potreste dire che è una ricetta per il futuro del buon cibo, se stiamo parlando di basi o di basi o di bassa.	Potreste dire che è una ricetta per il futuro del bene cibo, che stiamo parlando di basi o bestiame.
What we need now is a radically new conception of agriculture, one in which the food actually tastes good.	Quello di cui adesso abbiamo bisogno è  una concezione radicalmente nuova dell'agricoltura  nella quale il cibo abbia davvero un buon sapore.	Ciò di cui abbiamo bisogno è una nuova <unk> <unk> dell'agricoltura, una in cui il cibo <unk> bene.	Ora abbiamo bisogno di una concezione radicalmente nuova di agricoltura, uno in cui il cibo di alimentare.	Ciò di cui abbiamo bisogno ora è una nuova concezione dell'agricoltura, uno in cui il cibo in realtà è buono.
But for a lot people, that's a bit too radical.	Ma per molte persone,  questo è un po' troppo radicale.	Ma per molte persone, questo è un po '<unk>.	Ma per molte persone, questo è un po 'troppo radicale.	Ma per molte persone, è un po 'troppo radicale.
We're not realists, us foodies;	Non siamo realisti, noi appassionati del cibo.	Non siamo <unk>, noi <unk>.	Non siamo realisti, noi non siamo realisti.	Non siamo realisti.
we're lovers.	Siamo amanti.	Siamo <unk>.	Stiamo amanti.	Siamo amanti.
We love farmers' markets,	Amiamo i mercatini dei piccoli agricoltori.	<unk> i mercati.	Avremmo i coltivatori.	Adoriamo i mercati coltivatori.
we love small family farms,	Amiamo le piccole fattorie familiari.	<unk> piccoli <unk> di famiglia.	Apiamo piccoli fattorie famiglia.	Adoriamo la piccola famiglia.
we talk about local food,	Parliamo di cibo del territorio locale.	<unk> di cibo locale.	Parliamo di cibo locale.	Parliamo del cibo locale.
we eat organic.	Mangiamo biologico.	<unk> <unk>.	Noi mangiammo organico.	Noi mangiamo biologico.
And when you suggest these are the things that will ensure the future of good food, someone, somewhere stands up and says, "Hey guy, I love pink flamingos, but how are you going to feed the world?"	E quando dici che queste sono le cose  che assicureranno il futuro del buon cibo  qualcuno da qualche parte si alza e dice,  "Ehi tu, anche a me piacciono i fenicotteri rosa,  ma come pensi di poter nutrire il mondo intero?	E quando <unk> queste sono le cose che <unk> il futuro del bene cibo, qualcuno, da qualche parte <unk> e dice: "<unk>, <unk> <unk>, ma come <unk> il mondo?"	E quando suggeriscono queste sono le cose che assicurano il futuro del buon cibo, qualcuno in qualche modo alimentare e dice: "Ehi, adoro i flaminghi, ma come nutrire il mondo?"	E quando suggerete queste sono le cose che assicurano che il futuro del bene, qualcuno, da qualche parte si sale e dice: "Hey, mi piace il mondo del buono, ma come si può nutrire il mondo?"
How are you going to feed the world?	Come pensi di poter nutrire il mondo?"	Come <unk> il mondo?	Come nutrire il mondo?	Come state per nutrire il mondo?
Can I be honest?	Posso essere sincero?	Posso essere <unk>?	Posso essere onesto?	Posso essere onesti?
I don't love that question.	È una domanda che non mi piace.	Non mi piace questa domanda.	Non mi piace questa domanda.	Non mi piace questa domanda.
No, not because we already produce enough calories to more than feed the world.	No, non perché produciamo già  più che abbastanza calorie da poter nutrire il mondo.	No, non perché già <unk> abbastanza <unk> da mangiare il mondo.	No, non perchè già produrre abbastanza calorie a più del mondo.	No, non perché abbiamo già prodotto abbastanza calorie per più che nutrare il mondo.
One billion people will go hungry today.	Un miliardo di persone soffrono la fame oggi.	Un miliardo di persone <unk> oggi.	Un miliardo di persone vanno sbagliato oggi.	Un miliardo di persone hanno fame oggi.
One billion -- that's more than ever before -- because of gross inequalities in distribution, not tonnage.	Un miliardo - più di quante ci siano mai state -  a causa delle enormi diseguaglianze nella distribuzione  non per la quantità complessiva.	Un miliardo -- questo è più di quanto mai prima -- a causa della distribuzione <unk>, non <unk>.	Un miliardo di -- è più di quanto prima -- a causa di inequalità in distribuzione.	Un miliardo di -- questo è più che mai prima -- a causa delle imprese nella distribuzione, non nage.
Now, I don't love this question because it's determined the logic of our food system for the last 50 years.	Vedete, non mi piace questa domanda perché ha determinato la logica  del nostro sistema alimentare negli ultimi 50 anni.	Ora, non mi piace questa domanda perché è <unk> la <unk> del nostro sistema alimentare negli ultimi 50 anni.	Ora, non mi piace questa domanda perché è determinato la logica del nostro sistema cibo per gli ultimi 50 anni.	Ora, non mi piace questa domanda perché è determinato la logica del nostro sistema alimentare 50 anni.
Feed grain to herbivores, pesticides to monocultures, chemicals to soil, chicken to fish, and all along agribusiness has simply asked, "If we're feeding more people more cheaply, how terrible could that be?"	Dare cereali agli erbivori  pesticidi alle monoculture, sostanze chimiche ai terreni  pollo ai pesci  e in tutto questo periodo l'industria agricola  ha semplicemente chiesto  "Se riusciamo a nutrire più persone in modo più economico,  cosa c'è di sbagliato in quello che facciamo?"	<unk> <unk> al <unk>, <unk> a <unk>, <unk> al suolo, <unk> ai pesci, e i <unk> hanno semplicemente chiesto: "Se <unk> più persone, più <unk>, come potrebbe essere?"	Febbero grano a terra, i pesticidi, i pesticidi per monoculture, chimiche al suolo, i pesci, e tutti lungo l'agribusiness ha semplicemente semplicemente chiesto: "Se nutrirsi può essere?"	Il grano cereali erbivari, pesticidi pesticidi, chimici per terra, pollo, pollo fino a pesce, e tutto il d'accordo ha chiesto: "Se stiamo nuotando più persone più economici, come terribile potrebbe essere?"
That's been the motivation,	Questa è stata la motivazione.	E 'stato il <unk>.	Questa è la motivazione.	Questa è stata la motivazione.
it's been the justification:	È stata la giustificazione.	E 'stato il <unk>.	E 'stata la giustificazione.	E 'stato la giustificazione.
it's been the business plan of American agriculture.	È stato il piano di business  dell'agricoltura americana.	E 'stato il business <unk> dell'agricoltura <unk>.	E 'stato il piano di agricoltura dell'agricoltura americana.	E 'stato il piano dell'agricoltura americano.
We should call it what it is: a business in liquidation, a business that's quickly eroding ecological capital that makes that very production possible.	Dovremmo chiamarlo per quello che è,  un'industria in liquidazione  un'industria che sta velocemente erodendo  il capitale ecologico che rende la medesima produzione possibile.	<unk> <unk> ciò che è: un business di <unk> in <unk>, un business <unk> di <unk> <unk> che rende possibile la produzione di capitale <unk>.	Dovremmo quello che è: un business in liquidazione, un business che sia velocità velocemente erozionando capitale ecologico che rende la produzione.	Dovremmo chiamarlo quello che è: un business in liquidazione, un business che si sta attirando in fretta che crea quel che è molto possibile.
That's not a business, and it isn't agriculture.	Questa non è un'industria,  e non è agricoltura.	Non è un business, e non è l'agricoltura.	Non è un business, e non è l'agricoltura.	Non è un business, e non è l'agricoltura.
Our breadbasket is threatened today, not because of diminishing supply, but because of diminishing resources. Not by the latest combine and tractor invention, but by fertile land; not by pumps, but by fresh water; not by chainsaws, but by forests; and not by fishing boats and nets, but by fish in the sea.	Il nostro paniere oggi è minacciato  non a causa delle forniture in diminuzione  ma per le risorse in diminuzione  non per l'ultima invenzione meccanica  ma per la terra fertile,  non per le pompe, ma per l'acqua fresca  non per le motoseghe, ma per le foreste  e non per i pescherecci e le reti, ma per il pesce nel mare.	Il nostro <unk> è <unk> oggi, non grazie a <unk> <unk>, ma a causa di risorse. Non dalla <unk> <unk> e <unk>, ma <unk> <unk> <unk>, non per <unk>, ma <unk> acqua <unk>, non <unk> da <unk>, ma anche di <unk>, e non <unk> da <unk> e <unk>, ma dal pesce <unk>.	Il nostro respipirato è minacciato oggi, non a causa di diministrazione, ma a causa delle risorse di diministrazione, ma per la fertile, non da pombina, ma per fertile, ma non da pompe di pompere, ma per fertile, non da pompe di pompere, ma dalle foreste, e non dalle foreste, ma di pesce, e non dalle foreste, ma di pesce, e non dalle foreste, ma per i pesci in mano.	Il nostro panorama è minacciato oggi, non a causa della diminuita di risorse, ma a causa della diminiere di risorse. Non dal latte di combattere, ma da fertile, non da pompe, ma di acqua fresco, ma di acqua fresco, ma da foreste, ma da foreste, ma da foreste, ma da foreste, ma da un peso nel mare.
Want to feed the world?	Volete nutrire il mondo?	<unk> al mondo?	Viantare il mondo?	Si nutrare il mondo?
Let's start by asking: How are we going to feed ourselves?	Iniziamo a chiederci: come faremo a nutrire noi stessi?	<unk> <unk> <unk>?	Iniziamo chiedendo: Come nutriremo?	Cominciamo?
Or better: How can we create conditions that enable every community to feed itself?	O meglio, come possiamo creare le condizioni  che consentano a ogni comunità locale  di nutrire se stessa?	O meglio: Come possiamo creare condizioni che <unk> ogni comunità per <unk>?	O meglio: Come possiamo creare condizioni che impegna ogni comunità di sfamare?	O: "Come possiamo creare condizioni che ogni comunità per nutrire in sé?"
To do that, don't look at the agribusiness model for the future.	Per fare ciò,  non guardiamo al modello di industria agricola del futuro.	Per farlo, non <unk> il modello <unk> per il futuro.	Per farlo, non guardare il modello d'agribusiness per il futuro.	Per farlo, non guardare il modello d'affari per il futuro.
It's really old, and it's tired.	È un modello vecchio e stanco.	E 'davvero <unk>, ed è <unk>.	E 'molto vecchio.	E 'molto vecchio, ed è stanco.
It's high on capital, chemistry and machines, and it's never produced anything really good to eat.	Punta tutto su capitale, chimica e macchinari,  e non ha mai veramente prodotto nulla di buono da mangiare.	E 'alta di capitale, chimica e macchine, e non ha mai avuto nulla di buono da mangiare.	Si tratta di capitale, chimica e macchine, e non è mai prodotto niente.	E 'alti sul capitale, la chimica e macchine, e le macchine, e non è mai prodotta.
Instead, let's look to the ecological model.	Invece, guardiamo al modello ecologico.	Invece, <unk> al modello <unk>.	Invece, guardiamo al modello ecologico.	Invece, guardiamo al modello ecologico.
That's the one that relies on two billion years of on-the-job experience.	È quello che conta su due miliardi di anni  di esperienza sul lavoro.	Questo è quello che <unk> su due miliardi di anni di esperienza <unk>.	Questo è quello che le relazioni su due miliardi anni di esperienza.	Questo è quello che si riferisce su due miliardi di anni.
Look to Miguel, farmers like Miguel. Farms that aren't worlds unto themselves; farms that restore instead of deplete; farms that farm extensively instead of just intensively; farmers that are not just producers, but experts in relationships. Because they're the ones that are experts in flavor, too.	Guardiamo a Miguel,  ad allevatori come Miguel  ad allevamenti e fattorie che non sono mondi chiusi in se stessi  a fattorie che ricostruiscono invece di consumare  a fattorie che coltivano estensivamente  invece che solo intensivamente  allevatori che sono non solo produttori  ma esperti in relazioni,  perché loro sono quelli  che sono anche esperti nel sapore.	<unk> <unk>, <unk> come <unk> <unk>. <unk> che non sono <unk> <unk> <unk>; <unk> che <unk> invece di <unk>; <unk> che <unk> <unk> invece di <unk> solo <unk>; <unk> che non sono solo <unk>, ma <unk> in <unk>. Perché quelli che sono <unk> in <unk>.	Guardate a Miguel, i coltivatori come Miguel, che i coltivatori non sono solo i produttori, i coltivati invece di morire, i coltivatori che non sono solo produttori, i coltivatori che non solo i produttori, ma in relazioni che non solo i produttori, ma anche in relazione.	Guardate Miguel, gli agricoltori come Miguel. Farmi che non sono mondiali a loro stessi; i contadini che le fattorie che invece di deplete; i contadini che non sono solo produttori che non sono solo produttori in relazione. Perché sono quelli che si esperti nelle relazioni. Perché sono quelli che si esperti.
And if I'm going to be really honest, they're a better chef than I'll ever be.	Se devo essere veramente sincero  loro sono chef migliori di quanto potrò mai essere io.	E se <unk> davvero <unk>, sono un <unk> migliore di quanto abbia mai fatto.	E se sarò davvero onesti, sono un migliore di quanto sarò.	E se sarò molto molto onesti, sono un migliore chef che sarò mai stato.
You know, I'm okay with that, because if that's the future of good food, it's going to be delicious.	Sapete, a me va bene,  perché se quello sarà il futuro del buon cibo, sarà delizioso.	Sapete, lo so, perché se è il futuro del bene cibo, sarà <unk>.	Sapete, ok con questo, perché se è il futuro del buon cibo, sarà delizioso.	Sapete, sono bene con questo, perché se è il futuro del buono, sarà delizioso.
Thank you.	Grazie.	Grazie.	Grazie.	Grazie.
I grew up on a steady diet of science fiction.	Sono cresciuto con una dieta ferrea a base di fantascienza.	Sono cresciuto su una <unk> <unk> di <unk> <unk>.	Sono cresciuto su una dieta di fantascienza.	Sono cresciuto in una dieta di fase della scienza.
In high school, I took a bus to school an hour each way every day.	Alle superiori prendevo uno scuolabus,  un'ora avanti e indietro ogni giorno.	<unk> a scuola superiore, ho preso una <unk> a scuola ogni giorno.	Nella scuola superiore, ho preso un bus a scuola per ogni giorno.	In scuola superiore, ho preso un autobus all'ora ogni giorno.
And I was always absorbed in a book, science fiction book, which took my mind to other worlds, and satisfied, in a narrative form, this insatiable sense of curiosity that I had.	Ed ero sempre immerso in un libro,  un libro di fantascienza,  che portava la mia mente in altri mondi,  e soddisfaceva, in forma narrativa,  quell'insaziabile senso di curiosità che avevo.	E io ero sempre <unk> in un libro, <unk> <unk>, che <unk> la mia mente ad altre <unk>, e <unk>, in una forma <unk>, questo senso di <unk> che avevo.	Ero sempre assorbito in un libro di fantascienza, che ha preso la mia mente ad altri mondi, e soddisfatti, in una forma narrativa, questo senso insaziabile di curiosità che avevo.	E io ero sempre assorato in un libro, la scienza, che ci sono voluti per altri mondi, e soddisfatto, in una forma narrativa, questo senso insoddisfatto di curiosità che avevo.
And you know, that curiosity also manifested itself in the fact that whenever I wasn't in school I was out in the woods, hiking and taking "samples" -- frogs and snakes and bugs and pond water -- and bringing it back, looking at it under the microscope.	E quella curiosità si manifestava anche  nel fatto che ogni volta che non ero a scuola  ero fuori nei boschi,  per escursioni a caccia di campioni,  rane, serpenti, insetti e acque stagnanti,  li portavo a casa, li osservavo al microscopio.	E sapete, anche <unk> <unk> in sé stesso, che <unk> non ero a scuola in <unk>, <unk> e <unk> "<unk>", <unk> e <unk> "<unk>" -- <unk> e <unk> e acqua <unk> -- e <unk> e <unk>, <unk> sotto il <unk>.	E sapete, quella curiosità anche la manifesa in cui non ero ero a scuola, in cui non ero in scuola mi piedi, schiacciando "i campioni" -- frutando i campioni "-- frutando i campioni e snasta e sondando l'acqua sotto il microscopio.	E sapete, che la curiosità è anche manifestato se stesso nel fatto che quando non ero a scuola di cui non ero a scuola, e portando "campioni" -- frogs "frogs e polioni e maiali, a guardare sotto il microscopio.
You know, I was a real science geek.	Ero un vero geek della scienza.	Sapete, ero una <unk> <unk> <unk>.	Avevo una geek scienza.	Sapete, ero una vera scienza.
But it was all about trying to understand the world, understand the limits of possibility.	Ma si trattava sempre di cercare di capire il mondo,  comprendere il limiti del possibile.	Ma era tutto per cercare di capire il mondo, <unk> la <unk> di possibilità.	Ma era tutto ciò che cercava di capire il mondo, capire i limiti della possibilità.	Ma tutto questo stava cercando di capire il mondo, capire i limiti della possibilità.
And my love of science fiction actually seemed mirrored in the world around me, because what was happening, this was in the late '60s, we were going to the moon, we were exploring the deep oceans. Jacques Cousteau was coming into our living rooms with his amazing specials that showed us animals and places and a wondrous world that we could never really have previously imagined.	E il mio amore per la fantascienza  in realtà sembrava rispecchiare il mondo intorno a me,  perché quello che stava succedendo, nei tardi anni '60…  stavamo andando sulla luna,  esploravamo le profondità degli oceani,  Jacques Cousteau entrava nei nostri salotti  con i suoi fantastici documentari che ci mostravano  animali e luoghi e un mondo meraviglioso  che prima non avremmo neanche potuto immaginare.	E il mio amore della <unk> <unk> <unk> nel mondo in giro per me, perché quello che stava succedendo, questo era alla fine degli anni <unk>, stavamo <unk> gli oceani. Il <unk> <unk> stava <unk> gli oceani <unk> con i suoi <unk> <unk> <unk> che ci ha mostrato che ci <unk> animali e posti e un mondo <unk> che non avremmo mai potuto <unk>.	E il mio amore della scienza fantascienza nel mondo intorno a me, perché quello che succede, questo è stato negli anni '60, stavamo esplorare gli oceani. Gli stavamo esplorando gli oceani. Jacques Cousteau stavamo nelle nostre stanze con i suoi straordinari speciali che ci hanno mostrato gli animali e un mondo meraviglioso che non avremmo mai potuto immaginare.	E il mio amore della fase della fase della scienza veniva sembrato nel mondo intorno a me, perché quello che stava succedendo, era nei tardi anni '60, stavamo per esplorare gli oceani profondi Jacques Cousteau stava arrivando nelle nostre stanze che ci mostrano animali e un mondo meraviglioso che ci mostrano animali e un mondo che ci hanno mai immaginato.
So, that seemed to resonate with the whole science fiction part of it.	Quindi, tutto sembrava rinforzare  la mia passione per la fantascienza.	Quindi, questo sembrava <unk> con tutta la scienza <unk>.	Quindi, che sembrava risolvere con l'intera fantascienza.	Quindi, questo sembrava riempire con tutta la scienza.
And I was an artist.	E io ero un artista.	E io ero un artista.	Ero un artista.	Ero un artista.
I could draw. I could paint.	Sapevo disegnare. Sapevo dipingere.	<unk> <unk>. <unk> <unk>.	Potrei disegnare.	Potrei disegnare. Potrei disegnare.
And I found that because there weren't video games and this saturation of CG movies and all of this imagery in the media landscape, I had to create these images in my head.	E siccome non c'erano videogiochi  né questa saturazione di film generati al computer,  né tutte queste immagini nel panorama dei media,  ho dovuto creare queste immagini nella mia testa.	E l'ho trovato perché non c'erano i <unk> e questo <unk> di film <unk> e tutti i <unk> del <unk> <unk>, ho dovuto creare queste immagini nella mia testa.	E ho trovato che perché non c'erano i videogiochi e questa saturazione di CG e tutta questa immagine nel paesaggio mediatico, dovevo creare queste immagini nella mia testa.	E ho scoperto che perché non c'erano videogiochi e questa saturazione dei film di CG e tutte queste immagini nel paesaggio media, ho dovuto creare queste immagini nella mia testa.
You know, we all did, as kids having to read a book, and through the author's description, put something on the movie screen in our heads.	Da bambini, quando leggevamo un libro,  tutti dovevamo, tramite la descrizione dell'autore,  mettere qualcosa sullo schermo delle nostre teste.	Sapete, noi abbiamo fatto tutti i ragazzi che <unk> <unk> un libro, e attraverso il <unk> di <unk>, <unk> qualcosa sul film schermo.	Sapete, tutti abbiamo fatto, come i ragazzi dovrebbero leggere un libro, e attraverso la descrizione dell'autore, mettere qualcosa sul film sullo schermo.	Sapete, tutti abbiamo fatto, mentre i bambini devono leggere un libro, e attraverso l'autore di descrizione, mettersi qualcosa sullo schermo nella testa.
And so, my response to this was to paint, to draw alien creatures, alien worlds, robots, spaceships, all that stuff.	E quindi, la mia risposta era dipingere, disegnare  creature aliene, mondi alieni,  robot, navicelle spaziali, tutta questa roba.	Quindi, la mia risposta a questa era di <unk>, di <unk> creature, <unk> <unk>, <unk>, <unk>, <unk>, <unk>, tutta quella roba.	E quindi, la mia risposta a questo dipingere, per disegnare creature alieni, mondi alieni, robot, tutto quella robot.	E quindi, la mia risposta era di dipingere, per disegnare creature aliene, i mondi, i robot, spazi, tutte queste cose.
I was endlessly getting busted in math class doodling behind the textbook.	Alle lezioni di matematica venivo sempre beccato  a scarabocchiare dietro il libro di testo.	<unk> <unk> <unk> in matematica <unk> dietro le <unk> <unk> dietro le <unk>.	Ero che stavo comprato in matematica di classe di matematica.	Sono stata una lezione di matrimonia di matematica.
That was -- the creativity had to find its outlet somehow.	Questo perché la creatività  doveva trovare una via d'uscita in qualche modo.	Era -- la creatività doveva trovare la sua <unk> in qualche modo <unk>.	Questo era -- la creatività doveva trovare il suo risultato in qualche modo.	Questo era -- la creatività doveva trovare il suo risultato.
And an interesting thing happened: The Jacques Cousteau shows actually got me very excited about the fact that there was an alien world right here on Earth.	Ed è successa una cosa interessante: i programmi di Jacques Cousteau  mi coinvolgevano molto per il fatto che c'era  un mondo alieno proprio qui sulla terra.	E una cosa interessante: Il <unk> <unk> <unk> mi ha <unk> molto <unk> del fatto che c'era un mondo <unk> qui sulla Terra.	E succede una cosa interessante: Gli Jacques Cousteau mi ha fatto che mi entusiasmante molto eccitato sul fatto che c'era un mondo alieno sulla Terra.	E una cosa interessante è successo: i Jacques Cousteau mostra che mi entusiasma sul fatto che c'era un mondo alieno.
I might not really go to an alien world on a spaceship someday --	Magari non sarei mai andato in un mondo alieno  su una navicella spaziale.	<unk> non <unk> ad un mondo <unk> su un mondo <unk>.	Non tornare ad un mondo alieno su una spacesa.	Potrei non davvero andare in un mondo alieno su un giorno.
that seemed pretty darn unlikely.	Sembrava molto improbabile.	<unk> <unk> <unk>.	Ciò che sembrava molto sbagliato.	che sembrava abbastanza buio.
But that was a world I could really go to, right here on Earth, that was as rich and exotic as anything that I had imagined from reading these books.	Ma quello era un mondo dove potevo andare per davvero,  proprio qui sulla terra, più ricco ed esotico  di quello che avrei mai potuto immaginare  leggendo questi libri.	Ma questo è stato un mondo che potrei andare, proprio qui sulla Terra, è stata <unk> e <unk> come qualsiasi cosa che <unk> da leggere questi libri.	Ma questo è stato un mondo che avrei potuto andare, proprio qui sulla Terra, che è stato ricco ed esotico come qualsiasi cosa che avrei immaginato da lettare questi libri.	Ma questo era un mondo che potevo andare, proprio qui sulla Terra, che era ricca e esotico come qualsiasi cosa che avevo immaginato da leggere questi libri.
So, I decided I was going to become a scuba diver at the age of 15.	Quindi, ho deciso che sarei diventato un sommozzatore  all'età di 15 anni.	Così ho deciso di diventare un <unk> <unk> all'età di 15 anni.	Così ho deciso di diventare un divento di divere a 15 anni.	Così, decisi che sarei diventato un sususuper l'età di 15 anni.
And the only problem with that was that I lived in a little village in Canada, 600 miles from the nearest ocean.	E l'unico problema era che vivevo  in un piccolo paese del Canada,  a 600 miglia dall'oceano più vicino.	E l'unico problema è che ho vissuto in un piccolo villaggio in <unk>, <unk> miglia dalla <unk> dall'oceano.	E l'unico problema è che ho vissuto in un piccolo villaggio in Canada, 600 miglia dall'oceano.	E l'unico problema è che ho vissuto in un piccolo villaggio in Canada, a 600 chilometri dall'oceano più vicino.
But I didn't let that daunt me.	Ma non mi sono lasciato scoraggiare.	Ma non mi <unk> che mi <unk>.	Ma non avevo lasciato che non mi ha lasciato.	Ma non l'ho lasciato che dasta.
I pestered my father until he finally found a scuba class in Buffalo, New York, right across the border from where we live.	Ho assillato mio padre finché ha trovato  una scuola di immersioni a Buffalo, New York,  appena passato il confine da dove vivevamo.	Mi <unk> mio padre <unk> a <unk> una classe di <unk> a <unk>, a New York, proprio attraverso i <unk> da dove viviamo.	Ho scoperto mio padre fino a che aveva trovato una scuola di classe in Buffalo, New York, proprio attraverso il confine di cui viviamo.	Ho lanciato mio padre fino a quando finalmente si trovò una classe di né a Buffalo, New York, proprio attraverso il confine da dove viviamo.
And I actually got certified in a pool at a YMCA in the dead of winter in Buffalo, New York.	E sono quindi riuscito a prendere il certificato  in una piscina della YMCA in pieno inverno  a Buffalo, New York.	E in realtà ho <unk> in un <unk> a un <unk> nel <unk> <unk>, New York.	Ed ho ricevuto certificato in un pol ’ YMCA nel morto del vento in Buffalo, New York.	E ho fatto certificato in una piscina a YMCA, a Buffalo, New York.
And I didn't see the ocean, a real ocean, for another two years, until we moved to California.	E non avrei visto l'oceano, il vero oceano,  per altri due anni,  finché non ci trasferimmo in California.	E non ho visto l'oceano, un vero oceano, per due anni, fino a <unk> in California.	E non ho visto l'oceano, un vero oceano, per altri due anni, fino a che ci siamo andati in California.	E non ho visto l'oceano, un vero oceano, un vero oceano, per altri due anni, fino alla California.
Since then, in the intervening 40 years, I've spent about 3,000 hours underwater, and 500 hours of that was in submersibles.	Da allora, negli ultimi…  40 anni,  ho trascorso circa 3.000 ore sott'acqua,  e 500 di queste ore in sommergibili.	Poi, nei <unk> <unk> 40 anni ho <unk> circa <unk> ore, e 500 ore di <unk>, e 500 ore di <unk>.	Da allora, negli interventi 40 anni, ho trascorso circa 3.000 ore sott'acqua, e 500 ore di quella era in sottomarina.	Da allora, negli intervendano 40 anni, ho passato circa 3.000 ore sott'acqua, e 500 ore di ore di questa era in sostanza.
And I've learned that that deep-ocean environment, and even the shallow oceans, are so rich with amazing life that really is beyond our imagination.	E ho imparato che le profondità dell'oceano,  anche gli oceani poco profondi,  sono ricchi di vita sorprendente  che realmente va al di là della nostra immaginazione.	E ho imparato che l'ambiente <unk>, e anche gli oceani <unk>, sono così <unk> con una vita incredibile che è oltre la nostra immaginazione.	E ho imparato che quel che profonda oceano, e persino gli oceani, e anche gli oceani, sono così ricchi con la vita straordinaria che è molto oltre la nostra immaginazione.	E ho imparato che l'ambiente profondità oceani, e persino gli oceani, e anche gli oceani, quindi ricchi di vita è davvero oltre la nostra immaginazione.
Nature's imagination is so boundless compared to our own meager human imagination.	L'immaginazione della natura è senza confini  rispetto alla nostra  limitata immaginazione umana.	L'immaginazione di <unk> è così <unk> rispetto alla nostra immaginazione <unk> umana.	La Natura dell'immaginazione è così confrontata al nostro mezzo di un'immaginazione umana.	La immaginazione della Natura è così che confronto alla nostra immaginazione di meager.
I still, to this day, stand in absolute awe of what I see when I make these dives.	Ancora oggi, sono intimorito  da quello che vedo quando faccio le immersioni.	<unk>, a questo giorno, in <unk> <unk> di quello che vedo quando faccio queste <unk>.	Faccio ancora, in questo giorno, l'aumento di ciò che vedo quando faccio queste dive.	Io ancora, per questo giorno, stia in assoluta aadi quello che vedo queste dive.
And my love affair with the ocean is ongoing, and just as strong as it ever was.	E la mia storia d'amore con l'oceano continua,  più forte di quanto non lo sia mai stata.	E il mio amore <unk> con l'oceano è <unk>, e come mai fosse <unk>.	E la mia amoria con l'oceano avanti, e proprio come fosse.	E il mio amore con l'oceano sta andando, e proprio come quanto fosse mai stato.
But when I chose a career as an adult, it was filmmaking.	Ma quando ho scelto una carriera, da adulto,  ho scelto di fare film.	Ma quando <unk> una carriera come <unk>, era <unk>.	Ma quando ho scelto una carriera di adulto, era filmato.	Ma quando ho scelto un adulto, era filmando.
And that seemed to be the best way to reconcile this urge I had to tell stories with my urges to create images.	Sembrava essere il miglior modo per conciliare  questa smania di raccontare storie  con la smania di creare immagini.	E sembrava che il modo migliore di <unk> questo <unk> che ho dovuto raccontare storie con le mie <unk> per creare immagini.	Ciò che sembrava essere il modo migliore di riconcile che ho dovuto raccontare storie con i miei urgenti per creare immagini.	E questo sembrava essere il modo migliore di riconcile che ho dovuto raccontare storie con le mie immagini.
And I was, as a kid, constantly drawing comic books, and so on.	E, da ragazzo, disegnavo costantemente fumetti e così via.	Ero, da bambino, <unk> <unk> <unk>, e così via.	Ero, come ragazzo, costantemente disegno comici, e così via.	E io ero, come ragazzino, continuamente a disegnare i comici e così via.
So, filmmaking was the way to put pictures and stories	Quindi fare film era l'unico modo per mettere insieme immagini e storie.	Quindi, <unk> era il modo di mettere le foto e le storie.	Quindi, filmando il modo di mettere le foto e storie.	Quindi, filmando era il modo di mettere le storie e le storie.
together, and that made sense.	Tutto tornava.	<unk>, e questo senso.	insieme, e questo ha senso.	insieme, e il senso.
And of course the stories that I chose to tell were science fiction stories: "Terminator," "Aliens" and "The Abyss."	E ovviamente le storie che ho scelto di raccontare  erano storie di fantascienza: "Termintator", "Aliens"  e "The Abyss".	E naturalmente le storie che <unk> di raccontare erano <unk> storie <unk>: "<unk>" e "Il <unk>" e "Il <unk>".	E naturalmente le storie che scegliere di fantascienza: "Terminatore" Aliens "e" I Abyss "e" I Abyss ".	E certamente le storie che ho scelto di raccontare le storie di fantascienza: "Aliens" e "The Abyss".
And with "The Abyss," I was putting together my love of underwater and diving with filmmaking.	E con "The Abyss" ho unito il mio amore  per le profondità e le immersioni con la realizzazione di un film.	E con "<unk> <unk>," Mi <unk> il mio amore di <unk> e <unk> con <unk>.	E con "Gli Abyss," stavo mettendo insieme il mio amore di sottomarmi.	E con "The Abyss", "Stavo mettendo insieme il mio amore dell'acqua e scavare con filmando.
So, you know, merging the two passions.	Quindi, ho fuso le due passioni.	Quindi, sapete, <unk> le due <unk>.	Quindi, sapete, merzando le due passioni.	Quindi, sapete, mergendo le due passioni.
Something interesting came out of "The Abyss," which was that to solve a specific narrative problem on that film, which was to create this kind of liquid water creature, we actually embraced computer generated animation, CG.	Da "The Abyss" è venuto fuori qualcosa di interessante  che era risolvere uno specifico problema narrativo  in quel film,  cioè creare quella sorta di creatura d'acqua liquida…  abbiamo adottato l'animazione generata con il computer.	<unk> interessante <unk> da "Il <unk>", che è che <unk> un problema di <unk> <unk> su quel film, che era di creare questo tipo di acqua <unk>, <unk> <unk> <unk>.	Qualcosa interessante è uscito dai "Gli Abyss", che è stato per risolvere un problema specifico, che era di creare questo tipo di acqua liquida creatura di acqua creatura, la CG.	Qualcosa interessante è uscito da "La Abyss", che era che per risolvere un problema specifico su quel filmato, che è stato creare questo tipo di acqua liquida, che era di creare un'animazione, CG.
And this resulted in the first soft-surface character, CG animation that was ever in a movie.	E così è nato il primo personaggio  a superficie morbida e animato a computer  che si fosse mai visto in un film.	E questo <unk> nel primo <unk> <unk>, <unk> <unk> che è mai in un film.	E questo risultato nel primo personaggio a superficie, CG l'animazione di CG che è in un film.	E questo si rivelato nel primo carattere del carattere della superficie, l'animazione CG che era mai in un film.
And even though the film didn't make any money -- barely broke even, I should say -- I witnessed something amazing, which is that the audience, the global audience, was mesmerized by this apparent magic.	E anche se il film non ha fatto molti soldi,  direi che a malapena si è ripagato,  sono stato testimone di qualcosa di straordinario,  tutto il pubblico era ipnotizzato  da questa apparente magia.	E anche se il film non ha fatto alcun denaro -- <unk> <unk> <unk> <unk>, <unk> qualcosa di incredibile, che è il pubblico, il pubblico globale, era <unk> da questa <unk> <unk>.	E anche se il filmato non ha denaro -- a soldi, dovrei dire -- ho testimone qualcosa di straordinario, che è che il pubblico globale, il pubblico globale, era mesa globale, era mesizzata da questo apparente.	E nonostante il filfilmato non hanno soldi, dovrei dire -- ho testimone qualcosa di incredibile, che è che il pubblico, che il pubblico, il pubblico globale, è stato mesmerito da questo apparente magico apparente.
You know, it's Arthur Clarke's law that any sufficiently advanced technology is indistinguishable from magic.	Sapete, è la legge di Arthur Clarke  per cui ogni tecnologia sufficientemente avanzata è indistinguibile dalla magia.	Sapete, la legge di <unk> <unk> che ogni tecnologia <unk> <unk> è <unk> dalla <unk>.	Sapete, è la legge di Arthur Clarke che ogni sofficientemente avanzato la tecnologia indistinguibile.	Sapete, è la legge di Arthur Clarke che ogni sufficientemente avanzata è indistinguibile dalla magia.
They were seeing something magical.	Stavano vedendo qualcosa di magico.	<unk> <unk> qualcosa di <unk>.	Stavano vedendo qualcosa di magico.	Stanno vedendo qualcosa di magico.
And so that got me very excited.	E questo mi ha emozionato molto.	E quindi mi <unk> molto <unk>.	E questo mi ha fatto eccitato molto eccesso.	E quindi mi entusiasma.
And I thought, "Wow, this is something that needs to be embraced into the cinematic art."	E ho pensato: "Fantastico, questa è una cosa che deve essere adottata  nell'arte cinematografica".	E ho pensato: "<unk>, questo è qualcosa che deve essere <unk> nell'arte <unk>."	E ho pensato: "Wow, questo è qualcosa che ha bisogno di essere embracciato nell'arte cinematica."	E pensai: "Wow, questo è qualcosa che deve essere abbracciato nel cinematico."
So, with "Terminator 2," which was my next film, we took that much farther.	Allora, con "Terminator 2", il mio film successivo,  siamo andati molto oltre.	Quindi, con "<unk> 2," Il mio prossimo <unk>, ci abbiamo <unk> molto <unk>.	Allora, con "Terminatore 2:" Il che è stato il mio prossimo film, abbiamo preso molto.	Quindi, con "Terminator 2", che era il mio prossimo filmato, abbiamo preso molto molto tempo.
Working with ILM, we created the liquid metal dude in that film. The success hung in the balance on whether that effect would work.	Lavorando con la Industrial Light and Magic, abbiamo creato il tizio di metallo liquido  in quel film. Il successo dipendeva  da come avrebbe funzionato quell'effetto.	<unk> con <unk>, abbiamo creato il <unk> <unk> <unk> in quel film. Il successo <unk> nel <unk>, il successo <unk>.	Lavorando con l'ILM, abbiamo creato il liquido di metallo nel film. Il mano di successo in cui funzionerebbe.	Lavorando con ILM, abbiamo creato il dudo di metallo di liquido, il successo della fame su se questo effetto funzionerebbe.
And it did, and we created magic again,	E ha funzionato. E abbiamo di nuovo creato una magia.	E l'ha fatto di nuovo <unk>.	E l'ha fatto, e abbiamo creato di nuovo magia.	E l'ha fatto, e abbiamo creato una volta magia.
and we had the same result with an audience --	E abbiamo ottenuto lo stesso risultato con un pubblico.	E avevamo lo stesso risultato con un pubblico...	E avevamo lo stesso risultato con un pubblico.	E avevamo lo stesso risultato con un pubblico.
although we did make a little more money on that one.	Però abbiamo guadagnato un pò di più con quel film.	<unk> abbiamo fatto un po 'più soldi su questo.	Anche se ne abbiamo fatto un po 'di più denaro.	Anche se abbiamo fatto un po 'più soldi su questo.
So, drawing a line through those two dots of experience came to, "This is going to be a whole new world," this was a whole new world of creativity for film artists.	Quindi, tracciando una linea tra questi due punti  di esperienza,  sono arrivato alla conclusione che questo sarebbe stato un mondo tutto nuovo,  era un mondo tutto nuovo di creatività  per gli artisti del cinema.	Quindi, il disegno attraverso questi due <unk> dell'esperienza è <unk>, "Questo è un mondo intero," questo è un nuovo mondo di creatività per i film artisti.	Quindi, disegno una linea attraverso questi due puntini di esperienza è arrivato, "Questo è stato un nuovo mondo di creatività per i film.	Quindi, disegnando una linea attraverso questi due punti di esperienza è arrivato, "Questo sarà un mondo intero," era un mondo intero, "era un mondo intero di creatività per gli artisti.
So, I started a company with Stan Winston, my good friend Stan Winston, who is the premier make-up and creature designer at that time, and it was called Digital Domain.	Qundi, ho messo in piedi una società con Stan Winston,  il mio caro amico Stan Winston,  che era il principale truccatore e designer di creature  in quel periodo, e l'abbiamo chiamata Digital Domain.	Così <unk> una azienda con <unk> <unk>, il mio <unk> amico <unk> <unk>, che è la <unk> <unk> e <unk> a quel tempo, e <unk> <unk> <unk>.	Così ho iniziato una compagnia con Stan Winston, il mio buon amico Stan Winston, che è la creatura premale e creatura di quel tempo, ed è chiamata Domain Domain.	Così ho iniziato un'azienda con Stan Winston, il mio buon amico Stan Winston, che è il premer a quel momento, e la creatura di designer a quel tempo, e si chiamava Digital.
And the concept of the company was that we would leapfrog past the analog processes of optical printers and so on, and we would go right to digital production.	E il principio della società era  lasciarci alle spalle il passato,  i processi analogici delle stampanti ottiche e così via,  e andare direttamente alla produzione digitale.	E il concetto della azienda era che <unk> passato i <unk> <unk> di <unk> <unk> e così via, e <unk> bene alla produzione <unk>.	E il concetto della compagnia è che avremmo lasciato il passato analogo dei processi analogici e così via, e andremmo a destra di produzione digitale.	E il concetto dell'azienda era che abbiamo lasciato il passato dell'analisi dei processi analogico e così via, e così via, e avremmo ragione per la produzione digitale.
And we actually did that and it gave us a competitive advantage for a while.	E così abbiamo fatto e ci ha dato un vantaggio competitivo per un po'.	E lo abbiamo fatto e ci ha dato una <unk> <unk> per un po '.	E l'abbiamo fatto e ci ha dato un vantaggio competitivo per un po '.	E lo abbiamo fatto e ci diede un vantaggio competitivo per un po '.
But we found ourselves lagging in the mid '90s in the creature and character design stuff that we had actually founded the company to do.	Ma siamo rimasti indietro a metà degli anni '90  nella parte di progettazione di creature e personaggi,  che è ciò per cui avevamo fondato la società.	Ma abbiamo scoperto che noi stessi negli anni '60 nella <unk> e il <unk> di design che abbiamo <unk> la compagnia per fare.	Ma abbiamo trovato laggi nel mezzo '90 in creatura e personaggio di design che avevamo fondato la compagnia.	Ma ci siamo trovati a noi stessi.
So, I wrote this piece called "Avatar," which was meant to absolutely push the envelope of visual effects, of CG effects, beyond, with realistic human emotive characters generated in CG, and the main characters would all be in CG, and the world would be in CG.	Allora, ho scritto questo testo intitolato "Avatar"  con l'intenzione di spingere al massimo  sugli effetti visivi,  generati al computer,  con personaggi umani emotivi e realistici  generati al computer,  e tutti i personaggi principali generati al computer  e l'intero mondo generato al computer.	Così, ho scritto questo pezzo chiamato <unk>, che <unk> assolutamente <unk> l' <unk> di effetti <unk>, di effetti <unk>, oltre, con <unk> <unk> di <unk>, e i personaggi <unk> <unk> <unk> in <unk>, e i personaggi <unk> si sarebbero <unk> in <unk>.	Quindi ho scritto questo pezzo chiamato Avatar ", che è stato significato per assolutamente il percorso degli effetti visivi, dei CG, di effetti CG, di effetti CG, con gli emozioni realistiche umane in CG, e il mondo sarebbero in CG, e il mondo sarebbero in CG, e il mondo sarebbero in CG, e il mondo sarebbero in CG.	Così ho scritto questo pezzo intitolato "Avatar", che è stato significato per scambiare l'impresa degli effetti visivi, degli effetti CG, oltre, con le emozioni umane umane generate a CG, e i principali sarebbero stati in CG, e il mondo sarebbe in CG.
And the envelope pushed back,	E il tutto è stato rimandato al mittente.	E la <unk> <unk>.	E l'incontro.	E l'avvela spinta.
and I was told by the folks at my company that we weren't going to be able to do this for a while.	I ragazzi della società mi hanno detto  che non saremmo stati in grado di farlo per un pò.	<unk> <unk> dalla gente alla mia azienda che non <unk> di farlo per un po '.	E mi hanno detto dalle persone alla mia compagnia che non saremo in grado di farlo per un po '.	Sono stato detto dalle persone alla mia azienda che non saremmo stati in grado di fare questo per un po '.
So, I shelved it, and I made this other movie about a big ship that sinks.	Così, l'ho accantonato e ho fatto questo film di una grossa nave che affonda.	Così l'ho <unk>, e ho fatto un altro film su una <unk> <unk>.	Allora, l'ho fatto, e l'ho fatto un altro film su una grande nave.	Così lo scioglievo, e ho fatto questo altro film su una grande nave.
You know, I went and pitched it to the studio as "'Romeo and Juliet' on a ship:	Allo studio l'ho buttata lì come un "Romeo e Giulietta su una nave".	Sapete, sono andato e <unk> al <unk> come "<unk> e <unk> su una <unk>.	Sapete, sono andato e l'ho scelto verso lo studio come "Romeo e Juliet 'su una nave.	Andai, andai e l'ho lasciato al studio come "Romeo e Juliet 'su una nave.
"It's going to be this epic romance, passionate film."	Sarebbe stata una storia d'amore epica,  un film passionale.	"<unk> questo <unk> <unk>, <unk> <unk>."	"Sarà questo filmato epiche, passionato."	"Sarà il film passione".
Secretly, what I wanted to do was I wanted to dive to the real wreck of "Titanic."	Segretamente, quello che volevo fare era  immergermi per vedere il relitto del "Titanic".	<unk>, ciò che volevo fare è stato che volevo <unk> la <unk> reale di "<unk>".	Certamente, quello che volevo fare era che volevo che volevo fare era il retro del Titanic ".	Secentemente, quello che volevo fare era che volevo fare era per il vero vestito di "Titanic".
And that's why I made the movie.	Ecco perché ho fatto quel film.	Ecco perché ho fatto il film.	Ed ecco perché ho fatto il film.	Ecco perché ho fatto il film.
And that's the truth. Now, the studio didn't know that.	Ed è la verità. Lo studio non lo sapeva.	E questa è la verità. Ora, i <unk> non lo <unk>.	E questa è la verità. Ora, lo studio non lo sapeva.	E questa è la verità. Ora, lo studio non lo sapeva.
But I convinced them. I said, "We're going to dive to the wreck. We're going to film it for real.	Ma li ho convinti. Ho detto:  "Ci immergeremo verso il relitto. Lo riprenderemo dal vivo.	Ma li <unk>. Ho detto: "<unk> <unk> al <unk>.	Ma li ho convinti. Ho detto: "Stiamo andando alla direzione.	Ma io l'ho convinto. Dissi: "Noi andremo a buttare il filmato.
We'll be using it in the opening of the film.	Lo useremo per l'inizio del film.	<unk> nel <unk> del film.	Lo useremo nell'aprire del film.	Lo useremo nel filo.
It will be really important. It will be a great marketing hook."	Sarà molto importante. Sarà un gancio di marketing fantastico".	<unk> molto importante. <unk> <unk> "	Sarà davvero importante. Sarà molto importante. "	Sarà davvero importante. Sarà molto importante. "
And I talked them into funding an expedition.	E li ho convinti a finanziare una spedizione.	E ho parlato in <unk> un <unk>.	E li ho parlato in fondo una spedizione.	Ho parlato in una spedizione funzione.
Sounds crazy. But this goes back to that theme about your imagination creating a reality.	Sembra pazzesco. Ma questo ci riporta indietro  all'immaginazione che crea la realtà.	<unk> <unk>. Ma <unk> a quel tema della vostra immaginazione <unk> una realtà.	Suona pazza. Ma questo è tornato a quella della vostra immaginazione che creano una realtà.	Sembra pazza. Ma questa torna indietro a quel tema della tua immaginazione crea una realtà.
Because we actually created a reality where six months later, I find myself in a Russian submersible two and a half miles down in the north Atlantic, looking at the real Titanic through a view port. Not a movie, not HD -- for real.	Perché abbiamo veramente creato una realtà e sei mesi dopo  mi sono ritrovato su un sommergibile Russo  a due miglia e mezza di profondità nell'Atlantico del Nord,  a guardare il vero Titanic da un oblò,  non in un film, non in alta definizione, ma per davvero.	Perché abbiamo creato una realtà in cui sei mesi dopo, mi <unk> in una <unk> <unk> due miglia e mezzo a nord, nel <unk>, guardando i <unk> reali <unk> attraverso una visione <unk>. Non un film, <unk>.	Perché abbiamo creato una realtà in cui sei mesi sei mesi dopo, trovo in un tema russa due chilometri nel nord Atlantico a nord, guardando il reale Titanic, guardando il reale Titanic attraverso una vista. Non un film, per il reale Titanic.	Perché in realtà abbiamo creato una realtà in cui sei mesi dopo, mi trovo in un submersibile di due chilometri e mezzo a nord Atlantico, guardando il vero Titanic attraverso una visione reale. Non un film, non un film, non un film, non per HD.
Now, that blew my mind.	Sono rimasto sbalordito.	Ora, questo <unk> la mia mente.	Ora, quella legge la mia mente.	Ora, questo mi ha volato la mente.
And it took a lot of preparation, we had to build cameras and lights and all kinds of things.	E ci è voluta un sacco di preparazione, abbiamo dovuto costruire cineprese  e luci e un sacco di altre cose.	E ci sono <unk> di <unk>, abbiamo dovuto costruire <unk> <unk> e di ogni tipo.	E ha preso un sacco di preparazione, dovevamo costruire macchine fotografiche e di cose.	Ci sono voluti molta preparazione, abbiamo dovuto costruire macchine fotografie e ogni tipo di cose.
But, it struck me how much this dive, these deep dives, was like a space mission.	Ma sono rimasto fulminato  da quelle immersioni profonde,  era come una missione spaziale.	Ma mi <unk> quanto questa <unk>, queste <unk> <unk> <unk>, era come una <unk> missione.	Ma, mi colpisca quanta immersione, queste profonde, è come una missione spaziale.	Ma mi ha colpito quanto questa diva, queste immersioni profonde, era come una missione spaziale.
You know, where it was highly technical, and it required enormous planning.	Dove tutto era altamente tecnico  e si richiedevano enormi pianificazioni.	Sapete, dove era molto <unk>, e <unk> <unk> <unk>.	Sapete, dove è stato molto tecnico, ed è richiesta enorme pianificazione.	Sapete, dove era una tecnica molto tecnica, e si richiede un'enorme pianificazione.
You get in this capsule, you go down to this dark hostile environment where there is no hope of rescue if you can't get back by yourself.	Vi mettete in questa capsula, andate giù in questo buio  ambiente ostile  dove non ci sono speranze di essere salvati,  da cui non potete tornare indietro da soli.	Si <unk> in questo <unk>, <unk> in questo ambiente <unk> dove non c'è speranza di <unk> se non si può tornare indietro.	Si trova in questa capsula, andate in questo ambiente oscuro dove non c'è speranza di salvare se non si può tornare indietro.	Prendete in questo capsule, andate a questo ambiente ostile dove non c'è speranza di salvare se non si può tornare indietro da te.
And I thought like, "Wow. I'm like, living in a science fiction movie.	E ho pensato: "Fantastico. È come vivere  in un film di fantascienza.	E ho pensato: "<unk>. Mi piace, vivere in un film di <unk> <unk>.	E ho pensato: "Wow. Mi piace, vivere in un film di fantascienza.	E ho pensato: "Wow. Mi piace, vivere in un film di fantascienza.
This is really cool."	È davvero fantastico".	Questo è davvero fantastico. "	Questo è fantastico. "	Questo è davvero fantastico. "
And so, I really got bitten by the bug of deep-ocean exploration.	E quindi, sono stato affetto dal morbo dell'esplorazione delle profondità dell'oceano.	E quindi mi sono davvero <unk> dal <unk> di <unk> <unk>.	E quindi, mi sono davvero letto dal bug dell'esplorazione di profondo oceano.	E quindi, mi sono rimasto dal bug dell'esplorazione di profondità oceaniche.
Of course, the curiosity, the science component of it --	Certo, la curiosità, la componente scientifica.	Certo, il <unk>, la scienza <unk>...	Naturalmente, la curiosità, il componente della scienza.	Ovviamente, la curiosità, la componente della scienza.
it was everything. It was adventure,	Era tutto. Era avventura.	Era tutto. Era <unk>.	Era tutto. Era avventura.	Era tutto tutto. E 'stato avventure.
it was curiosity, it was imagination.	Era curiosità. Era immaginazione.	<unk> <unk>, era l'immaginazione.	Era la curiosità, l'immaginazione.	Era curiosità, era un'immaginazione.
And it was an experience that Hollywood couldn't give me.	Ed era un'esperienza che  Hollywood non mi poteva offrire.	Ed era un'esperienza che <unk> non poteva <unk>.	Era un'esperienza che Hollywood non poteva dare.	Ed era un'esperienza che Hollywood non riusciva a darmi.
Because, you know, I could imagine a creature and we could create a visual effect for it. But I couldn't imagine what I was seeing out that window.	Certo, potevo immaginare una creatura e  creare un effetto visivo. Ma non potevo immaginare quello che vedevo  fuori dall'oblò.	Perché, sapete, potrei immaginare una <unk> <unk> e potremmo creare un effetto <unk>. Ma non <unk> a immaginare cosa stavo vedendo quel <unk>.	Perché, sapete, potrei immaginare una creatura e potremmo creare un effetto visivo. Ma non riuscivo a immaginare ciò a vedere quella finestra.	Perché, sapete, potrei immaginare una creatura e potremmo creare un effetto visivo per esso. Ma non riuscivo a immaginare di ciò che stavo vedendo la finestra.
As we did some of our subsequent expeditions, I was seeing creatures at hydrothermal vents and sometimes things that I had never seen before, sometimes things that no one had seen before, that actually were not described by science at the time that we saw them and imaged them.	Nelle nostre successive spedizioni  ho visto creature con aperture idrotermali  e, a volte, cose che non avevo mai visto prima,  cose che nessuno aveva mai visto prima,  che in realtà non erano neanche descritte dalla scienza  all'epoca in cui le abbiamo viste e immaginate.	Come abbiamo fatto alcuni dei nostri <unk> <unk>, stavo <unk> creature a <unk> e a volte cose che non avevo mai visto prima, a volte le cose che nessuno aveva mai visto prima, che in realtà non erano <unk> dalla scienza che li abbiamo <unk> e <unk>.	Mentre abbiamo fatto alcune delle nostre spedizioni, stavo vedendo le creature idrotermali, a volte le cose che non avevo mai visto prima, che in qualche volta non avevo mai visto prima, che non erano stati descritti dalla scienza al tempo che non erano descritto da scienza al tempo che li abbiamo visto e immaginare.	Mentre abbiamo fatto alcune delle nostre spedizioni, stavo vedendo le creature di idrotermali e a volte cose che non avevo mai visto prima, a volte cose che non avevo mai visto prima, che non erano mai descritte dalla scienza al tempo che abbiamo visto e le immagini.
So, I was completely smitten by this, and had to do more.	Quindi ero tutto preso da questo  e dovevo fare di più.	Così, ero completamente <unk> da questo, e <unk> fare di più.	Quindi, ero completamente piccolo da questo, e doveva fare di più.	Quindi, ero completamente del tutto questo, e dovevo fare di più.
And so, I actually made a kind of curious decision.	Allora ho preso una decisione curiosa.	E quindi ho fatto una sorta di decisione <unk>.	E così, ho fatto una specie di decisione curiosa.	Ho fatto una decisione curiosa.
After the success of "Titanic," I said, "OK, I'm going to park my day job as a Hollywood movie maker, and I'm going to go be a full-time explorer for a while."	Dopo il successo di "Titanic",  ho detto: "OK, metto da parte il mio lavoro quotidiano  di regista di Hollywood,  e faccio l'esploratore a tempo pieno per un po' ".	Dopo il successo di "<unk>", ho detto, "Ok, <unk> il mio lavoro come un <unk> <unk>, e sto <unk> un <unk> per un po '."	Dopo il successo di "Titanic", "dissi:" Ok, parcherò il mio lavoro come un film di Hollywood, e sto per un film di Hollywood, e sto per un po '. "	Dopo che il successo di "Titanic" Ho detto: "Ok, parcherò il mio lavoro come film di Hollywood, e andrò per un po '."
And so, we started planning these expeditions.	Così, abbiamo cominciato a pianificare  queste spedizioni.	E quindi abbiamo cominciato a <unk> questi <unk>.	E quindi abbiamo iniziato a pianificare queste spedizioni.	E quindi abbiamo iniziato a pianificare queste spedizioni.
And we wound up going to the Bismark, and exploring it with robotic vehicles.	Ci siamo ritrovati ad andare al Bismark  ed esplorarlo con veicoli robotizzati.	E <unk> il <unk>, e lo <unk> con <unk> <unk>.	E vincerchiamo di andare al Bismark, e esplorarlo con veicoli robotiche.	E ci svoltiamo verso il Bismark, e esplorare con veicoli robot.
We went back to the Titanic wreck.	Siamo tornati al relitto del Titanic.	<unk> al <unk> <unk> <unk>.	Tornammo al Titanico.	Siamo tornati al reck Titanic.
We took little bots that we had created that spooled a fiber optic.	Abbiamo preso piccoli robot che avevamo creato  con avvolta della fibra ottica.	Abbiamo preso un po 'di <unk> che abbiamo creato un <unk> <unk>.	Abbiamo preso delle piccole bottiglie che avevamo creato una fibra ottiche.	Abbiamo preso delle piccole botte che avevamo creato una fibra ottica.
And the idea was to go in and do an interior survey of that ship, which had never been done.	E l'idea era di andare dentro e fare un sopralluogo  interno della nave, che non era mai stato fatto.	E l'idea era di andare e fare un <unk> <unk> di quella <unk>, che non era mai fatto.	E l'idea era di andare a fare un intervento di quella nave, che non è mai stato fatto.	E l'idea era andare in un interni e fare un interni di quella nave, che non era mai stato fatto.
Nobody had ever looked inside the wreck. They didn't have the means to do it, so we created technology to do it.	Nessuno aveva mai guardato all'interno del relitto. Non avevano i mezzi per farlo,  abbiamo quindi creato la tecnologia per farlo.	Nessuno aveva mai <unk> all'interno del <unk>. Non avevano significato, quindi abbiamo creato la tecnologia per farlo.	Nessuno avevano mai guardato dentro il direttore. Non avevano i mezzi di farlo, quindi abbiamo creato la tecnologia per farlo.	Nessuno ha mai guardato all'interno del reco. Non avevano il significa farlo, quindi abbiamo creato tecnologia per farlo.
So, you know, here I am now, on the deck of Titanic, sitting in a submersible, and looking out at planks that look much like this, where I knew that the band had played.	Allora eccomi qua sul ponte  del Titanic, seduto in un sommergibile,  osservando le assi che sembravano proprio come queste,  dove sapevo che avevano suonato i violinisti.	Quindi, sapete, qui sono, sul <unk> di <unk>, <unk> in una <unk>, e <unk> fuori <unk> che <unk> come questo, dove sapevo che il <unk> aveva <unk>.	Quindi, sapete, qui sono qui, sul decennato di Titanic, seduto in una sottile, e guardando i pianchi, dove sapevo, dove sapevo che il band aveva giocato.	Quindi, sapete, qui sono ora, sul decennato di Titanic, seduti in una submersibile, e guarda fuori da pianeti che sembrano molto, dove sapevo che il band aveva suonato.
And I'm flying a little robotic vehicle through the corridor of the ship.	E sto guidando un piccolo veicolo robotizzato  attraverso il corridoio della nave.	E sto <unk> un piccolo <unk> attraverso il <unk> della <unk>.	E sto volendo un piccolo veicolo attraverso il corridatore della nave.	E sto volando un piccolo veicolo robotico attraverso il corriditore della nave.
When I say, "I'm operating it," but my mind is in the vehicle.	Quando lo dico, lo sto guidando,  ma la mia mente è nel veicolo.	Quando dico: "Lo sto <unk>", ma la mia mente è nella <unk>.	Quando dico: "Sto operando", ma la mia mente è nel veicolo.	Quando dico, "sto operando", ma la mia mente è nel veicolo.
I felt like I was physically present inside the shipwreck of Titanic.	Mi sembrava di essere fisicamente presente  all'interno del relitto del Titanic.	Mi <unk> <unk> all'interno del <unk> di <unk>.	Mi sono sentito fisico all'interno della nazione del Titanic.	Mi sentivo di essere fisicamente presente all'interno della Titanic.
And it was the most surreal kind of deja vu experience I've ever had, because I would know before I turned a corner what was going to be there before the lights of the vehicle actually revealed it, because I had walked the set for months when we were making the movie.	Ed è stata l'esperienza dejà vu  più surreale che abbia mai vissuto,  perché già prima di girare l'angolo sapevo  cosa ci sarebbe stato dietro, prima che le luci  del veicolo lo rivelassero,  perché avevo percorso il set per mesi  girando il film.	Ed era l'esperienza più <unk> <unk> che abbia mai avuto, perché sapevo che ho mai fatto, perché sapevo che ci sarebbe lì prima che le <unk> della <unk> <unk>, perché avevo <unk> i <unk> per mesi quando <unk> il film.	Ed è stato il più chiaro di vu 'esperienza che ho mai avuto, perché sapevo prima di trasformare un angolo, perché avrei saputo prima delle luci veicoli del veicolo che l'ha rivelato per mesi quando avevo camminato per mesi quando stavamo costruendo il film.	Ed è stato il tipo di esperienza più surreali che ho mai avuto, perché sapevo prima che ho avuto, perché sapevo prima che sarei stato lì prima delle luci del veicolo in realtà, perché avevo camminato per mesi quando facevamo il film.
And the set was based as an exact replica on the blueprints of the ship.	E il set era basato su una replica esatta  del modello della nave.	Il <unk> era <unk> come un <unk> <unk> sulla <unk> della <unk>.	E il set è stato basato come replica sulle navi della nave.	E il set è stato basato in una replica sulla blueprints della nave.
So, it was this absolutely remarkable experience.	Quindi fu un'esperienza assolutamente straordinaria.	Quindi, era questa cosa assolutamente esperienza.	Quindi è stata questa esperienza assolutamente notevole.	Quindi, era questa esperienza straordinaria.
And it really made me realize that the telepresence experience -- that you actually can have these robotic avatars, then your consciousness is injected into the vehicle, into this other form of existence.	E mi ha veramente fatto rendere conto che  nell'esperienza della telepresenza  che si può sperimentare tramite questi avatar robot,  la mente è iniettata nel veicolo,  in quest'altra forma di esistenza.	E mi ha veramente capito che l'esperienza di <unk> -- che si può avere questi <unk> <unk>, allora la vostra <unk> è <unk> nella <unk>, in questa forma di esistenza.	E mi ha realizzato realizzare che l'esperienza telepresenza -- che in effetti si può avere queste avatorie robotiche, allora la vostra consapevolezza che si trova in quest'altra forma di esistenza.	E mi ha davvero capito che l'esperienza della telepresenza -- che in effetti si può avere questi avatari robot, la vostra consapevolezza è ingettata nel veicolo, in quest'altra forma di esistenza.
It was really, really quite profound.	È stato veramente molto profondo.	Era davvero <unk>.	Era davvero, molto profondo.	Era davvero molto profonda.
And it may be a little bit of a glimpse as to what might be happening some decades out as we start to have cyborg bodies for exploration or for other means in many sort of post-human futures that I can imagine, as a science fiction fan.	E potrebbe essere un piccolo assaggio di quello che potrebbe succedere  tra qualche decennio  quando cominceremo ad avere dei cyborg  per le esplorazioni o per altri motivi  in qualche tipo di  futuro post-umano  che posso immaginare,  da amante della fantascienza quale sono.	E potrebbe essere un po 'di <unk> come <unk> di quello che potrebbe <unk> alcuni <unk> <unk> per <unk> o per altri significa <unk>, che posso immaginare, come un <unk> <unk> <unk> che posso immaginare, come un <unk> di <unk> <unk>.	E potrebbe essere un pò di un po 'di disposizione per quello che succede alcune decenni che iniziamo ad avere dei corpi per l'esplorazione o per l'esplorazione o per gli altri mezzi del futuro umano che posso immaginare, come un fano.	E potrebbe essere un po 'di un po' di quello che potrebbe succedere alcuni decenni mentre iniziamo ad avere il ciborg di corpi per l'esplorazione o per altri mezzi umani che posso immaginare, come una fase di scienze.
So, having done these expeditions, and really beginning to appreciate what was down there, such as at the deep ocean vents where we had these amazing, amazing animals --	Quindi, abbiamo fatto queste spedizioni,  e cominciato realmente ad apprezzare ciò che c'era là sotto,  come le aperture delle profondità dell'oceano  dove c'erano questi animali staordinari.	Quindi, abbiamo fatto questi <unk>, e <unk> a <unk> ciò che c'era lì, per quanto riguarda i <unk> <unk>, gli animali <unk>.	Allora, hanno fatto queste spedizioni, e iniziare a apprezzare quello che c'era là, come a quelli più profondi oceano dove avevamo queste straordinate, gli animali incredibili.	Quindi, avendo fatto queste spedizioni, e cominciano a apprezzare quello che era lì, come ai venti oceani profondi dove avevamo degli animali incredibili.
they're basically aliens right here on Earth.	In sostanza, sono alieni proprio qui sulla terra.	In pratica sono <unk> proprio qui sulla Terra.	Sono praticamente alieni qui sulla Terra.	Sono fondamentalmente alieni qui sulla Terra.
They live in an environment of chemosynthesis.	Vivono in un ambiente di chemosintesi.	<unk> in un ambiente di <unk>.	Vivono in un ambiente di chimosintesi.	Vedono in un ambiente di chemiosintesi.
They don't survive on sunlight-based system the way we do.	Non sopravvivono in un sistema  basato sulla luce del sole come facciamo noi.	Non <unk> nel sistema <unk> il modo in cui facciamo.	Non sopravvivono al sistema di sole di base sul modo in cui facciamo.	Non sopravviveranno sul sistema solare.
And so, you're seeing animals that are living next to a 500-degree-Centigrade water plumes.	Quindi, si vedono animali che vivono vicino a  a correnti d'acqua  a 500 gradi centigradi.	E quindi, vedete animali che vive vicino a un <unk> d'acqua <unk>.	E quindi, vedete gli animali che vivono accanto ad un prossimo 500-grado.	E quindi, state vedendo gli animali che vivono vicino a un 50 gradi di Centigradi d'acqua.
You think they can't possibly exist.	Sembra persino impossibile che esistano.	<unk> che non <unk>.	Pensano che non possono esistere.	Pensate che non possono esistere.
At the same time I was getting very interested in space science as well -- again, it's the science fiction influence, as a kid.	Allo stesso tempo  mi stavo interessando molto anche alla scienza spaziale,  ancora una volta, è l'influenza della fantascienza, da ragazzo.	<unk> stesso periodo in cui mi <unk> molto allo spazio -- di nuovo, è l'influenza <unk>, da bambino.	Allo stesso tempo stavo diventando molto interessato nello spazio della scienza -- di nuovo, è l'infezione di scienza, come bambino.	Allo stesso tempo mi piaceva essere molto interessati nello spazio, di nuovo, è l'influenza scientifica, come ragazzino.
And I wound up getting involved with the space community, really involved with NASA, sitting on the NASA advisory board, planning actual space missions, going to Russia, going through the pre-cosmonaut biomedical protocols, and all these sorts of things, to actually go and fly to the international space station with our 3D camera systems.	E sono finito  nell'ambiente spaziale,  veramente coinvolto con la NASA,  seduto nel consiglio consultivo della NASA,  a pianificare missioni spaziali,  andare in Russia, passare per il protocollo biomedico  del pre-cosmonauta,  e tutte queste cose,  fino a volare alla stazione spaziale internazionale  con le nostre telecamere 3D.	E mi sono <unk> <unk> con lo spazio della comunità, molto <unk> con la NASA di <unk> della NASA, il <unk> <unk>, il <unk> <unk>, che <unk>, <unk> il <unk>, e tutti questi tipi di cose, per andare a volare verso lo spazio <unk> con i nostri sistemi <unk> <unk>.	E mi sono vinto di essere coinvolti con la comunità spaziale, in realtà coinvolto con la NASA, in visorta di NASA, pianificando gli spaziali di Russia, che andando attraverso i protocolli pre-cosmonaio, e tutti questi tipi di cose, per andare a volo alla stazione dello spazio internazionali.	E mi rifermo ad essere coinvolti con la comunità spaziale, davvero coinvolgimento della NASA, sedersi sulla NASA, la pianificazione spaziale, la pianificazione spaziale russo, per la Russia, attraverso i protocolli pre-costretti della comunità dello spazio internazionale con i nostri sistemi 3D.
And this was fascinating.	È stato affascinante.	E questo era affascinante.	E questo era affascinante.	E questo era affascinante.
But what I wound up doing was bringing space scientists with us into the deep.	Ma quello che ho finito per fare è stato portare gli scienziati spaziali  con noi negli abissi.	Ma quello che ho fatto è stato che <unk> gli scienziati con noi in profondità.	Ma quello che mi sono vestiti a portare gli scienziati dello spazio in profondo.	Ma ciò che mi riferisco a fare spazio gli scienziati con noi in profonde.
And taking them down so that they had access -- astrobiologists, planetary scientists, people who were interested in these extreme environments -- taking them down to the vents, and letting them see, and take samples and test instruments, and so on.	E portarli giù perché potessero avere accesso…  astrobiologi, scienziati planetari,  gente interessata a questi ambienti estremi,  portarli giù e permettere loro di vedere,  prendere campioni, testare strumenti e così via.	E li <unk> in modo che avevano accesso -- <unk>, <unk> scienziati, persone che si <unk> a questi <unk> <unk>, e <unk>, e <unk>, e <unk>, e <unk>, e <unk> <unk>, e così via.	E li prenderanno in modo che avevano accesso -- astrobiologi, gli scienziati planetari, persone che si interessavano a questi ambienti estremo gli ambienti estremo i venti, e mettono a farli vedere, e prenderli dei campioni e testano gli strumenti, e così via.	E li prendono così che avevano accesso -- astrobiologi, gli scienziati planetari, persone che erano interessati a questi ambienti estremi -- le persone che sono interessati ai venti, e gli strumenti di testare i campioni e strumenti.
So, here we were making documentary films, but actually doing science, and actually doing space science.	Quindi, stavamo girando dei documentari,  ma in realtà facevamo la scienza,  la scienza spaziale.	Quindi, qui stavamo facendo film di <unk>, ma in realtà facendo scienza <unk>.	Quindi, qui stavamo creando documentari, ma in realtà facendo la scienza, e in effetti lo spazio.	Quindi, qui stavamo facendo filmmi di documentari, ma in effetti lo spazio.
I'd completely closed the loop between being the science fiction fan, you know, as a kid, and doing this stuff for real.	Avevo chiuso l'anello  tra l'essere fan di fantascienza,  da ragazzo,  a fare quelle cose per davvero.	Avevo completamente il <unk> tra essere la <unk> <unk> <unk>, sapete, da bambino, e fare questa roba per reale.	Avevo completamente chiuso tra la fantascienza, come un ragazzo, sapete, come bambino, e fare questa roba per reale.	Ero completamente chiuso l'inondaggio tra essere la finzione della fana della scienza, come ragazze, e facendo questa roba per reale.
And you know, along the way in this journey of discovery, I learned a lot.	E sapete, durante questo percorso  di scoperta,  ho imparato molto.	E sapete, lungo la strada in questo viaggio, ho imparato molto.	E sapete, lungo il modo in questo viaggio di scoperta, ho imparato molto.	E sapete, lungo il modo in questo viaggio di scoperta, ho imparato molto.
I learned a lot about science. But I also learned a lot about leadership.	Ho imparato molto di scienza. Ma ho anche imparato molto  sulla leadership.	Ho imparato molto di scienza. Ma ho anche imparato da <unk>.	Ho imparato molto sulla scienza. Ma ho imparato molto di leadership.	Ho imparato molto sulla scienza. Ma ho anche imparato molto sul leadership.
Now you think director has got to be a leader, leader of, captain of the ship, and all that sort of thing.	Tutti pensano che un regista debba essere un leader,  il capitano della nave, o qualcosa del genere.	Ora, pensate che <unk> deve essere un leader, <unk> della <unk>, e del tutto ciò.	Ora pensate che il direttore deve essere un leader, leader di capitare, e tutto questo tipo di cose.	Ora pensate che il direttore deve essere un leader, la nave della nave, e tutto questo tipo di cose.
I didn't really learn about leadership until I did these expeditions.	Io non sapevo niente di leadership  prima di fare tutte quelle spedizioni.	Non avevo veramente imparato a <unk> fino a <unk> queste <unk>.	Non imparai molto di leadership fino a che non ho fatto queste spedizioni.	Non avevo veramente imparato per la leadership fino a che ho fatto queste spedizioni.
Because I had to, at a certain point, say, "What am I doing out here?	Perché a un certo punto ho dovuto dire:  "Cosa sto facendo qui fuori?	Perché ho dovuto, ad un certo punto, diciamo, "Cosa sto facendo qui?	Perché ho dovuto, a un certo punto, dicendo: "Che cosa sto facendo qui?	Perché ho dovuto, a un certo punto: "Cosa sto facendo qui?
Why am I doing this? What do I get out of it?"	Perché lo sto facendo? Che cosa ne ricavo?"	Perché lo faccio? Cosa ne <unk>? "	Perché lo faccio? Che cosa ho scritto? "	Perché lo faccio?
We don't make money at these damn shows.	Non si guadagna niente a fare tutti questi spettacoli.	Non facciamo soldi a questi <unk> <unk>.	Non facciamo denaro a questi danni.	Non facciamo soldi a questi mostra.
We barely break even. There is no fame in it.	A malapena andiamo in pari. Non c'è fama.	<unk> <unk> <unk>. Non c'è <unk>.	Noi imbaramente. Non c'è piegato.	Sicuramente rompere. Non c'è caduto.
People sort of think I went away between "Titanic" and "Avatar" and was buffing my nails someplace, sitting at the beach.	La gente pensa quasi che me ne sia andato  tra "Titanic" e "Avatar" e che mi stessi girando i pollici  seduto su qualche spiaggia.	Le persone pensano di essere <unk> tra "<unk>" e "<unk>" ed è stato <unk> il mio <unk> <unk>, <unk> al <unk>.	La gente pensa che ho scritto tra "Titanic" e "Avatar" e "Avatar" e ", seduto a una spiaggia.	Le persone pensano che mi sono allontanico e "Avatar" e "Avatar" e "Avatar", seduti alla spiaggia.
Made all these films, made all these documentary films for a very limited audience.	Ho fatto tutti questi film, tutti questi documentari  per un pubblico così limitato.	<unk> tutti questi film, <unk> tutti questi <unk> <unk> per un pubblico molto <unk>.	Tutti questi film, hanno fatto tutti questi fili documentari per un pubblico molto limitato.	Made tutti questi filmati, facevano tutti questi film documentari per un pubblico molto limitato.
No fame, no glory, no money. What are you doing?	Nessuna fama, nessuna gloria, niente soldi. Cosa sto facendo?	<unk> <unk>, niente soldi. Che cosa fai?	Niente, nessuna gloria, nessun denaro. Che cosa stai facendo?	Nessuna fame, nessun denaro. Cosa stai facendo?
You're doing it for the task itself, for the challenge -- and the ocean is the most challenging environment there is -- for the thrill of discovery, and for that strange bond that happens when a small group of people form a tightly knit team.	Lo sto facendo per il compito in sé,  per la sfida –  e l'oceano è la sfida più grande che esista,  per il brivido della scoperta,  e per quello strano legame che si instaura  quando un piccolo gruppo di persone forma un team profondamente compatto.	Lo fai per il compito stessa, per la sfida -- e l'oceano è l'ambiente più <unk> che c'è -- per la <unk> di scoperta, e per quel <unk> <unk> che succede quando un piccolo gruppo di persone <unk> una <unk> <unk>.	Lo stai facendo per il compito di sfida, per la sfida, e l'oceano è la più sfida lì è -- per l'ambiente di scoperta, e per quella strana che accade quando un piccolo gruppo di persone formano un piccolo gruppo di persone creano un piccolo gruppo di persone.	Lo fai per il compito in sé, per la sfida -- e l'oceano è la maggior parte dell'ambiente più sfidando, per questo strano di scoperta, e per questo strano che succede quando un piccolo gruppo di persone che si forma una squadra di persone forme di una forma stretta squadre.
Because we would do these things with 10, 12 people, working for years at a time,	Perché facevamo tutto con 10-12 persone,  lavorando insieme per anni.	Perché <unk> queste cose con 10, 12 persone, 12 anni, <unk> per <unk> anni.	Perché facemmo queste cose con 10, 12 persone, lavorando per anni.	Perché faremmo queste cose con 10, 12 persone, lavorano per anni.
sometimes at sea for two, three months at a time.	Qualche volta in mare per 2-3 mesi di fila.	A volte il mare per due, tre mesi a volte.	A volte al mare per due, tre mesi ad un tempo.	A volte il mare per due, tre mesi.
And in that bond, you realize that the most important thing is the respect that you have for them and that they have for you, that you've done a task that you can't explain to someone else.	E in quel legame, ci si rende conto  che la cosa importante  è il rispetto che si ha per loro  e che loro hanno per te, quando hai terminato un compito  che non puoi spiegare a nessun altro.	E in quel <unk>, <unk> che la cosa più importante è il rispetto che avete per loro e che hanno per voi, che avete fatto un compito che non si può spiegare altro.	E in quel legame, si rende conto che la cosa più importante è il rispetto di cui avete per loro e che ci sono per voi, che hai fatto un compito che non si può spiegare a qualcuno.	E in questo legame, vi rendete conto che la cosa più importante è il rispetto che li avete per voi, e che vi hanno per voi, che non si può spiegare qualcun altro.
When you come back to the shore and you say, "We had to do this, and the fiber optic, and the attentuation, and the this and the that, all the technology of it, and the difficulty, the human-performance aspects of working at sea," you can't explain it to people. It's that thing that maybe cops have, or people in combat that have gone through something together and they know they can never explain it.	Quando si torna a terra e si spiega:  "Abbiamo dovuto fare questo, e la fibra ottica, e l'attenuazione,  e questo e quello,  tutta la tecnologia, e la difficoltà,  gli aspetti della perfomance umana quando si lavora in mare…  non lo si può spiegare. È quella cosa che  forse hanno solo i poliziotti o i soldati che hanno vissuto qualcosa insieme  e sanno che non potranno mai spiegarlo.	Quando <unk> al <unk> e <unk>: "<unk> fare questo, e il <unk> <unk>, e il <unk>, e il <unk>, e la <unk>, e la <unk>, la <unk> <unk> <unk> di <unk> di <unk> al mare," non si può spiegare le persone. E 'che forse l' <unk> <unk>, o la gente in cui non possono mai <unk>.	Quando tornate indietro al shore e ti dicono: "Abbiamo dovuto fare questo, e l'attentuazione, e l'attentuazione, tutta la tecnologia, e la difficoltà, tutta la tecnologia, e la difficoltà, gli aspetti umani di lavorare a mare," non si può spiegarla a gente. E 'quello che forse forse ha, le persone in combattere che ci sono, o persone in combattere che non lo spiegarla.	Quando tornate indietro al quadro e dite: "Dovevamo fare questo, e il fibre ottico, e l'attentusiasma, tutta la tecnologia della tecnologia, e la difficoltà, e la difficoltà, e la difficoltà dell'uomo di lavorare al mare" mare non puoi spiegare la gente. E 'questa cosa che forse può spiegare.
Creates a bond, creates a bond of respect.	Creare un legame, creare un legame di rispetto.	<unk> un <unk>, crea un <unk> di rispetto.	Crea un bond, crea un bond di rispetto.	Crea un legame, crea un legame di rispetto.
So, when I came back to make my next movie, which was "Avatar," I tried to apply that same principle of leadership, which is that you respect your team, and you earn their respect in return.	Quando sono tornato per fare il mio film successivo,  cioè "Avatar"  ho cercato di applicare lo stesso principio di leadership  ossia rispettare il team  e in cambio guadagnarmi il loro rispetto.	Quindi, quando <unk> a fare il mio prossimo film, che era "<unk>", ho cercato di <unk> lo stesso principio di <unk>, che è quello che <unk> il vostro team, e <unk> il loro rispetto al <unk>.	Quindi, quando tornai a realizzare il mio prossimo film, che era "Avatar", ho cercato di applicare lo stesso principio di leadership, che è che rispettate la vostra squadra.	Quindi, quando sono tornato a fare il mio prossimo film, che era "Avatar", ho cercato di applicare lo stesso principio della leadership, che si riparare la tua squadra, e guadagnando il loro rispettato in ritardo.
And it really changed the dynamic.	È veramente cambiata la dinamica.	E ha cambiato la <unk>.	E ha davvero cambiato la dinamica.	Ed è cambiato la dinamica.
So, here I was again with a small team, in uncharted territory, doing "Avatar," coming up with new technology that didn't exist before.	E quindi eccomi qui ancora una volta con un piccolo gruppo,  in territorio inesplorato  a fare "Avatar" con tecnologie nuove  che non esistevano prima.	<unk> di nuovo con una piccola squadra, in <unk> <unk>, <unk> "<unk> con la nuova tecnologia che non <unk>.	Quindi, qui ero ancora con una piccola squadra, nel territorio non esisteva prima.	Quindi, qui ero di nuovo con una piccola squadra, in territorio incartato, facendo "Avatar", con una nuova tecnologia che non esisteva prima.
Tremendously exciting.	Terribilmente emozionante.	<unk> <unk>.	Parlatamente eccitante.	Ovviamente è eccitante.
Tremendously challenging.	Tremendamente impegnativo.	<unk> <unk>.	Pratramente sfida.	Ovviamente le sfide.
And we became a family, over a four-and-half year period.	E siamo diventati una famiglia, nell'arco di quattro anni e mezzo.	E <unk> una famiglia, più di un anno <unk>.	E siamo diventati una famiglia, più di un periodo di 4 anni.	E siamo diventati una famiglia, oltre un anno a quattro anni.
And it completely changed how I do movies.	E ha cambiato completamente il mio modo di fare film.	Ed è cambiato completamente il modo di fare film.	Ed è cambiato completamente come faccio.	Ed è cambiato completamente come faccio i film.
So, people have commented on how, "Well, you know, you brought back the ocean organisms and put them on the planet of Pandora."	La gente ha commentato dicendo che  ho preso gli organismi dall'oceano  e li ho messi sul pianeta Pandora.	Le persone hanno <unk> su come: "Beh, sapete, <unk> gli organismi <unk> e li <unk> sul pianeta di <unk>."	Allora, le persone hanno comune, "Beh, sapete, riportate indietro gli organismi oceani e li metterli sul pianeta di Pandora."	Quindi, le persone hanno commentato su come: "Beh, sapete, hai portato gli organismi oceani e li mettono sul pianeta di Pandora".
To me, it was more of a fundamental way of doing business, the process itself, that changed as a result of that.	Per me, era l'essenza del modo di fare business,  il processo in sé, che era cambiato.	Per me, era più di un modo fondamentale di fare affari, il processo stesso, il processo di <unk>.	Per me, era più di un modo fondamentale di fare di business, il processo stesso, il processo stesso, che ha cambiato come risultato.	Per me, era più di un modo fondamentale di fare affari, che è cambiato come risultato.
So, what can we synthesize out of all this?	Cosa possiamo trarne allora?	Cosa possiamo <unk> da tutto questo?	Allora, cosa possiamo sintetizzare di tutto questo?	Quindi, che cosa possiamo sintetizzare tutto questo?
You know, what are the lessons learned?	Quali sono le lezioni che abbiamo imparato?	Sapete, quali sono i <unk> <unk>?	Sapete, quali sono le lezioni imparate?	Che cosa sono le lezioni hanno imparato?
Well, I think number one is curiosity.	Credo che la prima sia  la curiosità.	Beh, penso che uno è <unk>.	Beh, penso che il numero una curiosità.	Beh, credo che una sia curiosità.
It's the most powerful thing you own.	È la cosa più potente che possediamo.	E 'la cosa più potente che <unk>.	E 'la cosa più potente di voi.	E 'la cosa più potente.
Imagination is a force that can actually manifest a reality.	L'immaginazione è una forza  che può realmente manifestare una realtà.	<unk> è una forza che può <unk> una realtà.	L'Imaginazione è una forza che può manifestare una realtà.	La maginazione è una forza che può davvero manifestare una realtà.
And the respect of your team is more important than all the laurels in the world.	E il rispetto del gruppo  è più importante di  di tutti gli allori del mondo.	E il rispetto della vostra squadra è più importante di tutti i <unk> del mondo.	E il rispetto del vostro team è più importante di tutte le lezioni del mondo.	E il rispetto della tua squadra è più importante che tutti i lauri nel mondo.
I have young filmmakers come up to me and say, "Give me some advice for doing this."	Giovani registi  vengono da me e mi dicono: "Dammi qualche consiglio per fare questo".	Ho i giovani <unk> mi <unk> e dire: "<unk> qualche <unk> per fare questo."	Ho i giovani registi venivano da me e mi dicono: "Ditmi qualche consiglio per fare questo."	Ho i giovani salire per me e dire: "Fatemi qualche consiglio per fare questo".
And I say, "Don't put limitations on yourself.	E io rispondo: "Non ponetevi limiti.	E io <unk>: "Non <unk> a te stesso.	E io dico: "Non mettere limitazioni su se stessi.	E io dico: "Non ci limitazioni.
Other people will do that for you -- don't do it to yourself, don't bet against yourself,	Altre persone lo faranno per voi, non fatelo da soli,  non scommettete contro voi stessi.	<unk> le persone lo <unk> per voi -- non lo fate, non <unk> contro te stesso.	Altre persone lo fanno per voi -- non lo faranno a voi stessi, non basta contro voi.	Altri lo faranno per voi -- non lo fai a te stesso, non scommettere contro di voi.
and take risks."	E correte rischi".	<unk> <unk>. "	E prendete rischi. "	e prendete rischi. "
NASA has this phrase that they like: "Failure is not an option."	Alla NASA si dice sempre questa frase:  "L'errore non è contemplato".	La NASA ha questo <unk> che piace: "<unk> non è un <unk>."	La NASA ha questa fase che piace: "Failure non è un'opzione."	La NASA ha questa frase di cui la NASA non è una opzione. "
But failure has to be an option in art and in exploration, because it's a leap of faith.	Ma l'errore deve essere un'opzione  nell'arte e nell'esplorazione, perché è come fare un salto nel vuoto.	Ma il <unk> deve essere un <unk> in arte e in <unk> perché è una <unk> di <unk>.	Ma il fallimento deve essere una opzione in arte e l'esplorazione, perché è un sacco di fede.	Ma il fallimento deve essere una opzione nell'esplorazione, perché è una foglia di fede.
And no important endeavor that required innovation was done without risk.	E nessun importante tentativo  che ha richiesto innovazione  è stato fatto senza rischi.	E nessun <unk> importante che l'innovazione è stato fatto senza rischio.	E non è importante che l'innovazione richiede l'innovazione è stato fatto senza rischio.	E non importante dire che l'innovazione ricossa che l'innovazione ha fatto senza rischio.
You have to be willing to take those risks.	Dovete essere disposti a correre questi rischi.	<unk> essere <unk> a prendere questi <unk>.	Devi essere voluti per prendere questi rischi.	Bisogna prendere i rischi.
So, that's the thought I would leave you with, is that in whatever you're doing, failure is an option, but fear is not. Thank you.	Questo è il pensiero con cui voglio lasciarvi,  cioè che in qualsiasi cosa facciate,  l'errore è un'opzione,  ma la paura no. Grazie.	Quindi, questo è il pensiero che vi <unk>, è un <unk>, ma paura non è un <unk>, ma paura non è. Grazie.	Quindi, questo è il pensiero che vi porterei, è che in qualsiasi cosa stai facendo, fallimento è un'opzione, ma paura non è. Grazie.	Quindi, questo è il pensiero che vi lascierei, è che in quello che stai facendo, fallimento è una opzione, ma la paura non è. Grazie.
If I can leave you with one big idea today, it's that the whole of the data in which we consume is greater that the sum of the parts, and instead of thinking about information overload, what I'd like you to think about is how we can use information so that patterns pop and we can see trends that would otherwise be invisible.	Se oggi volessi farvi capire una sola grande idea  sarebbe che l'insieme dei dati  che consumiamo  è più grande della somma delle sue parti,  e che, invece di pensare alla troppa informazione,  vorrei farvi pensare a come  usare l'informazione per far emergere nuove relazioni  così da vedere nuovi trend, altrimenti invisibili.	Se <unk> <unk> con una grande idea di oggi, è che l'intera dei dati in cui <unk> è maggiore che le <unk> delle parti, e invece di pensare ai <unk> dell'informazione, e invece di pensare a come usare le informazioni <unk> e possiamo vedere <unk> che <unk> <unk> e possiamo vedere <unk> che <unk> <unk>.	Se posso lasciarvi con una grande idea di oggi, è che l'intero dei dati in cui consumiamo è più avvisibile che la somma delle parti, e invece di pensare che le informazioni, ciò che vorrei voi pensate sia come possiamo usare informazioni in modo da utilizzare le informazioni così che possano essere invisibile.	Se vi lascio con una grande idea di oggi, è che tutti i dati che consumano è più grande che il suma delle parti, e invece di pensare all'informazione, ciò che vi piacerebbe pensare all'informazione, quello che vi piacerebbe pensare è come possiamo usare informazioni in grado di usare informazioni in modo da usare l'informazione in modo da essere invisibile.
So what we're looking at right here is a typical mortality chart organized by age.	Qui vedete delle tipiche statistiche di mortalità  organizzate per età.	Quindi quello che stiamo guardando proprio qui è una <unk> <unk> <unk> dall'età.	Quindi quello che vediamo qui è una tipica di mortalità organizzata dall'età.	Quindi quello che stiamo osservando proprio qui è un tipico organizzato da età.
This tool that I'm using here is a little experiment.	Questo strumento che uso è un piccolo esperimento.	Questo è un piccolo esperimento.	Questo strumento qui è un piccolo esperimento.	Questo strumento che sto usando qui è un piccolo esperimento.
It's called Pivot, and with Pivot what I can do is I can choose to filter in one particular cause of deaths -- say, accidents.	Si chiama Pivot, e con Pivot posso  scegliere di filtrare una sola causa di morte, diciamo gli incidenti.	Si chiama <unk>, e con <unk> quello che posso fare è scegliere di <unk> in una causa <unk> di <unk>, diciamo, <unk>.	Si chiama Pivot, e con il Pivot quello che posso scegliere di filtro in una causa di morti -- dicono, incidenti.	Si chiama Pivot, e con Pivot ciò che posso fare è scegliere di filtrare in una particolare causa di morti -- diciamo, incidenti.
And, right away, I see there's a different pattern that emerges.	E subito vediamo emergere nuove relazioni.	E, <unk>, vedo che c'è un modello differente.	E, giusto, vedo che c'è un modello diverso.	E bene, vedo che c'è un modello differente che emerge.
This is because, in the mid-area here, people are at their most active, and over here they're at their most frail.	Il motivo è che qui nella parte centrale  le persone sono più attive;  e qui invece sono più fragili.	E 'perché, nel <unk> qui, le persone sono i loro più <unk>, e qui sono al loro più <unk>.	Questo perché, in mezzo qui, le persone sono al mezzo, le persone sono al loro più attivo, e qui sono al loro frail.	Questo perché, nella zona della metà delle persone sono i loro più attivi e qui sono alla loro più attive.
We can step back out again and then reorganize the data by cause of death, seeing that circulatory diseases and cancer are the usual suspects, but not for everyone.	Possiamo fare un passo indietro  e riorganizzare i dati per causa di morte,  vediamo che malattie circolatorie e cancro  sono i maggiori indiziati, ma non per tutti.	Possiamo <unk> di nuovo e poi <unk> i dati dalla morte della morte, <unk> che le malattie <unk> e il cancro sono i <unk> <unk>, ma non per tutti.	Possiamo tornare indietro di nuovo e poi riorganizzare i dati dalla causa della morte, vedere che le malattie del cancro sono le malattie del cancro sono i soluali, ma non per tutti.	Possiamo tornare indietro indietro e poi riorganizzare i dati dalla causa della morte, vedendo che le malattie circolatrici e il cancro sono i sospetti, ma non per tutti.
If we go ahead and we filter by age -- say 40 years or less -- we see that accidents are actually the greatest cause that people have to be worried about.	Se andiamo avanti e filtriamo per età,  diciamo sotto i 40,  vediamo che gli incidenti sono  la causa di morte di cui preoccuparsi di più.	Se andiamo avanti e <unk> da 40 anni -- diciamo che i <unk> sono in realtà la causa più grande che le persone devono essere <unk>.	Se andare avanti e filtro l'età, diciamo 40 anni, vediamo che gli incidenti sono in realtà la causa più grande causa che le persone devono essere preoccupati.	Se andiamo avanti e noi filtrando l'età -- diciamo 40 anni o meno -- vediamo che gli incidenti sono davvero la più grande causa che le persone devono essere preoccupati.
And if you drill into that, it's especially the case for men.	Visto più da vicino, vale soprattutto per gli uomini.	E se lo <unk>, è specialmente il caso per gli uomini.	E se lo guida, è particolarmente il caso per gli uomini.	E se si alluniscono in questo, è specialmente il caso per gli uomini.
So you get the idea that viewing information, viewing data in this way, is a lot like swimming in a living information info-graphic.	Quindi avrete capito  che visualizzare informazioni e dati in questi modo  è un po' come nuotare  in un mare di informazioni grafiche.	Quindi <unk> l'idea che <unk> l'informazione <unk>, i dati <unk> in questo modo, è molto che <unk> in una informazione <unk>.	Quindi ottenete l'idea che la vista informazione, i dati in questo modo, è molto simile a nuotare in una informazione info-grafica.	Quindi prendete l'idea che le informazioni, i dati che osservano i dati in questo modo, è molto come nuotare in un grafico.
And if we can do this for raw data, why not do it for content as well?	E se possiamo farlo con dati grezzi  perché non farlo anche con i contenuti?	E se possiamo fare questi per i dati <unk>, perché non farlo anche i <unk>?	E se riusciamo a farlo per i dati, perché non farlo per i contenuti?	E se possiamo farlo per i dati razzi, perché non farlo per il contenuto?
So what we have right here is the cover of every single Sports Illustrated ever produced.	Ad esempio qui abbiamo  la copertina di ogni Sports Illustrated  mai stampato.	Quindi quello che abbiamo qui è la <unk> di ogni singolo <unk> <unk> mai <unk>.	Quindi quello che abbiamo proprio qui è la copertina di ogni singola Sport Ilustrato mai prodotto.	Quello che abbiamo proprio qui è la copertina di ogni singolo Sports Ilustrò mai.
It's all here; it's all on the web.	Tutto qui. Tutto in rete.	E 'tutto qui; è tutto sul web.	E 'tutto qui, è tutto il web.	E 'tutto qui; è tutto sul web.
You can go back to your rooms and try this after my talk.	Potete rientrare nelle vostre stanze e provare anche voi.	Potete tornare al vostro <unk> e <unk> questo dopo il mio discorso.	Potete tornare ai vostri stanze e provare questo discorso.	Si può tornare indietro alle proprie stanze e provare questo dopo il mio discorso.
With Pivot, you can drill into a decade.	Con Pivot si può osservare un decennio.	Con <unk> <unk>, potete <unk> in un <unk>.	Con Pivot, potete guidare in un decennio.	Con Pivot, si può trarre un decennio.
You can drill into a particular year.	Oppure un anno specifico.	Si può <unk> in un anno particolare.	Potete andare in un anno particolare.	Si può trarre in un particolare anno.
You can jump right into a specific issue.	Si può isolare un numero in particolare.	Si può <unk> in un problema <unk>.	Potete saltare in un problema specifico.	Si può saltare in un problema specifico.
So I'm looking at this; I see the athletes that have appeared in this issue, the sports.	Ad esempio prendiamo gli atleti  che appaiono in questo numero, i loro sport.	Sto guardando questo, vedo i <unk> che hanno <unk> in questo problema, i <unk>.	Quindi sto guardando questo; vedo gli atleti che hanno apparso in questo problema, i sport.	Quindi guardo questo, vedo le atleti che hanno apparso in questo problema, i sporti.
I'm a Lance Armstrong fan, so I'll go ahead and I'll click on that, which reveals, for me, all the issues in which Lance Armstrong's been a part of.	Sono un fan di Lance Armstrong, quindi clicco qui  e vedo tutti i numeri  in cui appare Lance Armstrong.	Sono un <unk> di <unk> <unk>, quindi <unk> e mi <unk>, che <unk>, per me, tutti i problemi in cui <unk> <unk> è stata una parte.	Sono un piano di Lance Armstrong, quindi anderò avanti e cliccerò, che rivelerò, che rivelo per me, tutti i problemi di Lance Armong è stato una parte.	Sono un fan di Lance Armstrong, quindi andrò avanti e poi cliccare su questo, che rivelo, per me, tutti i problemi nel quale Lance Armstrong era stato parte di Lance Armassiccio.
Now, if I want to just kind of take a peek at these, I might think, "Well, what about taking a look at all of cycling?"	Ora, se voglio darci un'occhiata,  potrei pensare  "Perché non dare uno sguardo a tutto il ciclismo?"	Ora, se voglio solo una specie di <unk> a questi, potrei pensare: "Beh, cosa dire a prendere un'occhiata?"	Ora, se voglio solo prendere un picciclare queste, io posso pensare: "Beh, cosa succede un'occhiata al ciclaggio?"	Ora, se voglio solo una specie di picchietti, potrei pensare: "Beh, cosa si tratta di prendere un'occhiata?"
So I can step back, and expand on that.	Faccio un passo indietro e allargo la visuale.	Quindi posso <unk>, e <unk>.	Posso tornare indietro.	Quindi posso tornare indietro, e si espandano.
And I see Greg LeMond now.	E ora vedo Greg Lemond.	<unk> <unk> <unk>.	E vedo Greg LeMond.	E vedo la Greg.
And so you get the idea that when you navigate over information this way -- going narrower, broader, backing in, backing out -- you're not searching, you're not browsing.	Insomma avrete capito che quando  navigate tra le informazioni in questo modo  più da vicino o più da lontano  andando avanti e indietro  non è solo una ricerca, non è il solito browser.	E quindi <unk> l'idea che quando <unk> di informazioni in questo modo -- <unk>, <unk>, <unk>, <unk>, non sei <unk>.	E quindi si ottiene l'idea che quando si navigano sopra l'informazione -- navigato, intorno a spostare, che non siete spostare, non sei sbrowsing.	E quindi vi rendete l'idea che quando si navigare l'informazione in questo modo, che sta navigando, ma non stai ricercando, non stai ricercando.
You're doing something that's actually a little bit different.	Ma fate qualcosa di leggermente diverso.	<unk> qualcosa che è un po 'diverso.	State facendo qualcosa che è un po 'diverso.	State facendo qualcosa che è un po 'diverso.
It's in between, and we think it changes the way information can be used.	E' una via di mezzo che secondo noi cambierà  come potremo usare le informazioni.	È in mezzo, e pensiamo che cambia l'informazione può essere usato.	E 'in mezzo, e pensiamo che cambia il modo in cui l'informazione possa essere usati.	E 'tra, e noi pensiamo che cambia il modo in cui le informazioni.
So I want to extrapolate on this idea a bit with something that's a little bit crazy.	Approfondiamo ancora questa idea  che può sembrare un po' folle.	Voglio <unk> su questa idea di qualcosa che è un po '<unk>.	Quindi voglio estrapolarci su quest'idea un po 'con qualcosa che è un po' chiaro.	Quindi voglio estrapolare questa idea un po 'di qualcosa che è un po' pazzo.
What we're done here is we've taken every single Wikipedia page and we reduced it down to a little summary. So the summary consists of just a little synopsis and an icon to indicate the topical area that it comes from.	Abbiamo preso ogni singola pagina di Wikipedia  e l'abbiamo ridotta a un breve riassunto  che consiste in una piccola sinossi  e un'icona che ne indica l'area tematica.	Quello che abbiamo fatto qui è che abbiamo <unk> ogni singolo <unk> e lo abbiamo <unk> in un piccolo <unk> e un <unk> per <unk> l'area <unk> che viene da <unk>.	Quello che abbiamo fatto qui è che abbiamo scattato ogni singola pagina Wikipedia e lo abbiamo ridotto in una piccola ridotta. Quindi l'assistenza di una piccola simulare e un'icona che si tratta.	Quello che abbiamo fatto qui è che abbiamo scattato ogni pagina Wikipedia e la riduciamo in una piccola estazione. Quindi la cima è una piccola zona di una piccola sintonizzazione per indicare l'area topicale che proviene.
I'm only showing the top 500 most popular Wikipedia pages right here.	Vi mostro solo le prime 500  tra le più visitate su Wikipedia.	Sto solo <unk> i 500 pagine <unk>.	Sto mostrando la cima a 500 più popolare Wikipedia.	Sto solo mostrando i 500 pagine di Wikipedia.
But even in this limited view, we can do a lot of things.	Anche in questa schermata limitata  possiamo fare molto.	Ma anche in questa visione <unk>, possiamo fare molte cose.	Ma anche in questa visione limitata, possiamo fare molte cose.	Ma anche in questa visione limitata, possiamo fare molte cose.
Right away, we get a sense of what are the topical domains that are most popular on Wikipedia.	Si capisce subito quali aree tematiche  sono le più visitate su Wikipedia.	<unk>, abbiamo un senso di quali sono i <unk> più <unk> su <unk>.	Proprio, otteniamo un senso di ciò che sono le domestici più popolari di Wikipedia.	Giusto, ci allontaniamo un senso di quello che sono più popolari su Wikipedia.
I'm going to go ahead and select government.	A questo punto seleziono gli enti governativi.	<unk> avanti e <unk> <unk>.	Vado di andare avanti e selezionale.	Sto per andare avanti e selezionare il governo.
Now, having selected government, I can now see that the Wikipedia categories that most frequently correspond to that are Time magazine People of the Year.	Scelta questa opzione  vediamo che le categorie di Wikipedia  più spesso associate a questa voce  sono i "Personaggi dell'Anno" di Time Magazine.	Ora, <unk> il governo <unk>, posso vedere che il <unk> <unk> che la maggior parte delle <unk> <unk> a quella <unk>.	Ora, il governo selezionale, posso vedere che le categorie di Wikipedia che più frequentamente corrispondono a quelli della Time di Year.	Ora, avendo il governo selezionato, ora vedo che le categorie di Wikipedia che più spesso spesso corrisponde alle persone più frequentemente corrisponde alle Year.
So this is really important because this is an insight that was not contained within any one Wikipedia page.	Questo è significativo perché fa emergere  qualcosa che nelle pagine di Wikipedia non c'era.	Questo è molto importante perché questo è un <unk> che non era <unk> in una pagina di <unk>.	Quindi questo è davvero importante perché questo è un incentro che non è contenuto in nessuna pagina Wikipedia.	Questo è davvero importante perché questa è un'intuizione che non era contenuto entro una pagina Wikipedia.
It's only possible to see that insight when you step back and look at all of them.	E lo si vede soltanto  facendo un passo indietro per vedere l'insieme.	E 'possibile vedere che <unk> quando <unk> indietro e <unk> tutti.	E 'solo possibile vedere che inserva quando tornate indietro e guardare tutti.	E 'solo possibile vedere che l'intuizione quando il passo indietro e guardi tutti.
Looking at one of these particular summaries, I can then drill into the concept of Time magazine Person of the Year,	Se prendo uno di questi riassunti  posso poi zoomare sulla categoria  "Personaggi dell'Anno" di Time Magazine.	<unk> ad uno di questi <unk> in particolare, posso <unk> nel concetto di <unk> <unk> <unk> della <unk>.	Guardando una di queste particolari riguardo al concetto del Time poi nel concetto di Time Person Person del Year.	Guardando ad una di queste particolari in particolare, posso poi trarne il concetto del Time del Time la magazine di Year.
bringing up all of them.	e vederli tutti.	<unk> tutti.	Diversando tutti.	Li portano tutti.
So looking at these people, I can see that the majority come from government; some have come from natural sciences; some, fewer still, have come from business --	A questo punto  vedo che la maggior parte proviene da enti governativi  Alcuni dal mondo della scienza  Un numero minore dal mondo degli affari.	<unk> queste persone, posso vedere che la <unk> <unk> dal governo; alcuni sono <unk> da <unk> naturali; alcuni, <unk> ancora, <unk>, sono ancora <unk> dal business.	Quindi guardando queste persone, posso vedere che la maggioranza vengono dalle scienze naturali; alcune sono venuti dalle scienze naturali; alcune meno, sono venuti dal business.	Quindi, osservando queste persone, posso vedere che la maggioranza viene dal governo, alcuni provenienti dalle scienze naturali, alcuni, meno, sono venuti da affari.
there's my boss --	Ecco il mio capo.	C'è il mio <unk>...	C'è il mio osso.	C'è la mia perdita.
and one has come from music.	Uno viene dalla musica.	Una è <unk> dalla musica.	E uno è venuto dalla musica.	Ed è venuto dalla musica.
And interestingly enough, Bono is also a TED Prize winner.	E, cosa piuttosto interessante,  Bono ha anche vinto un premio TED.	E <unk>, <unk> è anche un TED <unk> <unk>.	E molto interessante, Bono è un winner di TED Prize.	E molto interessante, Bono è anche un vincitore di TED.
So we can go, jump, and take a look at all the TED Prize winners.	Allora saltiamo a vedere tutti i vincitori del premio TED.	Possiamo andare, <unk>, e <unk> a tutti i <unk> di TED.	Possiamo andare, saltare, e guardare a tutti i TED Prize.	Quindi possiamo andare, saltare, e guardiamo a tutti i vincitori di TED.
So you see, we're navigating the web for the first time as if it's actually a web, not from page-to-page, but at a higher level of abstraction.	Per la prima volta stiamo davvero navigando in rete  come se fosse una rete, non da pagina a pagina  ma ad un livello di astrazione superiore.	Quindi vedete, stiamo <unk> il web per la prima volta come se in realtà è un web, non da <unk>, ma ad un livello più alto di <unk>.	Quindi vedete, stiamo navigando il web per la prima volta se è in realtà un web, non da pagina da pagina, ma ad un livello più alto di astrazione.	Quindi vedete, stiamo navigando il web per la prima volta come se è un web, non dalla pagina a pagina, ma a livello più alta di astrazione.
And so I want to show you one other thing that may catch you a little bit by surprise.	Vi voglio mostrare un'altra cosa  che vi potrebbe sorprendere.	E quindi voglio mostrarvi un'altra cosa che potrebbe <unk> un po 'da <unk>.	E quindi voglio mostrarvi un'altra cosa che possa catturarvi un po 'di sorpresa.	E quindi voglio mostrarvi una cosa che altra cosa che potrebbe cattedere un po 'di sorpresa.
I'm just showing the New York Times website here.	Questo è il sito del New York Times.	Sto solo <unk> il sito del New York <unk>.	Sto mostrando il sito di New York Times.	Sto mostrando il sito web.
So Pivot, this application -- I don't want to call it a browser; it's really not a browser, but you can view web pages with it -- and we bring that zoomable technology to every single web page like this.	Pivot, questa applicazione -  non la chiamo browser, perché non è un browser,  ma serve comunque a vedere pagine web -  noi aggiungiamo questa tecnologia per lo zoom  ad ogni pagina web, come questa.	Quindi <unk>, questo <unk> -- non voglio <unk> un <unk>; non è davvero una <unk>, ma potete <unk> pagine web con <unk> -- e <unk> quella tecnologia <unk> in ogni pagina web come questa.	Quindi Pivot, questa applicazione -- non lo voglio chiamare un browser; non è un browser, ma potete vedere le pagine di web, e portiamo quella zoomica, e portiamo questa tecnologia per ogni singolo web.	Quindi Pivot, questa applicazione -- non lo voglio chiamarlo, non è una fratta, non è una fratta, ma potete vedere le pagine web con -- e portiamo questa tecnologia a ogni singola pagina web.
So I can step back, pop right back into a specific section. Now the reason why this is important is because, by virtue of just viewing web pages in this way, I can look at my entire browsing history in the exact same way.	Posso fare un passo indietro  e subito tornare ad una sezione specifica  Questo è importante perché  il solo vedere le pagine web così  mi fa vedere tutta la mia navigazione in internet  allo stesso identico modo.	Quindi posso tornare indietro, <unk> indietro in un <unk> <unk>. Ora la ragione per cui è importante perché, <unk> <unk> di pagine <unk> in questo modo, posso <unk> la mia <unk> <unk>.	Quindi posso tornare indietro in una sezione specifica. Ora il motivo per cui questo è importante è perché, per il virtuo di semplicemente, posso guardare la mia storia, posso guardare la mia storia dell'esatto.	Quindi posso andare indietro, indietro in una sezione specifica. La ragione per cui questa è importante è che, per la ragione ragione per cui questa è importante è perché, da virtù di osservare il mio browware lo stesso modo.
So I can drill into what I've done over specific time frames.	Posso zoomare su quello che ho fatto  in momenti specifici.	Quindi posso <unk> in quello che ho fatto nel tempo <unk> <unk>.	Posso guidare a quello che ho fatto in tempo specifico.	Quindi posso sceso in ciò che ho fatto nel tempo specifico.
Here, in fact, is the state of all the demo that I just gave.	Qui infatti si vede lo stato  della demo che ho appena presentato.	Qui, in effetti, è lo stato di tutte le <unk> che ho appena dato.	Qui, in effetti, è lo stato di tutto il demo.	Qui, in effetti, è lo stato di tutti i demo.
And I can sort of replay some stuff that I was looking at earlier today.	Posso in un certo senso rivedere altre cose che ho visto in giornata.	E posso <unk> alcune cose che stavo guardando oggi prima.	E posso realizzare alcune cose che stavo guardando oggi.	E posso reggere alcune cose che stavo guardando prima prima.
And, if I want to step back and look at everything, I can slice and dice my history, perhaps by my search history --	Se voglio fare una passo indietro e vedere tutto  posso fare a pezzettini il mio storico  o la storico delle mie ricerche.	E, se voglio <unk> e <unk> tutto, posso <unk> e <unk> la mia storia, forse <unk> la mia storia di ricerca.	E, se voglio tornare indietro e guardare tutto, posso diventerà la mia storia, forse per la mia storia di ricerca.	E, se voglio andare avanti e guardare tutto tutto, posso slotare e dice la mia storia, forse dalla mia storia.
here, I was doing some nepotistic searching, looking for Bing, over here for Live Labs Pivot.	Qui cercavo in modo nepotistico,  cercavo il motore Bing, qui per Live Labs Pivot.	qui, stavo facendo dei <unk> <unk>, per <unk>, qui per <unk> <unk> <unk>.	Ecco, qui, stavo facendo alcune ricerche vicino, cercando Bing, per qui per Labs Pivot.	Qui stavo facendo un po 'di ricercazione neppure per Bing, qui per Bing, qui per Live Pivot.
And from these, I can drill into the web page and just launch them again.	E da qui posso zoomare sulla mia pagina web  e semplicemente rilanciare da qui.	E da queste, posso <unk> sul web e li <unk> ancora.	E da questi, posso guidare nella pagina e lanciare di nuovo.	E da questi, posso trarre la pagina web e li lanciano di nuovo.
It's one metaphor repurposed multiple times, and in each case it makes the whole greater than the sum of the parts with the data.	Una metafora riutilizzata molte volte,  e in ogni caso il risultato è maggiore  della somma delle parti, dei dati di partenza.	E 'una <unk> <unk> <unk> volte, e in ogni caso <unk> la più grande della <unk> delle parti con i dati.	E 'una metafora riparsa di molteplica, e in ogni caso rende l'intero più grande della somma delle parti con i dati.	E 'una metafora di metafora di metafora, e in ogni caso la somma delle parti con i dati.
So right now, in this world, we think about data as being this curse.	Oggigiorno, al mondo,  i dati sono visti come una sorta di maledizione.	Ora, in questo mondo, pensiamo a dati come questo <unk>.	Quindi adesso, in questo mondo, pensiamo a questi dati.	Ora, in questo mondo, pensiamo ai dati come questa curi.
We talk about the curse of information overload.	Si parla di sovraccarico di informazioni.	<unk> della <unk> di informazione <unk>.	Parliamo della cursovrappresentazione.	Parliamo della cursa dell'informazione superata.
We talk about drowning in data.	Si parla di annegare nei dati.	<unk> di <unk> in dati.	Parliamo di dati.	Parliamo di annegare i dati.
What if we can actually turn that upside down and turn the web upside down, so that instead of navigating from one thing to the next, we get used to the habit of being able to go from many things to many things, and then being able to see the patterns that were otherwise hidden?	E se mettessimo tutto sottosopra  se mettessimo il web sottosopra  invece di passare da una cosa all'altra,  ci abitueremmo a passare da molte cose a molte altre  per poi poter vedere quelle strutture  che altrimenti rimarrebbero nascoste?	E se riusciamo a <unk> quel <unk> e <unk> il web <unk>, così che invece di <unk> da una cosa alla prossima, <unk> <unk> alla <unk> di essere in grado di andare da molte cose, e poi essere in grado di vedere i <unk> che <unk> <unk>?	E se potessimo effettivamente risultato e trasformare il web sotto, così che invece di navigare da una cosa alla prossima, otteniamo all'abitudine di molte cose, e poi riuscire a vedere gli schemi che fossero in nascosto?	Cosa se possiamo effettivamente girare il lato e girare il web giù, così che invece di navigare da una cosa alla prossima, ci siamo abituati all'habit di essere in grado di andare da molte cose, e poi essere in grado di vedere gli schemi che erano nascosti?
If we can do that, then instead of being trapped in data, we might actually extract information.	E allora invece di sentirci intrappolati nei dati  potremmo davvero estrarre informazioni.	Se possiamo farlo, invece di essere <unk> in dati, potremmo <unk> informazioni.	Se possiamo farlo, poi invece di essere trappolati in dati, potremmo davvero estrarre informazioni.	Se possiamo farlo, invece di essere applicati in dati, possiamo realmente estrarre informazioni.
And, instead of dealing just with information, we can tease out knowledge.	Invece di occuparci solo di informazioni,  possiamo tirarne fuori della conoscenza.	E, invece di <unk> con informazioni, possiamo <unk> la conoscenza.	E, invece di morire solo con informazioni, possiamo teorare la conoscenza.	E, invece di fare solo con l'informazione, possiamo togliere la conoscenza.
And if we get the knowledge, then maybe even there's wisdom to be found.	E dalla conoscenza magari si arriva anche alla saggezza.	E se <unk> la conoscenza, allora forse persino c'è <unk> di essere <unk>.	E se prendiamo la conoscenza, allora forse c'è il desiderio.	E se prendiamo la conoscenza, forse c'è la conoscenza, forse c'è scoperto.
So with that, I thank you.	E con questo vi ringrazio.	Quindi con questo, grazie.	E così, grazie.	Quindi, vi ringrazio.
Everybody talks about happiness these days.	Di questi tempi tutti parlano di felicità.	Tutti parlano di questi tempi.	Tutti parla felicità di questi giorni.	Tutti parla di felicità della felicità.
I had somebody count the number of books with "happiness" in the title published in the last five years and they gave up after about 40, and there were many more.	Ho chiesto di contare il numero di libri  contenenti la parola "felicità" nel titolo e pubblicati negli ultimi 5 anni,  hanno smesso di contare dopo aver raggiunto quota 40, e ce n'erano molti di più.	Avevo qualcuno <unk> il numero di libri con la felicità degli <unk> <unk> negli ultimi cinque anni e <unk>, dopo circa dopo circa 40 anni, e c'erano molti altri.	Avevo il numero di libri con la felicità di libri con "felicità" nel titolo pubblicato negli ultimi cinque anni e hanno dato dopo circa 40, e c'erano molti di più.	Avevo qualcuno contato il numero di libri con "felicità" nel titolo pubblicato negli ultimi cinque anni e loro hanno dato a circa 40, e ci sono molti più.
There is a huge wave of interest in happiness, among researchers.	C'è un enorme ondata d'interesse sulla felicità,  tra i ricercatori.	C'è un'enorme <unk> di interesse nella felicità, tra i <unk>.	C'è un'enorme onda di interesse in felicità, tra ricercatori.	C'è una grande onda di interesse nella felicità, tra i ricercatori.
There is a lot of happiness coaching.	C'è molto "coaching"  sulla felicità.	C'è un sacco di felicità <unk>.	C'è un sacco di felicità.	C'è molta felicità.
Everybody would like to make people happier.	Tutti vorrebbero rendere le persone più felici.	Tutti <unk> che <unk> le persone <unk>.	Tutti vorrebbero fare persone più felici.	Tutti vorrebbero fare la gente più felice.
But in spite of all this flood of work, there are several cognitive traps that sort of make it almost impossible to think straight about happiness.	Ma nonostante tutto questo flusso di lavoro,  vi sono una serie di "trappole cognitive"  che in qualche modo rendono impossibile elaborare idee corrette  sulla felicità.	Ma nel <unk> di tutto questo <unk> di lavoro, ci sono molti <unk> <unk> che <unk> di felicità.	Ma in tutto questo piano di tutto questo, ci sono diverse cognitive che ci sono diversi trappoli che ci rendono quasi impossibile pensare che la felicità.	Ma nella spitta di lavoro, ci sono diversi trapite cognitivi che lo rendono quasi impossibile pensare alla felicità.
And my talk today will be mostly about these cognitive traps.	Il mio discorso di oggi riguarderà soprattutto queste "trappole cognitive".	E il mio discorso oggi sarà <unk> di questi <unk> <unk>.	E il mio discorso oggi sarà più di questi trapi cognitivi.	E il mio discorso oggi sarà soprattutto di questi traps cognitivi.
This applies to laypeople thinking about their own happiness, and it applies to scholars thinking about happiness, because it turns out we're just as messed up as anybody else is.	E riguarda sia persone profane  che pensano alla loro felicità,  e riguarda studiosi che studiano la felicità,  perché pare che noi siamo confusi come tutti gli altri.	Questo <unk> a <unk> pensando alla loro felicità, e si <unk> a pensare alla felicità, perché è <unk> che siamo <unk> come chiunque altro.	Questo applica per riflettere alle persone che pensano alla loro felicità, e si applica a scuole pensare alla felicità, perché è scoprire come chiunque altro.	Questo applica le persone che si pensano alla loro felicità, e si applica che si applica a pensare alla felicità, perché si è scoperto che siamo proprio messaggi come qualcun altro.
The first of these traps is a reluctance to admit complexity.	La prima di queste trappole  è la riluttanza ad ammettere la complessità.	La prima di queste <unk> è un <unk> alla complessità <unk>.	La prima di questi campi è un riluctanza per ammettere la complessità.	La prima di queste tracce è una relazione relazione relazione alla complessità.
It turns out that the word "happiness" is just not a useful word anymore, because we apply it to too many different things.	Risulta infatti che la parola felicità  non sia più una parola utile  in quanto la applichiamo a troppi campi.	<unk> che la parola "felicità" della felicità "non è più utile, perché <unk> <unk> a molte cose diverse.	Viene fuori che la parola felicità "non è una parola utile, perché l'applicazione troppe diverse.	Viene fuori che la parola "felicità non è solo non è più utile, perché lo lo applica troppa cose diverse.
I think there is one particular meaning to which we might restrict it, but by and large, this is something that we'll have to give up and we'll have to adopt the more complicated view of what well-being is.	Io credo che la si possa restringere ad un significato particolare  ma in linea di massima,  dovremo disfarci di questa accezione  e dovremo adottare la visione più complicata  di che cosa sia il "benessere".	Penso che ci sia un significato <unk>, ma <unk>, questo è qualcosa che dobbiamo <unk> e <unk> su e <unk> <unk> la visione <unk> di ciò che <unk>.	Penso che ci sia un significato particolare per cui potremmo restringere, ma in grande, questo è qualcosa che dovremo rinunciare e dovremo adottare la visione più complicata di ciò che viene.	Penso che ci sia un particolare significato per cui potremmo ridurre il triclo, ma di grande, questo è qualcosa che dobbiamo rinunciare e che dobbiamo adottare la visione più complicata di quello che è benessere.
The second trap is a confusion between experience and memory; basically, it's between being happy in your life, and being happy about your life or happy with your life.	La seconda trappola è la confusione tra esperienza e memoria:  in pratica si tratta di scegliere tra essere felici nella vita  ed essere felici della propria vita  o felici riguardo alla propria vita.	Il secondo <unk> è un <unk> tra esperienza e memoria, in pratica, è tra essere felici nella vostra vita, e <unk> della vostra vita o felice con la vostra vita.	La seconda è una confusione tra esperienza e la memoria; fondamentalmente, è tra essere felice nella vostra vita, e la vostra vita.	La seconda caratteristica è una confusione tra esperienza e la memoria; fondamentalmente è tra essere felice nella vostra vita o felice della vostra vita o felice con la tua vita o felice con la tua vita.
And those are two very different concepts, and they're both lumped in the notion of happiness.	E questi sono due concetti estremamente diversi,  entrambi parte del concetto di felicità.	E questi sono due <unk> molto diverse, e sono entrambi <unk> nella <unk> della felicità.	E queste sono due concetti molto diverse, e sono entrambi luminati nella nozione della felicità.	E questi sono due concetti molto diversi, e sono entrambe la nozione di felicità.
And the third is the focusing illusion, and it's the unfortunate fact that we can't think about any circumstance that affects well-being without distorting its importance.	E la terza  è l'illusione della focalizzazione  ossia lo sfortunato fatto per cui non possiamo pensare ad alcuna circostanza  che influisca sul benessere  senza distorcerne l'importanza.	E il terzo è il <unk> <unk>, ed è il fatto che non possiamo pensare a qualsiasi <unk> che <unk> senza <unk> il <unk>.	E il terzo è l'illusione dell'illusione, ed è il fatto che è il fatto che non possiamo pensare a qualcun circostante che influenzare la sua importanza.	E la terza è l'illusione, ed è il fatto che non possiamo pensare ad ogni circostanza che condiziona il benessere senza distorta la sua importanza.
I mean, this is a real cognitive trap.	Voglio dire, si tratta di una vera trappola cognitiva.	Voglio dire, questo è un vero <unk> <unk>.	Voglio dire, questa è una trappola cognitiva.	Voglio dire, questa è una rovina cognitiva.
There's just no way of getting it right.	e non c'è alcun modo di fare la cosa giusta.	Non c'è solo modo di <unk>.	Non c'è solo modo di farlo.	Non c'è modo di averlo ragione.
Now, I'd like to start with an example of somebody who had a question-and-answer session after one of my lectures reported a story,	Mi piacerebbe iniziare con un esempio  di una persona che, dopo una sessione di domande e risposte,  dopo una mia lezione, raccontò una storia.	Ora, vorrei iniziare con un esempio di qualcuno che aveva un <unk> <unk> dopo una delle mie <unk> <unk> una storia.	Ora, vorrei iniziare con un esempio di qualcuno che aveva una questione di domande che ha una risposta di sessione dopo una delle mie lezioni.	Vorrei iniziare con un esempio di qualcuno che aveva un esempio di qualcuno che aveva un question-rispondente a una storia.
and that was a story -- He said he'd been listening to a symphony, and it was absolutely glorious music and at the very end of the recording, there was a dreadful screeching sound.	[ non chiaro...]  Disse che mentre ascoltava una sinfonia  di musica assolutamente magnifica  proprio alla fine della registrazione,♪  si sentì un suono terribilmente stridulo.	E questa era una storia -- disse che era assolutamente <unk>, ed era assolutamente <unk> musica e alla fine del <unk>, c'era un <unk> di <unk> <unk>.	E questa era una storia -- ha detto che era stato assolutamente gloriosa, ed è stato assolutamente gloriosa e alla fine della registrazione, c'è stato un sogno di recupero.	E questa era una storia -- disse che stava ascoltando una sinfonia, e era assolutamente felice e la musica totale e alla fine della registrazione, c'era un suono adorabile.
And then he added, really quite emotionally, it ruined the whole experience.	E poi aggiunse, in maniera molto emotiva,  che  aveva rovinato l'intera esperienza.	E poi <unk>, davvero <unk>, <unk> l'intera esperienza.	E poi aggiunse, molto emozionalmente, ha raggiunto l'intera esperienza.	E poi ha aggiunto, molto emozionalmente, rovinato l'esperienza.
But it hadn't.	Ma non era vero.	Ma non ci <unk>.	Ma non è così.	Ma non è stato.
What it had ruined were the memories of the experience.	Quello che era stato rovinato era il ricordo dell'esperienza.	Ciò che aveva <unk> erano le <unk> dell'esperienza.	Ciò che avevano le memorie dell'esperienza.	Quello che aveva rovinato erano le memorie dell'esperienza.
He had had the experience.	Lui aveva vissuto l'esperienza.	Aveva l'esperienza.	Aveva l'esperienza.	Aveva l'esperienza.
He had had 20 minutes of glorious music.	Ed aveva ascoltato per 20 minuti della musica meravigliosa.	Aveva 20 minuti di musica <unk>.	Aveva 20 minuti di musica gloriosa.	Aveva 20 minuti di musica gloriosa.
They counted for nothing because he was left with a memory; the memory was ruined, and the memory was all that he had gotten to keep.	ma ciò non contò per niente  perchè lui rimase con un certo ricordo;  Il ricordo era rovinato,  e il ricordo era tutto ciò che gli rimaneva.	<unk> <unk> per niente perché era rimasto con una memoria; la memoria era <unk>, e la memoria era tutto quello che <unk> <unk>.	Hanno contato per nulla perché era lasciato con una memoria; la memoria è stata rovinata, e la memoria era tutto quello che aveva scoperto.	Hanno contato per niente perché non era lasciata con una memoria; la memoria è stato rovinato, e la memoria era tutto che aveva raggiunto.
What this is telling us, really, is that we might be thinking of ourselves and of other people in terms of two selves.	Ciò che questo episodio ci dice, in fondo,  è che noi potremmo pensare a noi stessi e ad altre persone  in termini di due "sè ".	Ciò che ci dice, davvero, è che potremmo pensare a noi stessi e di altre persone in termini di <unk>.	Ciò che ci dice davvero, è che potremmo pensare a noi stessi e di altre persone in termini di due.	Quello che ci sta dicendo, davvero, è che potremmo pensare a noi stessi e di altre persone in termini di difesa.
There is an experiencing self, who lives in the present and knows the present, is capable of re-living the past, but basically it has only the present.	C'è un sè che vive delle esperienze,  che vive nel presente  e conosce il presente,  ed è capace di rivivere il passato,  ma che in pratica ha solo il presente.	C'è un <unk> <unk>, che vive nel presente e sa che il presente, è capace di <unk> il passato, ma in pratica ha solo il presente.	C'è un'esperienza di sperimentazione, che vive nel presente e sa che il presente, è capace di ri-vivere il passato, ma in pratica ha solo il presente.	C'è un'esperienza di sé, che vive nel presente e sa che il presente, è capace di riparare il passato, ma in pratica ha solo il presente.
It's the experiencing self that the doctor approaches -- you know, when the doctor asks, "Does it hurt now when I touch you here?"	Si tratta del " sé che vive le esperienze " e al quale il dottore si avvicina --  sapete quando il dottore chiede,  " Ti fa male ora, quando tocco qui?"	E 'il <unk> <unk> che il <unk> <unk>, quando il <unk> <unk>, "<unk> ora quando <unk> qui?"	E 'l'esperienza stesso che il dottore approcci -- sapete, quando i dottore, quando tocca il dottore: "Da hurt adesso quando tocco toccata?"	E 'l'esperienza stessa che il dottore si avvicina -- sapete, quando il dottore di dottore, quando ho toccato? "
And then there is a remembering self, and the remembering self is the one that keeps score, and maintains the story of our life, and it's the one that the doctor approaches in asking the question, "How have you been feeling lately?"	E poi c'è il "sé che si ricorda",  si tratta del "sé che si ricorda" che segna i punti,  e si occupa della storia della nostra vita,  ed è quel "sé" a cui il dottore si avvicina  chiedendo:  "Come ti sei sentito negli ultimi tempi?"	E poi c'è un <unk> <unk>, e il <unk> <unk> è quello che <unk>, e <unk> la storia della nostra vita, ed è quello che il <unk> <unk> di <unk>, "<unk> è stato <unk>?"	E poi c'è un ricordato stesso, e il ricordato stesso è quello che mantiene scorre, e mantiene la storia della nostra vita, ed è quella che il dottore della nostra vita, ed è quello che il dottore di chiedere: "Come siete sentusiasmo?"	E poi c'è un riempito, e il ricorrente è quella che mantiene la storia della nostra vita, e mantenere la storia della nostra vita, ed è il dottore che si avvicina alla domanda: "Come siete stati sentimamente a senti?"
or "How was your trip to Albania?" or something like that.	o " Com'è andato il tuo viaggio in Albania?" o qualcosa di simile.	o "<unk> il vostro viaggio a <unk>?" o qualcosa del genere.	O come fosse il vostro viaggio a Albania? "o qualcosa di simile.	o "Come era il vostro viaggio per Albania?" o qualcosa del genere.
Those are two very different entities, the experiencing self and the remembering self, and getting confused between them is part of the mess about the notion of happiness.	Quelle sono due entità differenti,  il sé che vive un'esperienza e quello che se la ricorda,  e confondersi tra le due è parte della confusione  sulla nozione di felicità.	Questi sono due <unk> molto diversi, i <unk> <unk> e i <unk> <unk>, e <unk> tra loro è parte della <unk> della <unk> della felicità.	Queste sono due entità molto diverse, l'esperienza stesso e il ricordato stesso, e si ricordano tra loro è parte della nozione della felicità.	Queste sono due entità molto differenti, l'esperienza di sé e il rimuovere, e si conconfusa tra di loro è parte del consapevolezza della nozione della felicità.
Now, the remembering self is a storyteller.	Il sé che ricorda,  è un cantastorie.	Ora, il <unk> <unk> è un <unk>.	Ora, il ricordato stesso è un narrivo storico.	Ora, il ricordarsi è un narratore.
And that really starts with a basic response of our memories -- it starts immediately.	E questo processo inizia con una risposta fondamentale dei nostri ricordi --  inizia immediatamente.	E questo <unk> inizia con una risposta di base della nostra <unk> -- <unk> immediatamente.	E questo inizia con una risposta di base delle nostre memorie -- inizia immediatamente.	E questo comincia con una reazione di base delle nostre memorie, inizia immediatamente.
We don't only tell stories when we set out to tell stories.	Noi non raccontiamo storie solo quando decidiamo di raccontarle.	Non <unk> solo storie quando <unk> fuori a raccontare storie.	Noi non solo raccontare storie quando sediamo a raccontare storie.	Non raccontiamo solo le storie quando mettiamo di raccontare storie.
Our memory tells us stories, that is, what we get to keep from our experiences is a story.	La nostra memoria ci racconta storie,  ossia, quello che ci rimane delle nostre esperienze  è una storia.	La nostra memoria ci <unk> storie, è che, ciò che <unk> <unk> dalla nostra <unk> è una storia.	Il nostro memoria ci dice storie, quello che ottendiamo a mantenere dalle nostre esperienze è una storia.	La nostra memoria, ci dice le storie, è che ciò che ci arriviamo dalle nostre esperienze è una storia.
And let me begin with one example.	Fatemi iniziare con un esempio.	<unk> cominciare con un esempio.	Lasciatemi iniziare con un esempio.	E lasciatemi iniziare con un esempio.
This is an old study.	Si tratta di un vecchio studio.	Questo vecchio.	Questo è un vecchio studio.	Questo è un vecchio studio.
Those are actual patients undergoing a painful procedure.	Che riporta le esperienze di due pazienti durante una procedura dolorosa.	Questi sono <unk> che <unk> un <unk> <unk>.	Quelli sono pazienti sottostano un proceduro.	Questi sono i pazienti che faranno un procedere doloroso.
I won't go into detail. It's no longer painful these days, but it was painful when this study was run in the 1990s.	Non mi inoltrerò in dettagli. Non è nemmeno più dolorosa al giorno d'oggi,  ma era dolorosa quando questo studio fu condotto negli anni '90.	Non <unk> più <unk> a questi giorni, ma non <unk> più a questi giorni, ma è stato <unk> quando questo studio era <unk> nel <unk>.	Non vado in dettaglio. Non è più di questi giorni, ma è stato doloroso quando questo studio era doloroso quando questo studio era corrente negli anni '90.	Non andrò nel dettaglio. Non è più doloroso questi giorni, ma era doloroso quando lo studio è stato negli anni 'anni' 90.
They were asked to report on their pain every 60 seconds.	Si chiese ai pazienti di riportare il loro dolore ogni 60 secondi.	Mi hanno chiesto di <unk> il dolore di ogni giorno.	Erano chiesti di riportare sul loro dolore ogni 60 secondi.	Mi hanno chiesto di riportare sul loro dolore ogni 60 secondi.
Here are two patients,	Ed ecco qui i risultati per due pazienti.	Ecco due pazienti.	Ecco due pazienti.	Ecco due pazienti.
those are their recordings.	Quelli sono i loro risultati.	Queste sono le loro <unk>.	Questi sono i loro recordenti.	Queste sono le loro registrazioni.
And you are asked, "Who of them suffered more?"	Se vi si chiede " Chi dei due ha sofferto di piu'?"	E <unk>: "Chi di loro <unk> più?"	E si chiese: "Chi di loro sofferenza?"	E si chiese: "Chi di loro ha sofferto di più?"
And it's a very easy question.	E' una domanda molto semplice.	E 'una questione molto facile.	E 'una domanda molto facile.	Ed è una domanda molto facile.
Clearly, Patient B suffered more --	Chiaramente, il Paziente B ha sofferto di piu'.	<unk>, <unk> <unk> <unk>.	Chiaramente, Paziente ha sofferto.	Ovviamente, Pativamente, Patient ha sofferto di più.
his colonoscopy was longer, and every minute of pain that Patient A had, Patient B had, and more.	la sua colonscopia durò di più  e per ogni minuto di dolore sofferto dal paziente A  il paziente B ha sofferto almeno quanto A o di più.	Il suo <unk> era più a lungo, e ogni minuto del dolore che <unk> A, <unk> aveva, <unk>, e di più.	La sua colonoscopia era più e ogni minuto di dolore che il Paziente A aveva, Paziente B, e più.	la sua coloncopia era più, e ogni minuto di dolore che Patient A, Paziente B, e più.
But now there is another question: "How much did these patients think they suffered?"	Ma adesso c'è un'altra domanda:  "Quanto questi pazienti pensano di aver sofferto?"	Ma ora c'è un'altra domanda: "<unk> ha fatto questi pazienti che <unk>?"	Ma ora c'è un'altra domanda: "Quante questi pazienti pensano a sofferenza?"	Ma ora c'è un'altra domanda: "Quanto quanti credono che abbiano soffersi?"
And here is a surprise. The surprise is that Patient A had a much worse memory of the colonoscopy than Patient B.	ed ecco la sorpresa:  Ossia il Paziente A  aveva un ricordo della colonscopia di gran lunga peggiore  del Paziente B.	Ed ecco una <unk>. La <unk> è che <unk> A ha avuto una memoria <unk> <unk> della <unk> <unk>.	E qui c'è una sorpresa. La sorpresa è che il Paziente A aveva una memoria molto peggio della colonoscopia di Paziente.	E questa è una sorpresa. Il sorpresa è che il Patient A aveva una memoria peggio della coloncoppia di Patiscina.
The stories of the colonoscopies were different, and because a very critical part of the story is how it ends. And neither of these stories is very inspiring or great -- but one of them is this distinct ...  but one of them is distinctly worse than the other.	Le storie delle colonscopie erano diverse  dato che una parte particolarmente delicata della procedura è il modo in cui termina --  nessuna di queste storie è particolarmente positiva --  ma una delle due è diversa...   una delle due è particolarmente peggiore dell'altra.	Le storie di <unk> erano differenti, e perché una parte <unk> della storia è come si <unk>. E <unk> di queste storie sono molto <unk> o <unk>, ma una di queste sono <unk> <unk> che l'altra.	Le storie delle colonde delle colonde erano diverse, e perché una parte fondamentale della storia è come si ende. E neanche queste storie è molto ispirato, ma una di loro è distinta... ma una di loro è distinta -- ma una di loro è distinta -- ma uno di loro è distinta che l'altro.	Le storie delle coloniche sono differenti, e perché una parte molto critica della storia è come finisce. E nessuna di queste storie è molto ispirazione o grande -- ma uno di loro è questa distinta... ma uno di loro è questa distinta... una di queste è distinzione molto peggio dell'altra.
And the one that is worse is the one where pain was at its peak at the very end;	E la peggiore è quella  dove il dolore era massimo nel momento finale.	E quello che è <unk> è che il dolore <unk> alla sua <unk> alla fine.	E quello che è peggio è quello in cui il dolore è stato al suo picco.	E quello che è peggio è che il dolore è che il dolore era al suo picco.
it's a bad story.	E' una storia negativa.	E 'una storia <unk>.	E 'una storia brutta.	È una cattiva storia.
How do we know that?	Come faccio a saperlo?	Come lo sappiamo?	Come lo sappiamo?	Come lo sappiamo?
Because we asked these people after their colonoscopy, and much later, too, "How bad was the whole thing, in total?"	Perchè abbiamo chiesto a queste persone dopo la colonscopia,  e anche a distanza di tempo,  " Quanto negativa è stata l'esperienza, tutto considerato?"	Perché abbiamo chiesto queste persone dopo la loro <unk>, e anche dopo, "<unk> <unk> era l'intera cosa, in totale?"	Perché abbiamo chiesto queste persone dopo la loro colonoscopie molto più tardi, "Quanto è male, in totale?"	Perché abbiamo chiesto a queste persone dopo la loro colcoppia, e molto più tardi, anche in totale, in totale? "
And it was much worse for A than for B, in memory.	e risultò di gran lunga peggiore per A che per B, nel ricordo.	Ed era molto peggio per <unk>, in memoria.	Era molto peggio per un B, nella memoria.	Ed era molto peggio per A B, in memoria.
Now this is a direct conflict between the experiencing self and the remembering self.	Si tratta quindi di un conflitto diretto  tra il sè che vive le esperienze ed il sè che le ricorda.	Ora questo è un <unk> <unk> tra il <unk> <unk> e il <unk> <unk>.	Ora questo è un conflitto diretto tra l'esperienza stesso e il ricordato stesso.	Questo è un conflitto diretto tra le esperienze e il rimuovere.
From the point of view of the experiencing self, clearly, B had a worse time.	Dal punto di vista del sè che vive l'esperienza,  è chiaro che B ha sofferto maggiormente.	<unk> punto di vista del <unk> <unk>, chiaramente, <unk> ha avuto un tempo <unk>.	Dal punto di vista dell'esperienza stesso, è chiaramente, B aveva un peggio.	Dal punto di vista del punto di vista, SA, chiaramente, B aveva un tempo.
Now, what you could do with Patient A, and we actually ran clinical experiments, and it has been done, and it does work -- you could actually extend the colonoscopy of Patient A by just keeping the tube in without jiggling it too much.	Quindi, quello che si potrebbe fare per il paziente A,  ed abbiamo effettuato esperimenti clinici,  ed è stato realmente fatto, e funziona,  si potrebbe estendere la colonscopia del Paziente A  mantenendo il tubo senza smuoverlo troppo.	Ora, quello che si può fare con la <unk> A, e abbiamo <unk> esperimenti <unk>, ed è stato fatto, e fa funzionare -- si potrebbe davvero <unk> il <unk> della <unk> A semplicemente <unk> il <unk> di <unk> senza <unk> troppo.	Ora, quello che potreste fare con il Paziente, e in effetti radicali, ed è stato fatto, e funzionare -- si poteva estendere il colonoscopisce il colonoscopisce il tubo in senza garantissimo.	Ora, quello che potete fare con Patient A, e abbiamo fatto in realtà i esperimenti clinici, ed è stato fatto, e che funziona -- si può estendere il tubo di Patient da solo per tenere il tubo senza saltare saltare troppo.
That will cause the patient to suffer, but just a little and much less than before.	Questo causerà un pò di dolore nel paziente,  ma solo un pò,  e molto meno di prima.	Questo <unk> il paziente al <unk>, ma solo un po 'di meno di prima.	Questo causerà il paziente per soffrire, ma solo un po 'meno di prima.	Questa causa del paziente per soffrire, ma solo un po 'e molto meno di prima.
And if you do that for a couple of minutes, you have made the experiencing self of Patient A worse off, and you have the remembering self of Patient A a lot better off, because now you have endowed Patient A with a better story about his experience.	E facendo questo per un paio di minuti,  il sè che vive l'esperienza  del Paziente A starà peggio,  ed il sè che ricorda le esperienze del Paziente A  starà molto meglio,  perchè adesso il Paziente A  ha un ricordo migliore  della sua esperienza.	E se lo fai per un paio di minuti, avete fatto la <unk> <unk> di <unk> <unk>, e hai il <unk> <unk> di <unk> molto meglio, perché ora hai <unk> <unk> A con una storia migliore per la sua esperienza.	E se lo fai per un paio di minuti, avete fatto l'esperienza di preoccupazione di Paziente, e avete il ricordato stesso di Paziente, e si avvicinano al Paziente A molto meglio, perché adesso avete enariato Paziente con una storia migliore sull'esperienza.	E se lo fate per un paio di minuti, avete fatto l'esperienza di Paziente A di peggio Patient, e c'è il riempito di Paziente A molto meglio, perché ora avete preso il Paziente A con una storia della sua esperienza.
What defines a story?	Come si definisce una storia?	<unk> una storia?	Cosa definisce una storia?	Che definisce una storia?
And that is true of the stories that memory delivers for us, and it's also true of the stories that we make up. What defines a story are changes, significant moments and endings.	E questo vale sia per le storie  che vengono dai ricordi  che per le storie che inventiamo  Quello che definisce una storia, sono i cambiamenti  i momenti significanti e i finali.	E questo è vero per le storie che memoria <unk> per noi, ed è anche vero delle storie che <unk>. Ciò che <unk> una storia sono <unk>, momenti <unk> e <unk>.	E questa è vera delle storie che la memoria deliveri per noi, ed è vero anche vero delle storie che facciamo. Quello che definisce una storia sono cambiamenti, significativi e significativi.	E questa è vera delle storie che la memoria delisoli per noi, ed è anche vero delle storie che facciamo su momenti che creiamo una storia sono i momenti significativi e forti.
Endings are very, very important and, in this case, the ending dominated.	I finali sono molto, molto importanti  ed, in questo caso, il finale ha dominato.	Le <unk> sono molto, molto importante e, in questo caso, la <unk> <unk>.	Gli oggetti sono molto, molto importante, in questo caso, il dominato.	Gli edifici sono molto, molto importanti e, in questo caso, la dominata.
Now, the experiencing self lives its life continuously.	Quindi, il sè che vive le esperienze  vive la sua vita in maniera continua.	Ora, la <unk> <unk> vive la sua vita <unk>.	Ora, l'esperienza stesso vale la sua vita continuamente.	Ora, l'esperienza stessa della vita continuamente la sua vita continuamente.
It has moments of experience, one after the other. And you can ask: What happens to these moments?	Ha momenti in cui vive esperienze che si susseguono  E ti domandi: cosa succede a questi momenti?	Ha momenti di esperienza, una dopo l'altra. E si può <unk>: <unk> cosa succede a questi momenti?	Ha momenti di esperienza, uno dopo l'altro. E si può chiedere: cosa succede a questi momenti?	Ha momenti di esperienza, un dopo l'altro. E potete chiedere: Cosa succede a questi momenti?
And the answer is really straightforward:	E la risposta è semplice.	E la risposta è <unk>.	E la risposta è molto strana.	E la risposta è davvero strana.
They are lost forever. I mean, most of the moments of our life -- and I calculated, you know, the psychological present is said to be about three seconds long; that means that, you know, in a life there are about 600 million of them; in a month, there are about 600,000 -- most of them don't leave a trace.	Sono persi per sempre  Intendo dire che la maggior parte dei momenti della nostra vita --  per come io li ho calcolati -- intendo il presente psicologico  si dice duri circa tre secondi  Il che significa che  in una vita, ne contiamo circa 600 milioni  In un mese se ne contano circa 600.000  la maggior parte dei quali non lasciano traccia.	Sono <unk> per sempre. Voglio dire, la maggior parte dei momenti della nostra vita, e <unk>, sapete, il <unk> <unk> è <unk> di circa tre secondi, che significa che, in un mese, ci sono circa <unk> milioni di loro.	Sono perso per sempre. Voglio dire, la maggior parte dei momenti della nostra vita -- e io sono calcolato, sapete, il presente psicologico ha detto essere circa tre secondi, questo significa che in una vita ci sono circa 600 milioni di loro, in un mese, in un mese, ci sono circa 600 mila, in un mese, ci sono circa 600 mila maggior parte non lasciare una traccia.	Sono perso per sempre. Voglio dire, la maggior parte dei momenti della nostra vita -- e l'ho calcolato, sapete, la presentazione psicologica dice di circa tre secondi, questo significa che in una vita ci sono circa 600 milioni di loro, in un mese, ci sono circa 600 milioni di persone non lasciare una trace.
Most of them are completely ignored by the remembering self.	La maggior parte vengono completamente ignorati  dal sè che ricorda.	La maggior parte di loro sono completamente <unk> dai <unk> <unk>.	La maggior parte di loro sono completamente ignorato dallo stesso tempo.	La maggior parte di essi sono completamente ignorati dal ricordare.
And yet, somehow you get the sense that they should count, that what happens during these moments of experience is our life.	E tuttavia, in qualche modo hai la sensazione  che dovrebbero contare,  che quello che succede in questi momenti di esperienza  è la nostra vita.	<unk>, in qualche modo <unk> il senso che dovrebbero <unk>, che cosa succede durante questi momenti di esperienza è la nostra vita.	E tuttavia, in qualche modo ottiene il senso che cosa succede durante questi momenti di esperienza è la nostra vita.	Eppure, in qualche modo si ottiene il senso che dovrebbero contare, che cosa succede durante questi momenti dell'esperienza è la nostra vita.
It's the finite resource that we're spending while we're on this earth.	Sono le risorse limitate che stiamo spendendo  mentre siamo in questo mondo.	E 'il <unk> <unk> che stiamo <unk> mentre stiamo <unk> mentre stiamo <unk>.	E 'la risorsa finito che stiamo spendendo mentre siamo su questa terra.	E 'la risorsa che stiamo spendendo mentre siamo su questa terra.
And how to spend it would seem to be relevant, but that is not the story that the remembering self keeps for us.	E come spenderlo,  sembrerebbe rilevante,  ma non è questa la storia  che il sè che ricorda tiene per noi.	E come <unk> <unk> essere <unk>, ma non è la storia che i <unk> <unk> <unk> per noi.	E come spendere che sembrerebbe essere rilevanti, ma questa non è la storia che il ricordato stesso per noi.	E come spendere questo sarebbe rilevante, ma non è la storia che la storia che si ricorda.
So we have the remembering self and the experiencing self, and they're really quite distinct.	Per cui noi abbiamo un sè che ricorda  ed un sè che vive esperienze  che sono abbastanza diversi.	Quindi abbiamo i <unk> <unk> e i <unk> <unk>, e sono davvero <unk>.	Quindi abbiamo il ricordato stesso e l'esperienza di sé, e sono davvero distinte.	Quindi abbiamo il riempito e l'esperienza di sé, e sono molto distinte.
The biggest difference between them is in the handling of time.	La più grande differenza tra i due  è come trattare il tempo.	La differenza tra loro è nel <unk> del tempo.	La più grande differenza tra loro è in tempo.	La più grande differenza tra loro è nella manciata di tempo.
From the point of view of the experiencing self, if you have a vacation, and the second week is just as good as the first, then the two-week vacation is twice as good as the one-week vacation.	Dal punto di vista del sè che vive le esperienze,  se vai in vacanza,  e la seconda settimana è divertente tanto quanto la prima,  allora la vacanza di due settimane  è due volte meglio della vacanza di una settimana.	<unk> punto di vista del <unk> <unk>, se avete una <unk>, e la seconda settimana è appena <unk> il primo, allora il <unk> <unk> è il <unk> <unk>.	Dal punto di vista dell'esperienza stesso, se avete una vacazione, se avete una vacazione, e la seconda settimana è appena come la prima settimana, poi la vacazione di due settimani.	Dal punto di vista del punto di vista, se avete una vacazione, e la seconda settimana è proprio come il primo, la seconda settimana è proprio come il primo, la seconda settimana.
That's not the way it works at all for the remembering self.	Ma questo non è assolutamente il modo in cui funziona il sè che ricorda.	Non è così che funziona a tutti i <unk> <unk>.	Non è il modo in cui funziona tutto per il ricordato.	Non è il modo in cui funziona per il rimuovere.
For the remembering self, a two-week vacation is barely better than the one-week vacation because there are no new memories added.	Per il sè che ricorda, una vacanza di due settimane  è vagamente migliore di una settimana di vacanza  perché non ci sono nuovi ricordi in aggiunta.	Per i <unk> <unk>, un <unk> di <unk> è <unk> meglio della <unk> <unk> perché non ci sono nuove <unk>.	Per il ricordare stesso, una vacazione di due settimana è imbaramente migliore della vacanza, perché non ci sono nuovi memorie.	Per il ricordarsi di se stesso, una doppia settimana è molto meglio che la vacazione di una settimana perché non ci sono nuove memorie.
You have not changed the story.	Non hai cambiato la storia.	Non hai cambiato la storia.	Non avete cambiato la storia.	Non hai cambiato la storia.
And in this way, time is actually the critical variable that distinguishes a remembering self from an experiencing self;	Ed in questo modo,  il tempo è la variabile critica  che distingue il sè che ricorda  dal sè che vive le esperienze.	E in questo modo, il tempo è <unk> <unk> che <unk> una <unk> <unk> da un <unk> <unk>.	E in questo modo, il tempo è in effetti la varietà critica che distinguiva da da un'esperienza.	E in questo modo, il tempo è la variabile che distingui distinguidi un riempito di esperienza.
time has very little impact on the story.	Il tempo ha un impatto limitato su questa storia.	Il tempo ha un po '<unk> sulla storia.	La volta è molto piccola impatto sulla storia.	Il tempo ha un enorme impatto sulla storia.
Now, the remembering self does more than remember and tell stories.	Ebbene, il sè che ricorda le esperienze fa di più  che ricordare e raccontare storie.	Ora, il <unk> <unk> fa più di <unk> e raccontare storie.	Ora, il ricordato stesso fa più di quanto ricordate e raccontare storie.	Ora, il ricordarsi di essere più che ricorda e raccontare storie.
It is actually the one that makes decisions because, if you have a patient who has had, say, two colonoscopies with two different surgeons and is deciding which of them to choose, then the one that chooses is the one that has the memory that is less bad, and that's the surgeon that will be chosen.	E' in realtà il sé che prende decisioni  perché, se consideriamo un paziente che ha avuto, per esempio,  due colonscopie con due diversi medici  e sta decidendo quale dei due scegliere,  quello che lui scgelie  é quello che ha il ricordo meno "negativo",  e quello sarà il medico che verrà scelto.	E 'in realtà quello che rende le decisioni perché, se avete un paziente che ha avuto, diciamo, due <unk> con due diverse <unk> e <unk> che di loro di scegliere, allora quello che <unk> è la memoria che è meno <unk>, e questa è la <unk> che sarà <unk>.	E 'in realtà quello che rende decisioni perché, se avete un paziente che ha avuto, diciamo, due colonosi colonosi con due chirurghi diversi e scegliere, allora quello che sceglie è il chirurgo che ha la memoria che è meno cattivo, e questo è il chirurgo che è il chirurghi.	E 'una cosa che rende decisioni perché, se avete un paziente che ha avuto, diciamo che due coloncini con due diversi chirurghi e si decidono che di loro di scegliere, allora quello che sceglie è il chirurgo che ha la memoria che è meno cattiva, e questo è il chirurgo che sarà scelto.
The experiencing self has no voice in this choice.	Il sè che vive le esperienze  non ha voce in queste scelte.	Il <unk> <unk> non ha voce in questa scelta.	L'esperienza stesso non ha voce in questa scelta.	L'esperienza di sola non ha la voce in questa scelta.
We actually don't choose between experiences, we choose between memories of experiences.	Di fatto, noi non scegliamo tra esperienze,  ma tra i ricordi di quelle esperienze.	Non <unk> tra i <unk>, <unk> tra <unk> di <unk>.	Non scegliamo tra le esperienze, scegliamo tra memorie di esperienze.	Non abbiamo scelto tra esperienze, abbiamo scelto tra memorie di esperienze.
And even when we think about the future, we don't think of our future normally as experiences.	Ed anche quando pensiamo al nostro futuro,  in genere non pensiamo al nostro futuro come esperienze.	E anche quando pensiamo al futuro, non pensiamo al nostro futuro <unk>.	E anche quando pensiamo al futuro, non pensiamo al nostro futuro come esperienze.	E anche quando pensiamo al futuro, non pensiamo al futuro, non pensiamo al nostro futuro normalmente come esperienze.
We think of our future as anticipated memories.	Pensiamo al nostro futuro  come memorie anticipate.	<unk> del nostro futuro come <unk> <unk>.	Noi pensiamo ai nostri futuro come memorie.	Pensiamo al nostro futuro come i memorie anticipati.
And basically you can look at this, you know, as a tyranny of the remembering self, and you can think of the remembering self sort of dragging the experiencing self through experiences that the experiencing self doesn't need.	In pratica puoi considerare questa situazione,  come una tirannia del sè che ricorda,  e puoi pensare al sè che ricorda  come se trascinasse il sè che vive le esperienze  attraverso esperienze delle quali,  il sé che vive le esperienze, non ha bisogno.	E fondamentalmente potete vedere questo, sapete, come un <unk> del <unk> <unk>, e potete pensare alla <unk> <unk> <unk> che il <unk> <unk> <unk> attraverso il <unk> che il <unk> <unk> non ha bisogno.	In pratica si può guardare, sapete, come una tirannia del ricordare stesso, e potete pensare al ricordare se stesso, e si può pensare al ricordare se stesso in modo in cui l'esperienza in cui non ha bisogno.	E sostanzialmente potete guardare questo, sapete, come una tirannia del ricorda, e si può pensare che si può pensare che si rimuovere l'esperienza stessa che si sta sta svolando l'esperienza di lui stesso in cui l'esperienza non ha bisogno.
I have that sense that when we go on vacations this is very frequently the case; that is, we go on vacations, to a very large extent, in the service of our remembering self.	Ho la sensazione che  quando andiamo in vacanza  si dia spesso il caso che,  si vada in vacanza  in buona parte  al servizio del nostro sè che ricorda.	Ho questo senso che quando <unk> a <unk> questo è molto <unk>, in <unk>, a un grande <unk>, al servizio del nostro <unk> <unk>.	Ho un senso che quando andremo in vacce questo è molto frequentemente il caso, siamo andati in vacazioni, ad un estratto molto grande, nel servizio del nostro ricordato stesso.	Ho il senso che quando andiamo in vacazioni è molto frequente il caso, e vacciamo una grande estazione, nel servizio delle nostre rimuovere.
And this is a bit hard to justify I think.	E questo è un po' difficile da giustificare.	E questo è un po 'difficile da pensare.	E questo è un po 'difficile giustificare.	E questo è un po 'difficile da giustificare.
I mean, how much do we consume our memories?	Ossia, quanto "consumiamo" le nostre memorie?	Voglio dire, quanto facciamo <unk> i nostri <unk>?	Voglio dire, quanto consumiamo le nostre memorie?	Voglio dire, quanti facciamo consumare le nostre memorie?
That is one of the explanations that is given for the dominance of the remembering self.	Questa è una delle spiegazioni  che viene data per il predominio  del sè che ricorda.	Questa è una delle <unk> che è <unk> per la <unk> del <unk> <unk>.	Questo è una delle spiegazioni che è dato per la dominazione del ricordato.	Questa è una delle spiegazioni che viene dato per la dominanza della dominanza del ricordare.
And when I think about that, I think about a vacation we had in Antarctica a few years ago, which was clearly the best vacation I've ever had, and I think of it relatively often, relative to how much I think of other vacations.	Quando penso a ciò, mi viene in mente una vacanza  nell'Antartide di qualche anno fa,  che è una delle migliori vacanze della mia vita,  ed a cui penso relativamente spesso,  rispetto alle altre vacanze.	E quando penso a questo punto <unk> che abbiamo avuto in <unk> qualche anno fa, che era chiaramente il miglior <unk> che abbia mai avuto, e penso a <unk>, <unk> spesso, <unk> a quanto penso di altre <unk>.	E quando penso a questo, penso a una vacazione che avevamo in Antartica qualche anno fa, che è stato chiaramente la migliore vacanza che ho mai avuto, e penso che sia relativamente spesso, e penso a quanto penso ad altri vacchi.	E quando penso a questo, penso a una vacazione che abbiamo avuto in Antartide un po 'di anni fa, che era chiaramente il meglio che ho mai avuto, e penso a quanto penso a quanto credo che le altre vacconti.
And I probably have consumed my memories of that three-week trip, I would say, for about 25 minutes in the last four years.	E probabilmente ho passato  a pensare ai ricordi di quel viaggio di tre settimane, per diciamo,  25 minuti negli ultimi 4 anni.	E probabilmente ho <unk> il mio <unk> di quel viaggio di <unk>, <unk>, per circa 25 minuti negli ultimi quattro anni.	E probabilmente ho consumato le mie memorie di quella di tre settimane, direi, per circa 25 minuti negli ultimi 4 anni.	E probabilmente ho consumato le mie memorie di quella settimana, dicevo, per circa 25 minuti negli ultimi quattro anni.
Now, if I had ever opened the folder with the 600 pictures in it, I would have spent another hour. Now, that is three weeks, and that is at most an hour and a half. There seems to be a discrepancy.	Se avessi mai aperto la cartella  con le 600 fotografie del viaggio,  avrei trascorso un'altra ora   Si tratta di tre settimane di viaggio  che si traduce in massimo un'ora e mezza.   Sembra che ci sia una discrepanza.	Ora, se avessi mai avuto il <unk> con le <unk> <unk>, avrei <unk> un'altra ora. Ora, questo è tre settimane, e questo è a quasi un'ora e mezzo. Ci sembra essere una <unk>.	Ora, se avessi mai aperto il seguito con le 600 foto, avrei trascorso un'altra ora. Ora, questo è tre settimane che è più un'ora e mezzo. Sembra ad essere una discrezione.	Ora, se avessi mai aperto le 600 fotografie, ho speso un'altra ora. Ora, questo è di tre settimane, e questo è in gran parte.
Now, I may be a bit extreme, you know, in how little appetite I have for consuming memories, but even if you do more of this, there is a genuine question:	Ebbene, io potrei essere un po' estremo,  nel mio scarso appetito per il consumo di ricordi,  ma anche se tu facessi più di questo,  una domanda genuina si pone.	Ora, potrei essere un po '<unk>, come <unk> che ho per <unk> <unk>, ma anche se si fa di questo, c'è una domanda <unk>.	Ora, posso essere un po 'estreme, sapete, in quanto poco appeto che ho per i consumatori, ma anche se fai più di questo, c'è una domanda genuina.	Ora, potrei essere un po 'estremo, come appetite che ho per i memorie, ma anche se fate di più questa, c'è una domanda genuina.
Why do we put so much weight on memory relative to the weight that we put on experiences?	Perché diamo tanto peso alla memoria  rispetto al peso che diamo elle esperienze?	Perché abbiamo messo così tanto peso sulla memoria <unk> al peso che abbiamo messo in <unk>?	Perché mettiamo molto peso sulla memoria relativa al peso che abbiamo messo sulle esperienze?	Perché abbiamo messo così tanta peso sulla memoria relativa al peso che abbiamo messo in esperienze?
So I want you to think about a thought experiment.	Adesso voglio che pensiate  ad un esperimento col pensiero.	Voglio che <unk> un esperimento <unk>.	Voglio che pensate a un pensiero esperimento.	Quindi voglio che pensate a un esperimento.
Imagine that for your next vacation, you know that at the end of the vacation all your pictures will be destroyed, and you'll get an amnesic drug so that you won't remember anything.	Immaginate che durante le prossime vacanze  sappiate che alla fine della vacanza  tutte le fotografie verranno distrutte,  e che prenderete una medicina per l'amnesia  cosicché non ricorderete nulla.	Immaginate che per la prossima <unk>, sapete che alla fine della <unk> tutte le vostre immagini <unk>, e <unk> un <unk> <unk> in modo che non <unk> nulla.	Immaginate che per la tua successiva, sapete che alla fine della vacazione tutte le vostre foto saranno distrutto, e prenderete un farmaco amnesico in modo che non ricordate niente.	Immaginate che per la vostra prossima vacanza, sapete che alla fine della vacazione tutte le vostre foto sarà distrutta, e farete un farmaco amnesico così da non ricordare nulla.
Now, would you choose the same vacation?  And if you would choose a different vacation, there is a conflict between your two selves, and you need to think about how to adjudicate that conflict, and it's actually not at all obvious, because if you think in terms of time, then you get one answer,	Scegliereste la stessa vacanza?   E se poteste scegliere una vacanza differente,  si crea un conflitto tra i due sè  e dovete pensare a come risolvere tale conflitto  ed in effetti non è così ovvio perché,  se pensate in termini di tempo  allora avrete una risposta.	Ora, <unk> la stessa <unk>? E se <unk> un <unk> diverso, c'è un <unk> tra i vostri due <unk>, e devi pensare a come <unk> quel <unk>, e non è affatto <unk>, perché se <unk> nel tempo, <unk> una risposta.	Ora, scegliere la stessa vacazione? E se scegliere una vacazione diversa, c'è un conflitto tra i vostri due stessi, e dovete pensare a come giudidicare quel conflitto, e non è in tutto ovvio, perché se pensate in termini, poi se pensate in termini di tempo, poi si trovi una risposta.	Ora, sceglierete la stessa vacanza? E se scegliereste una voce differente, c'è un conflitto tra le vostre due, e che avete bisogno di pensare a come aggiungere il conflitto, e non è molto ovvio, perché se pensate in termini di tempo, se pensate in termini di tempo, allora prendete una risposta.
and if you think in terms of memories, you might get another answer.	E se pensate in termini di ricordi,  potreste ottenere un'altra risposta.	E se <unk> in termini di <unk>, potreste avere un'altra risposta.	E se pensate in termini di memorie, potreste ottenere un'altra risposta.	E se pensate in termini di memorie, potreste avere un'altra risposta.
Why do we pick the vacations we do is a problem that confronts us with a choice between the two selves.	Il perché scegliamo le vacanze che facciamo,  è un problema che ci mette di fronte  a scelte tra i due sè.	Perché <unk> le <unk> che facciamo è un problema che ci <unk> con una scelta tra i due <unk>.	Perché scegliamo le vacazioni che facciamo è un problema che ci confronti con una scelta tra i due stessi.	Perché raccogliamo le vacanze che facciamo è un problema che ci confronti con una scelta tra i due territi.
Now, the two selves bring up two notions of happiness.	I due sè  portano due nozioni di felicita'.	Ora, i due <unk> si <unk> due <unk> della felicità.	Ora, i due noioni della felicità.	Ora, i due pari di due nozioni della felicità.
There are really two concepts of happiness that we can apply, one per self.	Esistono in realtà due concetti di felicita'  che noi possiamo utilizzare, uno per ogni sè.	Ci sono davvero due <unk> di felicità che possiamo <unk>, un <unk> per <unk>.	Ci sono davvero due concetti di felicità che possiamo applicare, uno per sé.	Ci sono due concetti di felicità che possiamo applicare, uno per sé.
So you can ask: How happy is the experiencing self?	Per cui potete chiedere: Quanto è felice il sè che fa l'esperienza?	Quindi potete <unk>: <unk> felice è la <unk> <unk>?	Potete chiedervi: Quanto è felice?	Quindi potete chiedersi: come è felice è l'esperienza?
And then you would ask: How happy are the moments in the experiencing self's life?	E poi potete chiedere: Quanto felici sono i momenti  nella vita del sè che vive le esperienze?	E poi <unk>: Quanto felici sono i momenti nella vita di <unk>?	E poi chiedereste: Quanto sono i momenti nell'esperienza della stessa è?	E poi chiedete: Come felici sono i momenti nella vita?
And they're all -- happiness for moments is a fairly complicated process.	E si tratta di --- felicità per momenti  si tratta di un processo complicato.	E sono tutti -- la felicità per momenti è un processo piuttosto <unk>.	E sono tutti -- la felicità per i momenti è un processo piuttosto complicato.	E sono tutti -- la felicità per i momenti è un processo piuttosto complicato.
What are the emotions that can be measured?	Quali sono le emozioni che possiamo misurare?	<unk> sono le emozioni che possono essere <unk>?	Quali sono le emozioni che possono essere misurato?	Quali sono le emozioni che possono essere misurati?
And, by the way, now we are capable of getting a pretty good idea of the happiness of the experiencing self over time.	E, comunque, ora noi siamo in grado  di farci un'idea abbastanza buona  della felicità del sè che vive le esperienze nel tempo.	E, tra l'altro, ora siamo in grado di ottenere una buona idea della felicità della <unk> <unk> del tempo.	E, a proposito, ora siamo capaci di ottenere una buona idea della felicità dell'esperienza stesso nel tempo.	E, a proposito, ora, siamo capaci di avere una buona idea della felicità dell'esperienza stesso nel tempo.
If you ask for the happiness of the remembering self, it's a completely different thing.	Se domandate della felicità del sè che ricorda,  è una cosa completamente diversa.	Se <unk> la felicità della <unk> <unk>, è una cosa completamente diversa.	Se chiedete per la felicità di sé, è una cosa completamente diversa.	Se chiedete alla felicità dello stesso, è una cosa completamente diversa.
This is not about how happily a person lives.	Non si tratta di quanto felicemente una persona viva.	Non si tratta di come <unk> una persona.	Non si tratta di quanto felicità una persona.	Non si tratta di come il dirigendo di una persona.
It is about how satisfied or pleased the person is when that person thinks about her life.	Si tratta di quanto soddisfatta o compiaciuta sia la persona  quando  pensa alla sua vita.	Si tratta di come <unk> o <unk> la persona è quando quella persona pensa della sua vita.	Si tratta di quanto soddisfatti o piacere la persona si pensa alla sua vita.	Si tratta di come soddisfatto o piacere o piacere la persona è che la sua vita.
Very different notion.	E' un'idea molto differente.	Molto diverso.	Molto diverso.	Molto diverso.
Anyone who doesn't distinguish those notions is going to mess up the study of happiness, and I belong to a crowd of students of well-being, who've been messing up the study of happiness for a long time in precisely this way.	Chiunque non sia in grado di distinguere queste due nozioni,  non farà altro che "creare confusione" negli studi sulla felicità,  ed io appartengo ad un gruppo di studenti di benessere,  che hanno scompigliato gli studi sulla felicità per un lungo periodo  esattamente in questa maniera.	<unk> che non <unk> quei <unk> <unk> <unk> lo studio della felicità, e <unk> ad un <unk> di studenti di <unk>, che hanno <unk> lo studio di felicità per molto tempo in questo modo.	Qualcuno che non distinguere le nozioni saranno in grado di comportare l'studio della felicità, e ho apparato ad un corso di studenti di benessere, che sono state messando l'studio della felicità per molto tempo in questo modo.	Qualcuno che non distinguino queste nozioni andrà a salire lo studio della felicità, e mi belleare a una follia degli studenti di benessere, che si sta svedo lo studio della felicità per un po 'di molto tempo.
The distinction between the happiness of the experiencing self and the satisfaction of the remembering self has been recognized in recent years, and there are now efforts to measure the two separately. The Gallup Organization has a world poll where more than half a million people have been asked questions about what they think of their life and about their experiences,	La differenza tra  la felicità del sè che vive le esperienze  e la soddisfazione del sè che ricorda  è stata riconosciuta negli ultimi anni,  e vi sono ora degli sforzi per misurare i due separatamente,  l'istituto Gallup ha un sondaggio a livello mondiale  dove più di mezzo milione di persone  sono state sottoposte a un questionario  su quello che pensano della loro vita  e sulle loro esperienze.	La <unk> tra la felicità della <unk> <unk> e la <unk> della <unk> <unk> è stata <unk> negli ultimi anni, e ci sono <unk> per misurare le due <unk>. La <unk> <unk> <unk> ha un mondo <unk> dove più di mezzo milione di persone hanno chiesto di quali pensano della loro vita e della loro vita.	La distinzione tra la felicità tra la felicità dell'esperienza stesso e la soddisfazione di ricordare che è stato riconosciuto in anni, e ci sono stati riconoscere le due separti. Il Gallup Organizzazione di Organizzazione ha un mondo in cui più di mezzo milione di persone sono stati chiesperti di ciò che pensano alla loro vita e delle loro esperienze.	La distinzione tra la felicità dell'esperienza se stessa e la soddisfazione del ricorrente è stato riconosciato in anni, e ora ci sono sforzi di misurare le due sforzi per misurare le due sforzi separatamente. La Gallup ha un mondo dove più di mezzo milione di persone hanno chiesto a domande a ciò che pensano della loro vita e sulle loro esperienze.
and there have been other efforts along those lines.	E vi sono stati altri studi in questa direzione.	E ci sono stati altri <unk> per queste linee.	E ci sono stati altri sforzi.	E ci sono stati altri sforzi.
So in recent years, we have begun to learn about the happiness of the two selves.	Per cui negli ultimi anni, abbiamo iniziato ad apprendere   sulla felicità dei due sè.	Negli ultimi anni abbiamo <unk> di imparare sulla felicità dei due <unk>.	Quindi, negli ultimi anni, abbiamo iniziato a imparare sulla felicità di due stessi.	Quindi in recente anni, abbiamo iniziato a imparare sulla felicità dei due terreni.
And the main lesson I think that we have learned is they are really different.	E la lezione più grande che abbiamo imparato,  è che sono molto diversi.	E la lezione principale di pensare che abbiamo imparato è molto diversa.	E la lezione principale penso che abbiamo imparato sia davvero diverso.	E la lezione principale credo che abbiamo imparato sia che sono molto differenti.
You can know how satisfied somebody is with their life, and that really doesn't teach you much about how happily they're living their life, and vice versa.	Potreste sapere quanto una persona sia soddisfatta con la propria vita,  e comunque questo non vi dice molto  su quanto felicemente stiano vivendo la propria vita  e viceversa.	Potete sapere quanto <unk> qualcuno sia la loro vita, e che non vi <unk> molto di quanto <unk> <unk> la loro vita, e <unk> <unk>.	Potete sapere quanto soddisfare con la loro vita, e che non vi insegna molto su come la felicità di vivere la loro vita, e in versa vantaggio.	Potete sapere come soddisfatti a qualcuno è con la loro vita, e che non ti insegna quanto sia diventata la propria vita, e che la propria vita, e versa.
Just to give you a sense of the correlation, the correlation is about .5.	Per darvi un'idea della correlazione,  la correlazione è circa 0.5.	Solo per darvi un senso della <unk>, la <unk> è di <unk>.	Solo per darvi un senso della correlazione, la correlazione è circa il .5.	Solo per darvi un senso della correlazione, la correlazione è di circa ,5.
What that means is if you met somebody, and you were told, "Oh his father is six feet tall," how much would you know about his height?	Che significa che se incontraste qualcuno,  e vi dicessero, "oh, suo padre e' alto 1.80 m"  quanto sapreste della sua altezza?	Ciò significa che se <unk> qualcuno, e vi <unk>: "Oh suo padre è sei metri di <unk>," quanto <unk> del suo <unk>?	Che cosa significa è che se incontrate qualcuno, e avevi detto: "Oh suo padre è sei metri," quanta metri ", quanta cosa conoscete sull'altezza?	Cosa vuol dire che se incontrate qualcuno, e voi vi dicevano: "Oh suo padre è di 6 metri," quanto sapsapsapsapreste del suo altezza?
Well, you would know something about his height, but there's a lot of uncertainty.	Be', sapreste qualcosa sulla sua altezza,  ma con molta incertezza.	Beh, sapete qualcosa del suo <unk>, ma c'è un sacco di <unk>.	Bene, sapreste qualcosa sull'altezza, ma c'è un sacco di incertezza.	Beh, sapete qualcosa del suo altezza, ma c'è un sacco di incertezza.
You have that much uncertainty.	Avreste sempre un po' di incertezza.	<unk> <unk>.	Avete quell'incertezza.	C'è molto certezza.
If I tell you that somebody ranked their life eight on a scale of ten, you have a lot of uncertainty about how happy they are with their experiencing self.	Se vi dico che qualcuno pensa che la sua vita sia al livello 8 in una scala da uno a dieci  sarete molto incerti  su quanto felici essi siano  con il loro sè che vive le esperienze.	Se vi dico che qualcuno <unk> la loro vita 8 su scala di scala, hai molti <unk> di quanto felici sono con i loro <unk> <unk>.	Se vi dico che qualcuno ha mato la loro vita su una scala di dieci, hai molto incertezza come sono con la loro esperienza.	Se vi racconti che qualcuno sia la loro vita su una scala di dieci, ci sono molto incertezza di come sono felici con la loro esperienza.
So the correlation is low.	Per cui la correlazione è bassa.	Quindi il <unk> è basso.	Quindi la correlazione è basso.	Quindi la correlazione è bassa.
We know something about what controls satisfaction of the happiness self.	Abbiamo una certa conoscenza di cosa controlli  la soddisfazione del sè felice.	Sappiamo qualcosa di <unk> <unk> della felicità <unk>.	Sappiamo qualcosa di controlli soddisfazione della felicità.	Sappiamo qualcosa di ciò che controlli la soddisfazione della felicità.
We know that money is very important, goals are very important.	Sappiamo che il denaro è molto importante,  gli obiettivi sono molto importanti.	Sappiamo che il denaro è molto importante, i <unk> sono molto importanti.	Sappiamo che i soldi è molto importante.	Sappiamo che il denaro è molto importante.
We know that happiness is mainly being satisfied with people that we like, spending time with people that we like.	Sappiamo che essere felici significa  essere soddisfatti con le persone che ci piacciono,  trascorrere del tempo con le persone che ci piacciono.	Sappiamo che la felicità è <unk> <unk> con persone che ci piace, il tempo con le persone che ci <unk>.	Sappiamo che la felicità è soddisfatti con persone che piace, spendendo il tempo con persone che piace.	Sappiamo che la felicità è stata soddisfare con le persone che ci piace, spendere tempo con le persone che ci piace.
There are other pleasures, but this is dominant.	Vi sono pure altri piaceri, ma questi sono quelli principali.	Ci sono altri <unk>, ma è <unk>.	Ci sono altri piaceri, ma questo è dominante.	Ci sono altri piaceri, ma questo è dominante.
So if you want to maximize the happiness of the two selves, you are going to end up doing very different things.	Per cui se volete massimizzare la felicità dei due sè,  finirete facendo  cose molto diverse.	Quindi, se volete <unk> la felicità delle due <unk>, <unk> a fare cose molto diverse.	Quindi se volete mancare la felicità dei due stessi, finai per fare cose molto diverse.	Quindi se vuoi maximizzare la felicità dei due terreni, finiranno a fare cose molto diverse.
The bottom line of what I've said here is that we really should not think of happiness as a substitute for well-being.	La conclusione di ciò che ho detto finora  è che non dovremmo pensare alla felicità  come ad un sostituto del benessere.	La linea <unk> di ciò che ho detto qui è che dovremmo davvero non pensare alla felicità come un <unk>.	La linea di ciò che ho detto qui è che non dovremmo pensare alla felicità come un sostituto per il benessere.	Il fondo di ciò che ho detto è che non dovremmo pensare che la felicità come substitute per il benessere.
It is a completely different notion.	Si tratta di due idee completamente diverse.	E 'una <unk> completamente diversa.	E 'una nozione completamente diversa.	E 'una nozione completamente diversa.
Now, very quickly, another reason we cannot think straight about happiness is that we do not attend to the same things when we think about life, and we actually live.	In più, molto velocemente,  un'altra ragione per cui non possiamo pensare in maniera lineare alla felicità  è che non prestiamo attenzione alle stesse cose  quando pensiamo alla vita, e quando viviamo la vita.	Ora, molto rapidamente, un altro motivo per cui non possiamo pensare alla felicità è che non <unk> allo stesso modo in cui <unk> alla vita, e noi viviamo.	Ora, molto velocemente, un'altra ragione per cui non riusciamo a pensare che la felicità è che non abbiamo attendenza alle stesse cose quando pensiamo alla vita, e viviamo.	Ora, molto velocemente, un altro motivo per cui non possiamo pensare che la felicità è che non preoccupiamo le stesse cose quando pensiamo alla vita, e noi viviamo.
So, if you ask the simple question of how happy people are in California, you are not going to get to the correct answer.	Pertanto, se fate la semplice domanda su quanto sia felice la gente in California,  non potrete ottenere la risposta corretta.	Quindi, se <unk> <unk> <unk> di quanto felici le persone in California, non <unk> la risposta <unk>.	Quindi, se chiedete la semplice domanda di quanto sono felici sono in California, non si arriverrà la risposta corretta.	Quindi, se chiedete alla semplice domanda di quanto sono felice la gente in California, non si andrà alla risposta corretta.
When you ask that question, you think people must be happier in California if, say, you live in Ohio.	Quando fate questa domanda,  pensate che dovreste essere più felici in California,  che in Ohio.	Quando <unk> questa domanda, pensi che le persone devono essere <unk> in California, se <unk> in <unk>.	Quando chiedi questa domanda, pensate che la gente deve essere più felici di California se, dite, in Ohio.	Quando chiedete a questa domanda, pensate che la gente deve essere felici in California se, dici, vivi in Ohio.
And what happens is when you think about living in California, you are thinking of the contrast between California and other places, and that contrast, say, is in climate.	Quello che succede è che  quando pensate alla vita in California,  state pensando al contrasto tra  la California ed altri posti,  e ad esempio quel confronto è sul clima.	E ciò che succede è che quando <unk> in California, <unk> a pensare ai <unk> tra i <unk> in California e che <unk>, dicono, è nel clima.	E quello che succede è quando pensate a vivere in California, pensate al contrario tra California e altri luoghi, e quel contrario, diciamo, è in clima.	E ciò che succede è quando pensate a vivere in California, pensate al contrasto tra della California e in altri posti, e questo contrasto, diciamo, è il clima.
Well, it turns out that climate is not very important to the experiencing self and it's not even very important to the reflective self that decides how happy people are.	Bè, risulta che il clima  non sia cosi' importante per il sè che vive le esperienze  e non sia molto importante per il sè che riflette  che è quello che decide quanto felici sono le persone.	Beh, si <unk> che il clima non è molto importante per i <unk> <unk> e non è nemmeno molto importante i <unk> che <unk> le persone.	Beh, sembra che il clima non è molto importante per l'esperienza in sé e non è nemmeno molto importante per il riflettere che decide quanto siano le persone.	Beh, si è scoperto che il clima non è molto importante l'esperienza di se stesso e non è molto importante, che decidono di quanto le persone felici.
But now, because the reflective self is in charge, you may end up -- some people may end up moving to California.	Ma siccome il sè che riflette è in carica,  potreste finire -- alcune persone potrebbero, alla fine,  trasferirsi in California.	Ma ora, perché la <unk> <unk> è nella <unk>, <unk> che <unk> in California -- alcune persone potrebbero <unk> in California.	Ma ora, perché la riflettente è in carica, potreste finire -- alcune persone potrebbero andare a muoversi in California.	Ma ora, poiché la stessa riflettura, si può finire su -- alcune persone possono finire in California.
And it's sort of interesting to trace what is going to happen to people who move to California in the hope of getting happier.	Ed è interessante verificare cosa succederà alle persone  che si trasferiscono in California nella speranza di essere più felici.	Ed è interessante <unk> che cosa <unk> a persone che si <unk> in California nella speranza di <unk> <unk>.	E 'interessante per tracciare ciò che succederà alla California in California di essere più felice.	Ed è una specie di interessante per le persone che si muovono in California nella speranza di avere più felice.
Well, their experiencing self is not going to get happier.	Bè, il sè che vive le esperienze  non diventerà piu' felice.	Beh, il loro <unk> <unk> non <unk> <unk>.	Beh, la loro sperimentazione non sarà più più felice.	Beh, la loro esperienza non sarà più felici.
We know that.	Lo sappiamo.	Lo sappiamo.	Lo sappiamo.	Lo sappiamo.
But one thing will happen: They will think they are happier, because, when they think about it, they'll be reminded of how horrible the weather was in Ohio,	Ma una cosa succederà. Penseranno di essere più felici,  perchè quando ci pensano,  si ricorderanno di quanto terribile era il tempo in Ohio.	Ma una cosa <unk>: <unk> che siano <unk>, perché, quando ci pensate, saranno <unk> di come <unk> <unk> <unk> nel <unk>.	Ma una cosa succederà: pensate che siano più felici, perché, quando ci pensano, saranno ricordate come orribile il tempo era in Ohio.	Ma una cosa accadrà: pensano che siano più felici, perché quando ci pensano, saranno ricordati di come orribile il weather era in Ohio.
and they will feel they made the right decision.	E penseranno di aver preso la decisione giusta.	E <unk> che <unk> la decisione giusta.	E sentono che hanno preso la decisione giusta.	E si sentivano che la decisione giusta.
It is very difficult to think straight about well-being, and I hope I have given you a sense of how difficult it is.	E' molto difficile  pensare chiaramente al benessere  e penso di avervi dato l'idea  di quanto difficile sia.	E 'molto difficile pensare al <unk>, e spero di avere un senso di quanto è difficile.	E 'molto difficile pensare alla benessere, e spero di avervi dato un senso di quanto sia difficile.	E 'molto difficile pensare che "benessere, e spero che vi ho dato un senso di quanto è difficile.
Thank you.	Grazie.	Grazie.	Grazie.	Grazie.
Chris Anderson: Thank you. I've got a question for you.	Chris Anderson: Grazie. Ho una domanda per Lei.	Chris Anderson: Grazie. Ho una domanda per te.	Chris Anderson: Grazie.	Chris Anderson: Grazie. Ho una domanda per voi.
Thank you so much.	Grazie mille.	Grazie mille.	Grazie infinite.	Grazie mille.
Now, when we were on the phone a few weeks ago, you mentioned to me that there was quite an interesting result came out of that Gallup survey.	Quando eravamo al telefono un paio di settimane fa,  mi ha menzionato che un risultato interessante  che e' risultato dal sondaggio della Gallup.	Ora, quando <unk> al telefono qualche settimana fa, mi ha detto che c'era un risultato abbastanza interessante da quel <unk> <unk>.	Ora, quando eravamo sul telefono alcune settimane fa, mi ha menzionato che c'era un risultato molto interessante da quella Gallup.	Ora, quando eravamo sul telefono qualche settimane fa, mi ha menzionato di me che c'era un risultato interessante risultato che Gallup.
Is that something you can share since you do have a few moments left now?	E' qualcosa che pensa di poter condividere  visto che abbiamo ancora qualche minuto?	Si tratta di qualcosa che si può condividere alcuni momenti?	E 'una cosa che puoi condividervi qualche momento?	E 'qualcosa che si può condividere da da allora?
Daniel Kahneman: Sure.	Daniel Kahneman: Certo.	<unk> <unk>: <unk>.	Daniel Kahneman: Suro.	Daniel Kahneman: Sure.
I think the most interesting result that we found in the Gallup survey is a number, which we absolutely did not expect to find.	Credo che il risultato piu' interessante che abbiamo trovato nel sondaggio Gallup  e' un numero, che non ci aspettavamo assolutamente di trovare.	Penso che il risultato più interessante che abbiamo scoperto nella <unk> <unk> è un numero, che abbiamo assolutamente non <unk>.	Penso che il più interessante che abbiamo trovato nel survasto di Gallup è un numero, che noi non aspettare di trovare.	Credo che il risultato più interessante che abbiamo scoperto al Gallup sia un numero, che non ci si aspetta che non ci si aspetta.
We found that with respect to the happiness of the experiencing self.	Abbiamo trovato che, con riferimento alla felicita'  del sè che vive le esperienze.	Abbiamo scoperto che con il rispetto alla felicità della <unk> <unk>.	Abbiamo scoperto che con il rispetto alla felicità dell'esperienza stesso.	Abbiamo scoperto che con il rispetto alla felicità dell'esperienza.
When we looked at how feelings, vary with income. And it turns out that, below an income of 60,000 dollars a year, for Americans -- and that's a very large sample of Americans, like 600,000, so it's a large representative sample -- below an income of 600,000 dollars a year...	Quando abbiamo osservato come i sentimenti  variassero con il reddito,  abbiamo scoperto che, al di sotto di un reddito  di 60.000 dollari all'anno, per gli americani,  su uno studio condotto su un campione molto vasto di circa 600.000 americani,  si tratta di un campione rappresentativo,  al di sotto di un reddito di 600.000 dollari all'anno...	Quando <unk> a come <unk>, <unk> il reddito <unk> con il reddito <unk> dollari all'anno, per gli americani -- e questo è un grande <unk> di <unk>, come <unk>, quindi, è un <unk> <unk> di <unk> -- sotto reddito, un reddito <unk> di dollari all'anno...	Quando abbiamo osservato quanto sentimento, variato con il reddito. E 'che, sotto un reddito di 60.000 dollari all'anno, per gli americani -- e questo è un grosso rappresentativo di 60.000, quindi è un grosso rappresentativa di 60.000 dollari all'anno sotto un reddito di 60.000 dollari all'anno.	Quando abbiamo guardato come sentimenti, vari con il reddito, e si è scoperto che sotto un reddito di 60.000 dollari all'anno, per gli Americani -- e questo è un campione molto grande di Americani, come 600.000 mila dollari di un anno...
CA: 60,000. DK: 60,000.  60,000 dollars a year, people are unhappy, and they get progressively unhappier the poorer they get. Above that, we get an absolutely flat line.	CA: 60.000  DK:60.000    60.000 dollari all'anno, le persone sono infelici,  e diventano progressivamente piu' infelici come diventano piu' povere,  Al di sopra di quello, troviamo una linea piatta.	CA: <unk>.	CA: 60.000. DK: 60.000. 60.000 dollari all'anno, le persone sono di felicità, e diventano progressivamente impianti. Above.	CA: 60.000 dollari, DK: 60.000 dollari l'anno, le persone sono infelici, e diventano progressivamente infelici, e diventano una linea assolutamente piatto.
I mean I've rarely seen lines so flat.	Voglio dire, ho visto raramente delle linee cosi' piatte.	Voglio dire che ho visto linee <unk> in modo <unk>.	Voglio dire che ho vista raramente visto.	Voglio dire che ho visto raramente le linee.
Clearly, what is happening is money does not buy you experiential happiness, but lack of money certainly buys you misery, and we can measure that misery very, very clearly.	Chiaramente, quello che succede è  che il denaro non compra la felicità dell'esperienza,  ma la mancanza di denaro certamente acquista miseria,  e possiamo misurare quella miseria  molto, molto chiaramente.	<unk>, quello che succede è che il denaro non ti <unk> la felicità, ma <unk> di soldi vi <unk>, e possiamo misurare quella <unk> molto, molto chiaramente.	Chiaramente, quello che succede è denaro non ti comprare la felicità, ma mancanza di denaro di certamente, e possiamo misurare quella miseria, e possiamo misurare quella miseria molto, molto chiaramente.	Ovviamente, quello che sta succedendo è denaro che non compra la felicità. Ma la mancanza di certi buoni, e possiamo misurare la miseria, e possiamo misurare la miseria.
In terms of the other self, the remembering self, you get a different story.	In termini dell'altro sè, il sè che ricorda,  è tutta un'altra storia.	<unk> degli altri <unk>, i <unk> <unk>, <unk> una storia diversa.	In termini di altri, il ricordato stesso, ottenete una storia diversa.	In termini dell'altro, il ricordarsi, si ottiene una storia.
The more money you earn, the more satisfied you are.	Più soldi guadgani, più contento sei.	Più soldi che <unk>, più <unk> che siete.	Il denaro di voi, più soddisfatti.	Più di guadagni, più soddisfatti di essere.
That does not hold for emotions.	Questo discorso non regge sulle emozioni.	Non <unk> le emozioni.	Ciò non fa dalle emozioni.	Questo non fa le emozioni.
CA: But Danny, the whole American endeavor is about life, liberty, the pursuit of happiness.	CA: Ma Danny, tutti gli sforzi degli Americani riguardano  la vita, la libertà, la ricerca della felicità.	CA: Ma <unk>, l'intera <unk> <unk> è la vita, <unk>, la <unk> della felicità.	CA: Ma Danny, il tutto l'endea americana si tratta di vita, libertà, la purgia della felicità.	CA: Ma Danny, l'intero endeavo della vita, libertà, la libertà, la ricerca della felicità.
If people took seriously that finding, I mean, it seems to turn upside down everything we believe about, like for example, taxation policy and so forth.	Se le persone prendessero seriamente questa scoperta,  in pratica si capovolge  tutto quello in cui abbiamo creduto, per esempio,  la politica sulle tasse e cosi' via.	Se le persone <unk> sul serio, voglio dire, sembra <unk> <unk> in tutto ciò che crediamo, come ad esempio, le politiche <unk> e così via.	Se le persone ci hanno trovato seriamente quella, voglio dire, mi sembra trasformare in tutto ciò che crediamo, come esempio, politiche e così via.	Se la gente avesse preso sul serio, voglio dire, sembra girare giù tutto ciò che crediamo, come per esempio, per esempio, la politica e così via.
Is there any chance that politicians, that the country generally, would take a finding like that seriously and run public policy based on it?	Esiste la possibilità che i politici, e la nazione in generale,  possano prendere una scoperta come quella seriamente  e portare avanti una politica pubblica basata su di essa?	C'è qualche possibilità che <unk>, che il paese <unk>, <unk> una scoperta che <unk> e <unk> <unk> <unk> <unk> <unk> <unk>?	C'è una possibilità che i politici, che il paese, in generale, prenderebbe un trovare come quella seriamente e raggiungere la polizia pubblica basata?	C'è una possibilità che i politici, che il paese in generale, ci vorrebbe una scoperta come quello che seriamente e la politica pubblico?
DK: You know I think that there is recognition of the role of happiness research in public policy.	DK: Sai che io penso che si riconosca  il ruolo della felicità nella politica pubblica.	<unk>: Penso che ci sia <unk> del ruolo della felicità <unk> pubblica.	DK: Credo che c'è riconoscimento del ruolo della felicità pubblica.	DK: Sapete che ci sia il riconoscimento del ruolo della felicità della ricerca della felicità nella politica pubblica.
The recognition is going to be slow in the United States, no question about that, but in the U.K., it is happening, and in other countries it is happening.	La presa di considerazione sarà lenta negli Stati Uniti  non c'è dubbio,  ma nel Regno Unito, sta diventando realtà,  ed in altri stati pure.	Il <unk> sarà <unk> negli Stati Uniti, no, <unk>, ma in <unk>, è <unk>, e in altri paesi che <unk>.	Il riconoscimento sarà rallentato negli Stati Uniti, nessuna domanda, ma in U.K., sta succedendo, e in altri paesi.	Il riconoscimento sarà lento negli Stati Uniti, nessun problema, ma nel Regno Unito, sta succedendo, e in altre nazioni sta succedendo.
People are recognizing that they ought to be thinking of happiness when they think of public policy.	La gente sta iniziando a riconoscere che dovrebbero  pensare alla felicità  quando pensano alla politica pubblica.	Le persone sono <unk> che dovrebbero pensare alla felicità quando pensano alla politica pubblica.	Le persone sono riconoscere che dovrebbero essere pensato alla felicità quando pensano alla politica di politiche.	Le persone riconoscono che dovrebbero pensare alla felicità quando pensano alla politica delle politiche.
It's going to take a while, and people are going to debate whether they want to study experience happiness, or whether they want to study life evaluation, so we need to have that debate fairly soon.	Ci si metterà un pò  e le persone inizieranno a discutere  se vogliono studiare l'esperienza della felicità  o se vogliono studiare la valutazione della vita  per cui abbiamo bisogno di iniziare questo dibattito al piu' presto.	<unk> un po ', e le persone <unk> se vogliono studiare la felicità, o se vogliono studiare la vita di <unk>, quindi dobbiamo avere quel <unk> abbastanza presto.	Prenderà un po ', e le persone debate per studiare se vogliono studiare la felicità, o se vogliono studiare la vita, quindi dobbiamo studiare il dibattito.	Ci vorrà un po ', e la gente dibattianno se vogliono studiare la felicità, o se vogliono studiare la vita, quindi dobbiamo studiare la vita, quindi abbiamo bisogno di quel dibattito.
How to enhance happiness goes very different ways depending on how you think, and whether you think of the remembering self or you think of the experiencing self.	Come accrescere la felicita',  prende direzioni diverse a seconda di come tu pensi,  e a seconda che tu pensi al sè che ricorda  o al sè che fa le esperienze.	Come <unk> la felicità va in modo molto diversi <unk> su come pensate, e se pensate alla <unk> <unk> o a pensare alla <unk> <unk>.	Cioè di intrarre la felicità di seconda di quanto pensi, e che pensate, e se pensate, o pensate che l'esperienza stesso.	Come far sì che la felicità va avanti la felicità va molto diversi modi da pensare a come pensate, e se pensate al rimuovere l'esperienza di sé stesso.
This is going to influence policy, I think, in years to come.	Tutto questo influenzerà la politica, credo, negli anni che verranno.	Questa <unk> <unk>, credo, negli anni a venire.	Questo sta per influenzare politiche, penso, in anni.	Questo sta per influenzare l'influenza, credo, negli anni.
In the United States, efforts are being made to measure the experience happiness of the population.	Negli Stati Uniti, si stanno facendo degli sforzi  per misurare l'esperienza di felicità della popolazione.	Negli Stati Uniti, le <unk> vengono <unk> per misurare la felicità della popolazione.	Negli Stati Uniti, sforzi sono fatti di misurare la felicità della popolazione.	Negli Stati Uniti, gli sforzi sono fatti per misurare l'esperienza della popolazione.
This is going to be, I think, within the next decade or two, part of national statistics.	E questo, credo, entrerà a far parte entro il prossimo decennio, forse due ,  delle statistiche nazionali.	<unk>, penso, entro il prossimo <unk> o due, parte di <unk> <unk>.	Questo sarà, io penso, dentro il prossimo decennio o due, parte di statistiche nazionali.	Questo sarà, credo, entro il prossimo decennio o due, parte delle statistiche nazionali.
CA: Well, it seems to me that this issue will -- or at least should be -- the most interesting policy discussion to track over the next few years.	CA: Bè, mi sembra che questo argomento sarà, o per lo meno dovrebbe essere,  la discussione di politica più interessante da seguire  nei prossimi anni.	CA: Beh, mi sembra che questo problema <unk>, o almeno <unk> essere -- la maggior parte dei <unk> interessanti per <unk> nei prossimi anni.	CA: Beh, mi sembra che questa questione, o almeno dovrebbe essere -- la politica più interessante, la polizia di tracciare i prossimi anni.	CA: Beh, mi sembra che questo problema sarà -- o almeno almeno dovrebbe essere la discussione più interessante per trarre i prossimi anni.
Thank you so much for inventing behavioral economics.	Grazie mille per aver inventato l'economia comportamentale.	Grazie mille per l'economia <unk> <unk>.	Grazie mille per inventare l'economia comportamentale.	Grazie mille per inventare l'economia comportamentale.
Thank you, Danny Kahneman.	Grazie Danny Kahneman.	Grazie, <unk> <unk>.	Grazie, Danneman.	Grazie Danny Kahneman.
I'm going to talk today about energy and climate.	Oggi parlerò di energia e clima.	Oggi parlerò dell'energia e del clima.	Oggi parlerò di energia e il clima e il clima.	Oggi parlerò dell'energia e climatico.
And that might seem a bit surprising because my full-time work at the Foundation is mostly about vaccines and seeds, about the things that we need to invent and deliver to help the poorest two billion live better lives.	Può sembrare strano, visto che  nel mio lavoro alla fondazione mi occupo perlopiù di vaccini e semi,  cose da inventare e dare al mondo  per aiutare i due miliardi di persone più povere a vivere vite migliori.	E questo potrebbe sembrare un po '<unk> perché il mio lavoro <unk> al <unk> è più di <unk> e <unk>, delle cose che abbiamo bisogno di <unk> e <unk> per aiutare i <unk> due miliardi di vite migliori.	E questo potrebbe sembrare un po 'sorprendente perché il mio lavoro alla Fondazione è più di vaccini di vaccini e i semi, sulle cose che dobbiamo inventare e delivare per aiutare i più poveri due miliardi di vita migliore.	E questo potrebbe sembrare un po 'sorprendente perché il mio lavoro lavoro a tempo pieno alla Fondazione è soprattutto di vaccini e i semi, delle cose che abbiamo bisogno di inventare e consegnare di aiutare i più poveri due miliardi di vite migliori.
But energy and climate are extremely important to these people -- in fact, more important than to anyone else on the planet.	Ma il clima e l'energia, in realtà, sono estremamente importanti per questa gente,  anzi, sono più importanti per loro che per chiunque altro al mondo.	Ma l'energia e il clima sono estremamente importanti per queste persone, in effetti, più importante di chiunque altro sul pianeta.	Ma l'energia e il clima sono estremamente importante per queste persone -- in effetti, più importante di chiunque altro sul pianeta.	Ma l'energia climatico sono estremamente importanti per queste persone -- in effetti, più importanti per chiunque altro sul pianeta.
The climate getting worse means that many years, their crops won't grow:	Un peggior clima significa, per molti anni, perdita di raccolti.	Il clima <unk> significa che molti anni, i loro <unk> non <unk>.	Il clima che peggio il clima che molti anni, i loro cropi non crescono.	Il peggio climatico significa che molti anni, i loro raccolti non crescono.
There will be too much rain, not enough rain,	Cadrà troppa pioggia, o troppo poca.	Ci sarà troppo <unk>, non abbastanza <unk>.	Ci saranno troppa, non abbastanza pioggia.	Ci sarà troppa piogge troppo.
things will change in ways that their fragile environment simply can't support.	Le cose cambieranno in modi  che il loro fragile ambiente semplicemente non può sostenere.	Le cose <unk> in modi che il loro ambiente <unk> semplicemente non può <unk>.	Le cose cambieranno in modi che il loro fragile non possono supportare.	Le cose cambieranno in modi che il loro ambiente fragile semplicemente non può sostenere.
And that leads to starvation, it leads to uncertainty, it leads to unrest.	Il che porta alla fame. All'incertezza. Ai conflitti.	E questo <unk> a <unk>, <unk> a <unk>, <unk> a <unk>.	E questo porta ad iniziare, non porta all'incertezza.	E questo porta all'incertezza, porta all'incertezza, porta all'incertezza.
So, the climate changes will be terrible for them.	I cambi climatici, dunque, saranno per loro terribili.	Quindi, i cambiamenti <unk> saranno <unk> per loro.	Quindi, il clima cambia climatico sarà terribile per loro.	Quindi i cambiamenti climatici sarà terribile per loro.
Also, the price of energy is very important to them.	Anche il costo dell'energia è, per loro, importante.	<unk>, il prezzo dell'energia è molto importante per loro.	Il prezzo dell'energia è molto importante.	Inoltre, il prezzo dell'energia è molto importante.
In fact, if you could pick just one thing to lower the price of, to reduce poverty, by far you would pick energy.	In effetti, se poteste abbassare il prezzo di una cosa sola,  per ridurre la povertà, scegliereste di gran lunga l'energia.	In effetti, se <unk> prendere una cosa a <unk> il prezzo, per ridurre la povertà, <unk> energia.	In effetti, se si potesse scegliere una cosa da bassa, per ridurre la povertà, a ridurre l'energia.	In effetti, se poteste scegliere solo una cosa per ridurre il prezzo, per ridurre la povertà, da molto tempo.
Now, the price of energy has come down over time.	Il prezzo dell'energia è sceso nel tempo.	Ora, il prezzo dell'energia è <unk>.	Ora, il prezzo dell'energia si è sceso nel tempo.	Ora, il prezzo dell'energia è scesa nel tempo.
Really advanced civilization is based on advances in energy.	E una civiltà progredisce grazie al progresso in campo energetico.	La civiltà <unk> <unk> è <unk> su <unk> <unk> in energia.	Di solitamente la civiltà è basata sull'avanzazione.	La civiltà avanzata è basata sull'energia.
The coal revolution fueled the Industrial Revolution,	La rivoluzione del carbone ha alimentato quella industriale.	La rivoluzione <unk> ha <unk> la <unk> <unk>.	La rivoluzione carbone di carbone è la rivoluzione Industriale.	La rivoluzione della carbone del carbone Industriale.
and, even in the 1900s we've seen a very rapid decline in the price of electricity, and that's why we have refrigerators, air-conditioning, we can make modern materials and do so many things.	E anche nel XX secolo abbiamo assistito ad un rapido declino nel prezzo dell'elettricità,  il che spiega perché abbiamo frigoriferi, condizionatori,  possiamo creare materiali moderni e fare così tante cose.	E, anche nella <unk> che abbiamo visto un <unk> molto <unk> nel prezzo dell'elettricità, e questo è il motivo per cui abbiamo <unk>, <unk>, possiamo fare <unk> materiali e <unk> cose.	E, anche negli anni '50 abbiamo visto un declino molto rapida nel prezzo di elettricità, ed ecco perché abbiamo refrigeratori, possiamo fare materiali moderni, possiamo creare materiali moderni e fare cose moderni e molte cose.	E, anche negli anni '00 abbiamo visto un declino molto rapido nel prezzo dell'elettricità, e questo è il motivo per cui ci sono refrigeratori di aerei moderni, possiamo creare materiali moderni e così tante cose.
And so, we're in a wonderful situation with electricity in the rich world.	Nel mondo ricco, quindi, siamo per quanto riguarda l'elettricità in una situazione eccellente.	E quindi, siamo in una situazione meravigliosa con l'elettricità <unk> del mondo.	E quindi, siamo in una situazione meraviglioso con l'elettricità nel mondo ricco.	Quindi, siamo in una situazione meravigliosa con l'elettricità nel mondo ricco.
But, as we make it cheaper -- and let's go for making it twice as cheap -- we need to meet a new constraint, and that constraint has to do with CO2.	Ma mentre il prezzo scende, per esempio della metà,  dobbiamo rispettare un nuovo vincolo,  il vincolo delle emissioni di CO2.	Ma, come lo facciamo <unk> -- e <unk> per <unk> due volte più economico -- dobbiamo <unk> un nuovo <unk>, e che <unk> ha a che fare con la CO2.	Ma, mentre lo facciamo il cielo -- e partiamo per rendere il doppio due volte più economico -- dobbiamo incontrare una nuova consapevolezza, e che dimostrano con la CO2.	Ma, mentre lo facciamo più economico -- e andiamo per fare il doppio come economico -- abbiamo bisogno di incontrare una nuova constretta, e che ha a che fare con la CO2.
CO2 is warming the planet, and the equation on CO2 is actually a very straightforward one.	La CO2 sta scaldando il pianeta,  e la sua equazione è molto semplice.	La CO2 sta <unk> il pianeta, e il <unk> di CO2 è in realtà una <unk>.	CO2 sta guadagnando il pianeta, e l'equazione su CO2 è in effettivamente una.	La CO2 è riscaldando il pianeta, e l'equazione sulla CO2 è in realtà una cosa molto strana.
If you sum up the CO2 that gets emitted, that leads to a temperature increase, and that temperature increase leads to some very negative effects:	La CO2 emessa  causa un aumento di temperatura,  che induce effetti molto negativi.	Se <unk> la CO2 che <unk> il <unk>, questo <unk> ad una temperatura <unk>, e che <unk> porta ad alcuni effetti molto <unk>.	Se riesce a salire il CO2 che si porta ad una temperatura aumentazione, e quella temperatura aumentazione, e quella temperatura aumentazione di alcuni effetti negativi.	Se riassume il CO2 che viene emesso, questo porta a un aumento di temperatura, e la temperatura aumenta la temperatura aumenta la temperatura di alcuni effetti negativi.
the effects on the weather; perhaps worse, the indirect effects, in that the natural ecosystems can't adjust to these rapid changes, and so you get ecosystem collapses.	Effetti sul clima e, forse anche peggio, effetti indiretti,  nel senso che gli ecosistemi naturali non riescono ad adeguarsi a questi  rapidi cambiamenti e quindi collassano.	Gli effetti sulla <unk>, forse peggio, gli effetti <unk>, in quella <unk> naturale non può <unk> a questi cambiamenti, e quindi <unk> <unk> <unk>.	Gli effetti sull'ecosista, forse, gli effetti indirettamente, in quell'ecosista naturale non possono adattare solo di questi cambiamenti, e così si ottiene raccoglie.	Gli effetti sugli effetti, forse, peggio, gli effetti indiretti, gli effetti che gli ecosistemi naturali non possono adattare questi cambiamenti, e quindi si ottiene l'ecosistema.
Now, the exact amount of how you map from a certain increase of CO2 to what temperature will be and where the positive feedbacks are, there's some uncertainty there, but not very much.	La valutazione di quanto aumenti  la temperatura a causa di un dato aumento di CO2,  e come ciascuna delle due cose peggiori l'altra,  e' incerta, ma non molto.	Ora, la quantità <unk> di come <unk> da una certa <unk> di CO2 a quello che sarà e dove i <unk> <unk> <unk>, ci sono alcuni <unk>, ma non molto.	Ora, la quantità di come si mappa da un aumento di CO2 a ciò che sarà la temperatura e dove si trovano i positivi, c'è qualche incertezza, ma non molto.	Ora, l'esatto quantità di come la mappa di come la mappa di CO2 a quello che la temperatura sarà la temperatura e dove le feedere positivi sono una certezza, ma non molto.
And there's certainly uncertainty about how bad those effects will be, but they will be extremely bad.	E c'è sicuramente incertezza su quanto negativi saranno tali effetti,  ma certo saranno estremamente negativi.	E c'è sicuramente <unk> di quanto <unk> questi effetti <unk>, ma saranno estremamente <unk>.	E c'è certamente incertamente incertezza su come saranno, ma saranno estremamente male.	C'è certamente incertezza di quanto bruttire questi effetti, ma saranno estremamente cattivi.
I asked the top scientists on this several times: Do we really have to get down to near zero?	Al riguardo, ho spesso chiesto ai migliori scienziati:  dobbiamo davvero ridurre le emissioni quasi a zero?	Mi <unk> gli scienziati <unk> di questo <unk> di molte volte: dobbiamo <unk> vicino?	Ho chiesto gli scienziati su questa volte: Dovremmo davvero scendere in zero?	Ho chiesto agli scienziati in cima a questi tempi: Dobbiamo davvero sceso a zero?
Can't we just cut it in half or a quarter?	Non possiamo solo ridurle a metà o a un quarto?	Non possiamo semplicemente <unk> in mezzo o un <unk>?	Non riusciamo a semplicemente a metà o un quarto?	Non possiamo soltanto per metà o un quarto?
And the answer is that until we get near to zero, the temperature will continue to rise.	E la risposta è che, finché non scendiamo quasi a zero,  la temperatura continuerà a salire.	E la risposta è che non <unk> vicino a zero, la temperatura <unk> a <unk>.	E la risposta è che finché non otteniamo a zero, la temperatura continuerà a guidare.	E la risposta è che fino a arrivare a zero, la temperatura continuerà a fare.
And so that's a big challenge.	È una grande sfida, quindi.	E 'una grande sfida.	E questa è una grande sfida.	Quindi questa è una grande sfida.
It's very different than saying "We're a twelve-foot-high truck trying to get under a ten-foot bridge,	Non è come dire: "Facciamo passare un camion alto 3,5 m sotto un ponte alto 3."	E 'molto diverso da dire "Siamo un <unk> <unk> di sotto un <unk> di <unk>.	E 'molto diverso di rispondere "Siamo un trucco in alto a provare a un ponte di piedi di tenerlo.	E 'molto diverso da dire: "Siamo un camion da due metri che cercano di ottenere sotto un ponte da ten-metri.
and we can just sort of squeeze under."	Non si tratta di "abbassarlo un po'".	Possiamo semplicemente <unk> sotto <unk>. "	Possiamo semplicemente sotto. "	E possiamo solo una specie di quadrato. "
This is something that has to get to zero.	Si tratta di dover scendere a zero.	Questo è qualcosa che deve arrivare a zero.	Questo è qualcosa che deve zero.	Questo è qualcosa che deve arrivare a zero.
Now, we put out a lot of carbon dioxide every year, over 26 billion tons.	Ora, noi emettiamo molta CO2 ogni anno,  oltre 26 miliardi di tonnellate.	Abbiamo messo fuori molto <unk> di carbonio ogni anno, più di <unk> miliardi di <unk>.	Ora, mettiamo un sacco di diossido carbonio ogni anno, più di 26 miliardi tonnellate.	Ora, abbiamo messo un sacco di diossido di carbonio ogni anno, oltre 26 miliardi di tonnellate.
For each American, it's about 20 tons;	Circa 20 tonnellate per ogni americano.	Per <unk> americano, è circa 20 <unk>.	Per ogni americano, circa 20 tonnellate.	Per ogni americano, è circa 20 tonnellate.
for people in poor countries, it's less than one ton.	Per gli abitanti dei paesi poveri, è meno di una tonnellata pro capite.	per le persone <unk> paesi poveri, è meno di un <unk>.	per le persone povere poveri, è meno di una tonda.	per la gente nei paesi poveri, è meno di uno ton.
It's an average of about five tons for everyone on the planet.	La media mondiale è di circa 5 tonnellate pro capite.	E 'una media di circa cinque <unk> per tutti sul pianeta.	E 'una media di circa cinque tonnellate per tutti i pianeta.	E 'una media di circa 5 tonnellate per tutti sul pianeta.
And, somehow, we have to make changes that will bring that down to zero.	E in qualche modo, dobbiamo fare progressi  che portino quella quantità a zero.	E, in qualche modo, dobbiamo fare cambiamenti che <unk> a zero.	E in qualche modo, dobbiamo fare cambiamenti che riportano a zero.	E, in qualche modo, dobbiamo fare i cambiamenti che porteranno a zero.
It's been constantly going up.	Le emissioni sono costantemente aumentate.	<unk> <unk>.	E 'stato costantemente.	E 'costantemente che saltano.
It's only various economic changes that have even flattened it at all, so we have to go from rapidly rising to falling, and falling all the way to zero.	Solo alcuni cambiamenti economici hanno cambiato questa tendenza,  quindi dobbiamo passare dall'aumentare rapidamente  al diminuire fino a zero.	E 'solo vari cambiamenti <unk> che hanno persino <unk>, quindi dobbiamo <unk> da <unk> a <unk>, e <unk> fino a zero.	E 'solo varie cambiamenti economici che hanno persino flattenti a tutto, quindi dobbiamo andare da rapidamente a cadere, e cadere tutto il modo di zero.	E 'solo vari cambiamenti economici che hanno persino pipieno di tutto, quindi dobbiamo andare da rapidamente a lungo il modo di cadere, e cadere fino a zero.
This equation has four factors,	Questa equazione ha quattro fattori.	Questo <unk> ha quattro <unk>.	Questa equazione ha 4 fattori.	Questa equazione ha quattro fattori.
a little bit of multiplication:	E' una serie di moltiplicazioni.	Un po 'di <unk>.	Un po 'di multiplicazione.	Un po 'di multiplicazione.
So, you've got a thing on the left, CO2, that you want to get to zero, and that's going to be based on the number of people, the services each person's using on average, the energy on average for each service, and the CO2 being put out per unit of energy.	Abbiamo la quantita' a sinistra, il CO2, che dev'essere azzerata,  e i fattori sulla destra sono la popolazione,  i servizi che in media ogni persona usa,  l'energia media richiesta da ciascun servizio  e la CO2 emessa per unità di energia.	Quindi, c'è una cosa a sinistra, la CO2 che <unk> a zero, e che <unk> <unk> sul numero di persone, i servizi <unk> <unk> che <unk> in media, l'energia in media per <unk>, l'energia in media per <unk> di energia.	Quindi, avete una cosa sulla sinistra, CO2, che volete arrivare a zero, e questo sarà basato sul numero di persone, i servizi di ciascun servizio, l'energia in media, l'energia in media per ciascun servizio di energia.	Quindi, avete una cosa sulla sinistra, la CO2, che vuoi arrivare a zero, e questo sarà basato sul numero di persone, i servizi di ogni persona che sta usando la media, l'energia in media per ogni servizio, e il CO2.
So, let's look at each one of these and see how we can get this down to zero.	Analizziamo ciascun fattore  e vediamo come possiamo azzerarlo.	Quindi, <unk> ognuno di questi e vedere come possiamo <unk> a zero.	Guardiamo a ciascuno di questi e vediamo come possiamo scendere a zero.	Quindi, osserviamo ciascuno di questi e vedere come possiamo sceso a zero.
Probably, one of these numbers is going to have to get pretty near to zero.	Probabilmente, uno di questi numeri deve abbassarsi fin quasi a zero.	<unk>, uno di questi numeri <unk> <unk> piuttosto vicino a zero.	Probabilmente, uno di questi numeri verranno a zero.	Probabilmente, uno di questi numeri sarà molto vicino a zero.
Now that's back from high school algebra,	È algebra delle superiori.	Ora, questo è <unk> dalla scuola <unk>.	Ora è tornato dalla scuola algebra.	Questa è tornata da superiore a scuola superiore.
but let's take a look.	Vediamo un po'.	Ma <unk> un'occhiata.	Ma vediamo un'occhiata.	Ma diamo un'occhiata.
First, we've got population.	Il primo fattore è la popolazione.	<unk>, abbiamo la popolazione.	Primo, abbiamo popolazione.	Prima abbiamo.
The world today has 6.8 billion people.	Il mondo ha oggi 6,8 miliardi di abitanti.	Il mondo di oggi ha <unk> miliardi di persone.	Il mondo oggi ha 6,8 miliardi persone.	Il mondo oggi ha 6,8 miliardi di persone.
That's headed up to about nine billion.	Ci dirigiamo verso i 9 miliardi.	<unk> <unk> a circa <unk> miliardi.	Questo è scala di nove miliardi.	Questa è riscalata a circa nove miliardi.
Now, if we do a really great job on new vaccines, health care, reproductive health services, we could lower that by, perhaps, 10 or 15 percent, but there we see an increase of about 1.3.	Se facciamo un buon lavoro con i nuovi vaccini,  la sanità, la salute riproduttiva,  possiamo diminuirlo forse del 10, 15 %,  ma qui registriamo un aumento di circa il 30%.	Ora, se <unk> un lavoro davvero <unk> nuovi <unk>, <unk> <unk>, <unk> <unk>, <unk> <unk>, <unk> <unk>, potremmo <unk>, magari, o il 15 per cento, ma ci <unk> di <unk>.	Ora, se facciamo un ottimo lavoro su nuovi vaccini di vaccini, i servizi di sanitari, potremmo più bassa, potremmo bre di questo 10 o 1,3 per cento, ma c'è un'aumento di circa 1,3%.	Ora, se facciamo un ottimo lavoro sui nuovi vaccini, la sanità riproduttiva, i servizi sanitari, i servizi sanitari, forse, il 10 o 15%, ma c'è un aumento di circa 1.3.
The second factor is the services we use.	Il secondo fattore sono i servizi che usiamo.	Il secondo <unk> è i servizi che usiamo.	Il secondo fattore è i servizi che usiamo.	Il secondo fattore è i servizi.
This encompasses everything: the food we eat, clothing, TV, heating.	Il che comprende tutto,  il cibo che mangiamo, il vestiario, la TV, il riscaldamento.	Questo <unk> tutto: il cibo <unk>, <unk>, <unk>, <unk>.	Questo confrontano tutto: il cibo che mangiamo, la TV, scaldando.	Questo encompone tutto: il cibo che mangiamo, la TV.
These are very good things: getting rid of poverty means providing these services to almost everyone on the planet.	Sono cose desiderabili,  e liberarsi della povertà significa fornire questi servizi  per quasi tutti al mondo.	Queste sono <unk> cose <unk>: <unk> di povertà significa che <unk> questi servizi per quasi tutti sul pianeta.	Queste sono cose molto bravi: la ricevere di povertà di questi servizi a quasi tutti sul pianeta.	Queste sono cose molto buoni: ricevono la povertà significa fornire questi servizi a quasi tutti sul pianeta.
And it's a great thing for this number to go up.	Ed è una cosa positiva che questo numero aumenti.	Ed è una cosa <unk> per questo numero.	E 'una cosa fantastica per questo numero di andare.	Ed è una grande cosa per questo numero per andare su.
In the rich world, perhaps the top one billion, we probably could cut back and use less, but every year, this number, on average, is going to go up,	Nel mondo ricco, nel miliardo più ricco,  probabilmente potremmo risparmiare ed usare meno,  ma in media, ogni anno, questo numero salirà.	Nel mondo <unk>, forse l'ultimo miliardo, probabilmente <unk> di <unk> e usare meno, ma ogni anno, questo numero, in media, <unk>, <unk>, <unk>, <unk>, <unk>, <unk>, <unk>, <unk>, <unk>, <unk>, <unk>, <unk>, e <unk> di meno, ma ogni anno, questo numero, in media, sarà <unk>.	Nel mondo	Nel mondo ricco, forse il primo miliardo, probabilmente potevamo tagliare e usare meno, ma ogni anno, questo numero in media, si salire.
and so, over all, that will more than double the services delivered per person.	E quindi, complessivamente, la quantità di servizi erogati pro capite  sarà più che doppia.	E così, in ogni modo, più di <unk> i servizi <unk> per persona.	In questo modo, più di tutto ciò che raddoppiano i servizi a persona.	E così, in tutto questo sarà più di raddoppiare i servizi deliverati a persona.
Here we have a very basic service:	Questo è un esempio molto semplice di servizio.	Qui abbiamo un servizio molto <unk>.	Qui abbiamo un servizio di base.	Qui abbiamo un servizio di base.
Do you have lighting in your house to be able to read your homework? And, in fact, these kids don't, so they're going out and reading their school work under the street lamps.	Voi avete l'illuminazione in casa vostra, per fare i compiti,  ma questi ragazzi no, quindi escono  e leggono i loro compiti sotto i lampioni stradali.	<unk> <unk> nella vostra casa per essere in grado di leggere le <unk>? E, in effetti, questi ragazzi non <unk>, quindi <unk> e <unk> il loro lavoro sotto la strada.	Avete la vostra casa di leggere la tua casa di leggere la tua casa? E in effetti, questi ragazzi, non perciò che e leggono la loro scuola sotto le strade.	Avete la tua casa per essere in grado di leggere il vostro lavoro? E, infatti, questi ragazzi non sono così via di leggere e leggendo il loro lavoro sotto la strada.
Now, efficiency, E, the energy for each service, here finally we have some good news.	Quanto all'efficienza -- E, l'energia per unità di servizio erogato --  qui finalmente ci sono buone notizie.	Ora, <unk>, E, l'energia per ogni servizio, qui abbiamo delle buone notizie.	Ora, l'efficienza, l'energia per ogni servizio, qui alla fine abbiamo delle buone notizie.	Ora, l'efficienza, l'energia per ogni servizio, finalmente abbiamo delle buone notizie.
We have something that's not going up.	Questo fattore non sta aumentando.	Abbiamo qualcosa che non <unk>.	Noi abbiamo qualcosa che non sta succedendo.	Abbiamo qualcosa che non si sta alzando.
Through various inventions and new ways of doing lighting, through different types of cars, different ways of building buildings -- there are a lot of services where you can bring the energy for that service down quite substantially.	Grazie a molte invenzioni, nuovi modi di illuminare,  automobili fatte diversamente, costruzioni realizzate diversamente,  per molti servizi si può diminuire  considerevolmente l'energia consumata.	<unk> varie <unk> e nuovi modi di fare <unk>, attraverso tipi diversi di macchine, diversi modi di costruire <unk> -- ci sono molti servizi in cui si possono portare l'energia per quel servizio.	Anche se varie invenzioni e nuovi modi di fare luce, attraverso diversi tipi di macchine, diversi di costruzione di edifici -- ci sono molti servizi dove si può portare l'energia per il servizio.	Tuttavia varie invenzioni e nuovi modi di fare la lotta, attraverso i tipi di auto, modi diversi di costruire edifici, diversi di edifici -- ci sono molti servizi dove si possono portare l'energia per quel servizio in modo più sostantico.
Some individual services even bring it down by 90 percent.	In alcuni servizi si può ridurre del 90%.	Alcuni servizi <unk> <unk> <unk> dal 90%.	Alcuni individui di servizi persino al 90 per cento.	Alcuni servizi individuali perfino il 90 per cento.
There are other services like how we make fertilizer, or how we do air transport, where the rooms for improvement are far, far less.	Ci sono invece altri servizi, come i fertilizzanti,  o il trasporto aereo,  dove i margini di miglioramento sono molto, molto inferiori.	Ci sono altri servizi come facciamo i <unk>, o come <unk> l'aria, dove i <unk> per i <unk> sono <unk>, molto meno.	Ci sono altri servizi come facciamo fertilizzanti, o come facciamo i trasport, dove le stanze per migliorare sono lontani, molto meno.	Ci sono altri servizi come i fertilizzanti, o come facciamo l'aria, o come si trasporto, dove le stanze per migliorare sono molto molto meno.
And so, overall here, if we're optimistic, we may get a reduction of a factor of three to even, perhaps, a factor of six.	Quindi, complessivamente, nel migliore dei casi,  l'energia consumata potrà ridursi da tre a forse sei volte.	E quindi, <unk> qui, se siamo <unk>, potremmo avere una <unk> di tre, forse, un <unk> di sei.	E quindi, qui, se siamo ottimisti, potremmo ricevere una riduzione di un fattore di tre, forse, un fattore di sei.	E quindi, soprattutto, se siamo ottimisti, potremmo ottenere una riduzione di una riduzione di tre a, forse, un fattore di sei.
But for these first three factors now, we've gone from 26 billion to, at best, maybe 13 billion tons,	Ma questi primi 3 fattori riducono  le emissioni da 26 a, nel migliore dei casi, forse 13 miliardi di tonnellate.	Ma per i primi tre <unk> ora, siamo andati da <unk> miliardi di anni, a <unk> miliardi di <unk>.	Ma per questi primi tre fattori ora, abbiamo fatto 26 miliardi, a migliore, forse 13 miliardi di tonnellate.	Ma per i primi tre fattori, siamo andati da 26 miliardi a meglio, forse 13 miliardi di tonnellate.
and that just won't cut it.	Non è abbastanza.	E questo non lo <unk>.	E questo non la taglia.	E non lo farà.
So let's look at this fourth factor -- this is going to be a key one -- and this is the amount of CO2 put out per each unit of energy.	Guardiamo il quarto fattore,  il fattore chiave,  la quantità di CO2 emessa per unità di energia.	<unk> questo <unk> <unk> -- questo sarà una <unk> <unk> -- e questa è la quantità di CO2 <unk> per ogni <unk> di energia.	Guardiamo questa quarta fattore -- questo sarà un fattore di CO2, è la quantità di CO2 usciti per ogni unità di energia.	Quindi, guardiamo a questa quarta fattore -- questo sarà una chiave -- e questa è la quantità di CO2.
And so the question is: Can you actually get that to zero?	La domanda è, possiamo ridurla a zero?	E quindi la domanda è: Potete davvero <unk> a zero?	E quindi la domanda è: Potete arrivare a zero?	Quindi la domanda è: Puoi arrivare a zero?
If you burn coal, no.	Se si brucia carbone, no.	Se <unk> <unk>, no.	Se bruciate carbone, no.	Se bruciate carbone, no.
If you burn natural gas, no.	Se si brucia gas naturale, no.	Se <unk> gas naturale, no.	Se bruciate gas naturale, no.	Se bruciate gas naturale, niente.
Almost every way we make electricity today, except for the emerging renewables and nuclear, puts out CO2.	Quasi tutti i modi per produrre oggi l'elettricità,  a parte le rinnovabili e il nucleare, emettono CO2.	<unk> ogni modo che facciamo l'elettricità oggi, <unk> per le <unk> <unk> e le <unk> <unk>.	Quasi ogni modo in cui facciamo l'elettricità oggi, eccetto per le rinnovabili e nucleare, mette fuori CO2.	Quasi ogni modo in cui facciamo elettricità oggi, tranne per l'emergere rinnovabili e nucleare, mette fuori la CO2.
And so, what we're going to have to do at a global scale, is create a new system.	Quello che dovremo fare su scala globale, dunque,  è creare un nuovo sistema.	E quindi, quello che dobbiamo fare in una scala globale, è creare un nuovo sistema.	E quindi, quello che dovremmo fare ad una scala globale, è creare un nuovo sistema.	Quindi, quello che dobbiamo fare in scala globale, è creare un nuovo sistema.
And so, we need energy miracles.	E ci servono "miracoli" energetici.	E quindi, abbiamo bisogno di energia <unk>.	E quindi, abbiamo bisogno di energia di energia.	Quindi abbiamo bisogno di miracoli energetici.
Now, when I use the term "miracle," I don't mean something that's impossible.	Col termine "miracolo", non intendo qualcosa di impossibile.	Ora, quando uso il termine "<unk>", non voglio dire qualcosa che è impossibile.	Ora, quando uso il termine "miracolo" Non intendo qualcosa che è impossibile.	Ora, quando uso il termine "miracolo", non intendo qualcosa che è impossibile.
The microprocessor is a miracle. The personal computer is a miracle.	Il microprocessore è un miracolo. Il personal computer è un miracolo.	Il <unk> è un <unk>. Il computer personale è un <unk>.	Il microprocessore è un miracolo. Il computer personale è un miracolo.	Il microprocessore è un miracolo. Il computer personale è un miracolo.
The Internet and its services are a miracle.	Internet, ed i suoi servizi, sono un miracolo.	Internet e i suoi servizi sono <unk>.	Internet e i suoi servizi sono un miracolo.	L'Internet e i suoi servizi sono un miracolo.
So, the people here have participated in the creation of many miracles.	Le persone oggi qui hanno partecipato alla creazione di molti miracoli.	Le persone qui hanno <unk> nella creazione di molti <unk>.	Quindi, le persone qui hanno partecipato nella creazione di molti miracoli.	Quindi, la gente qui ha partecipato alla creazione di molte miracoli.
Usually, we don't have a deadline, where you have to get the miracle by a certain date.	Di solito non abbiamo una scadenza,  una data entro cui consegnare il miracolo.	<unk>, non abbiamo un <unk>, dove <unk> il <unk> da una certa <unk>.	Di solito, non abbiamo un diritto, dove dovete arrivare il miracolo di un certo punto.	Di solito, non abbiamo una linea di deaddirittura, dove si deve ottenere il miracolo.
Usually, you just kind of stand by, and some come along, some don't.	Di solito, si sta alla finestra e qualcosa avviene, qualcos'altro no.	<unk>, <unk> <unk>, e <unk>, alcuni <unk> non <unk>.	Di solito, si trova di stare, e un po 'di non sono.	Di solito, vi risuona solo, e un po 'di un po' non.
This is a case where we actually have to drive at full speed and get a miracle in a pretty tight timeline.	In questo caso invece dobbiamo guidare a tutta velocità,  e realizzare un miracolo in tempi molto ristretti.	Questo è un caso in cui dobbiamo guidare una velocità e <unk> in una <unk> piuttosto <unk>.	Questo è un caso in cui dobbiamo guidare a velocità velocità e ottenere un 'miracolo in un mezzo in un miracolo in un modo pieno.	Questo e 'un caso che dobbiamo guidare in piena di velocità e ottenere un miracolo in una linea piuttosto importante.
Now, I thought, "How could I really capture this?	Mi sono chiesto: come illustrare questo concetto?	Ora, ho pensato: "Come potrei davvero <unk>?	Ora, ho pensato: "Come posso veramente?	Ora, pensai: "Come posso davvero catturare questo?
Is there some kind of natural illustration, some demonstration that would grab people's imagination here?"	C'è qualche esempio naturale,  qualche dimostrazione che catturi l'immaginazione della gente?	C'è qualche tipo di <unk> naturale, alcuni <unk> che <unk> la gente qui? "	C'è una specie di illustrazione naturale, alcune dimostrazioni che avrebbero la gente di immaginazione qui? "	C'è una specie di illustrazione naturale, qualche dimostrazione che sarebbe stato l'immaginazione della gente? "
I thought back to a year ago when I brought mosquitos, and somehow people enjoyed that.	Ho ripensato ad un anno fa, quando portai delle zanzare,  e la gente lo trovò divertente.	<unk> di nuovo ad un anno fa, quando ho <unk> <unk>, e in qualche modo la gente <unk>.	Pensai indietro ad un anno fa quando portai le zanzare, e in qualche modo le persone si incontrarono.	Pensavo ad un anno fa quando ho portato zitos, in qualche modo le persone si sono uniti.
It really got them involved in the idea of, you know, there are people who live with mosquitos.	Li rese partecipi del fatto che,  nel mondo, ci sono persone che convivono con le zanzare.	Li ha davvero <unk> nell'idea di voi sapete, ci sono persone che vivono con <unk>.	Li ha davvero coinvolto nell'idea di, sapete, ci sono persone che vivono con zanzare.	Li ha davvero coinvolto l'idea di, sapete, ci sono persone che vivono con zitos.
So, with energy, all I could come up with is this.	Questa invece è la mia idea per l'energia.	Quindi, con l'energia, tutto quello che <unk> è questo.	Quindi, con l'energia, tutto questo.	Quindi, con l'energia, tutto quello che potrei trovare è questo.
I decided that releasing fireflies would be my contribution to the environment here this year.	Ho deciso che far volare delle lucciole  sarebbe stato quest'anno il mio contributo all' ambiente.	Ho deciso che la <unk> <unk> sarebbe stata la mia <unk> all'ambiente qui.	Ho deciso che la rifiuti di rifiuti sarebbero il mio contributo all'ambiente.	Ho deciso che rilasciare le lucciole sarebbe il mio contributo all'ambiente.
So here we have some natural fireflies.	Ecco qui delle lucciole.	Qui abbiamo dei <unk> naturali.	Quindi qui abbiamo alcune rifiuti naturali.	Quindi qui abbiamo delle fiche naturali.
I'm told they don't bite; in fact, they might not even leave that jar.	Mi dicono che non pungono, anzi potrebbero non uscire nemmeno dal barattolo.	Mi hanno detto che non <unk>, di fatto <unk>.	Sono stato detto che non basta, in effetti, potrebbero non lasciare nemmeno lasciare quel banco.	Mi dissero che non bite.
Now, there's all sorts of gimmicky solutions like that one, but they don't really add up to much.	...ora, possiamo inventarci trucchi come questo,  ma non saranno d'aiuto.	Ora, c'è ogni tipo di soluzioni <unk> come questo, ma non <unk> molto.	Ora, ci sono ogni tipo di soluzioni gimiche come quella, ma non aggiungono molto.	Ora, ci sono tutti i tipi di soluzioni del genere, ma non si aggiungono molto.
We need solutions -- either one or several -- that have unbelievable scale and unbelievable reliability, and, although there's many directions people are seeking, I really only see five that can achieve the big numbers.	Ci servono soluzioni, una o tante che siano,  che funzionino su grande scala  e molto affidabili,  e sebbene si stia esplorando in molte direzioni,  penso che solo cinque potranno sortire effetti importanti.	Abbiamo bisogno di soluzioni -- o di molti -- che hanno <unk> di <unk> e <unk> <unk>, e anche se ci sono molte persone <unk>, mi sono davvero <unk> cinque <unk> che possono raggiungere i grandi numeri.	Abbiamo bisogno di soluzioni, uno o diversi -- che hanno scelto incredibile e credibilità di relibilità, e, sebbene ci sono molte direzioni, anche se ci sono molte direzioni, vedo solo solo cinque che possano raggiungere i grandi numeri.	Abbiamo bisogno di soluzioni -- sia uno o diversi -- che hanno creduto in scala incredibili, e che, sebbene ci sono molte direzioni che le persone cercano di fare con i grandi numeri.
I've left out tide, geothermal, fusion, biofuels.	Ho escluso le maree, il geotermico, la fusione nucleare, i biocombustibili.	Ho lasciato <unk>, <unk>, <unk>, <unk>, <unk>.	Ho lasciato la geoermale, la fusione, biofuga.	Ho lasciato salido, geotermali, fusione, la biofusione.
Those may make some contribution, and if they can do better than I expect, so much the better, but my key point here is that we're going to have to work on each of these five, and we can't give up any of them because they look daunting, because they all have significant challenges.	Potrebbero anche dare qualche contributo,  e se possono fare più di quanto mi aspetto, tanto meglio,  ma qui mi interessa sottolineare  che dovremo lavorare su ciascuna di queste cinque,  e non rinunciare a nessuna, per quanto arduo,  perché tutte pongono sfide difficili.	<unk> <unk> <unk>, e se possono fare meglio di quanto mi <unk>, molto meglio, ma il mio punto chiave è che dobbiamo lavorare su ognuno di questi cinque, e non possiamo <unk> loro <unk> perché <unk> tutte le sfide <unk>.	Quelli potrebbero fare un contributo, e se possono fare meglio di quello che mi aspettano, così tanto il mio punto di chiave è che dovremmo lavorare su ciascuno di questi cinque, e non possiamo rinunciare a causa di loro, perché tutti hanno sfide significativi.	Potrebbero fare il contributo, e se possono fare meglio di quanto mi aspetteranno, così tanto meglio, ma il mio punto chiave è che dobbiamo lavorare su ciascuna di queste cinque, e non possiamo abbandarne alcuna delle persone, perché tutte le sfide dano le sfide.
Let's look first at the burning fossil fuels, either burning coal or burning natural gas.	Analizziamo per prima la combustione di combustibili fossili,  carbone o gas naturale che sia.	<unk> al primo <unk> <unk> <unk>, o <unk> <unk> o <unk> naturale.	Guardiamo i primi combustibili fossili, i bruciando carbone o bruciando gas naturale.	Guardiamo prima i combustibili fossili, o bruciamiamoci di carbone o bruciale o gas naturali.
What you need to do there, seems like it might be simple, but it's not, and that's to take all the CO2, after you've burned it, going out the flue, pressurize it, create a liquid, put it somewhere, and hope it stays there.	Qui il nostro compito sembra semplice, ma non lo è,  ed è catturare la CO2, dopo la combustione, all'uscita dal camino,  pressurizzarla, liquefarla, metterla da qualche parte,  e sperare che ci rimanga.	Ciò che avete bisogno di fare, sembra che sia semplice, ma non è, e che <unk> tutta la CO2, dopo che l'hai <unk>, <unk> il <unk>, <unk>, <unk> una <unk>, <unk>, <unk>, e <unk> <unk> lì.	Ciò che dovete fare lì, sembra che potrebbe essere semplice, ma non è, e questo è di prendere tutti i CO2, dopo che lo ha rinunciato, la pressione, creando un liquido, creando un liquido, creando un liquido da qualche parte, e spero '.	Ciò che avete bisogno di fare lì, sembra che potrebbe essere semplice, ma non è che per prendere tutte la CO2, dopo che hai bruciato il flue, presente il flue, si crea un liquido, e la speranza.
Now we have some pilot things that do this at the 60 to 80 percent level, but getting up to that full percentage, that will be very tricky, and agreeing on where these CO2 quantities should be put will be hard,	Oggi ci sono tecnologie sperimentali che catturano il 60 - 80 % di CO2,  ma raggiungere il 100% sarà molto complicato  e sarà difficile anche mettersi d'accordo su dove conservare tutta questa CO2.	Ora abbiamo alcune cose <unk> che fanno questo al 60%, ma <unk> a quel livello pieno di <unk>, che sarà molto <unk>, e <unk> su dove dovrebbero <unk> <unk> essere difficile.	Ora abbiamo alcune cose pilota che fare questo al 60 a 80 per cento al livello di 80 per cento, che sarà molto tricky, e concorrerà su dove queste CO2 quantità dovrebbero essere difficili.	Ora abbiamo alcune cose che fanno questo ai 60 al livello 80%, ma per cento, ma per arrivare a quella piena percentuale, che sarà molto difficile.
but the toughest one here is this long-term issue.	La questione più spinosa è comunque quella del lungo periodo.	Ma la <unk> è questa questione di <unk>.	Ma il tuo toccato è questa questione di lungo termine.	Ma il più toughissimo è questa questione a lungo termine.
Who's going to be sure?	Chi si fiderà?	Chi <unk>?	Chi sarà sicuro?	Chi sarà sicuro?
Who's going to guarantee something that is literally billions of times larger than any type of waste you think of in terms of nuclear or other things?	Chi garantirà qualcosa che è letteralmente miliardi di volte più voluminoso  di ogni altro tipo di rifiuto immaginabile, come il nucleare o altro?	Chi <unk> qualcosa che è letteralmente di miliardi di volte più grandi di qualsiasi tipo di <unk> di <unk> o di altre cose?	Chi sta andando a garanzie qualcosa che è letteralmente miliardi di volte più grande di qualsiasi tipo di vasti nucleare o altre cose?	Chi sta per garantire qualcosa che è letteralmente miliardi di volte più grande di ogni tipo di rifiuti di ogni tipo di rifiuti nucleare o altre cose nucleari?
This is a lot of volume.	È un volume enorme.	E 'un sacco di <unk>.	Questo è un sacco di volume.	Questo è un sacco di volume.
So that's a tough one.	Quindi è un problema difficile.	E 'una <unk> <unk>.	Questo è un tasto.	Questo è un impasto.
Next would be nuclear.	Un'altra fonte sarebbe il nucleare.	<unk> sarebbe <unk>.	Il nucleare sarebbe nucleare.	Il prossimo sarebbe nucleare.
It also has three big problems:	Ma anche il nucleare presenta tre grandi problemi.	Ha anche tre grandi problemi.	Ha anche tre grandi problemi.	Ha anche tre grandi problemi.
Cost, particularly in highly regulated countries, is high;	Il costo, specialmente nelle nazioni molto regolamentate, è alto.	<unk>, in particolare, in <unk> paesi molto <unk>.	Che costo, in particolarmente regolarmente regolarmente alta.	Cost, particolarmente regolati, è alta.
the issue of the safety, really feeling good about nothing could go wrong, that, even though you have these human operators, that the fuel doesn't get used for weapons.	La questione della sicurezza, il sentirsi sicuri che nulla può andare storto,  malgrado l'impianto sia manovrato da operatori umani,  e che il combustibile non venga utilizzato a scopo bellico.	Il problema della <unk>, veramente <unk> di niente potrebbe <unk>, che, anche se c'è questi <unk> umani, che il <unk> non <unk> per le <unk>.	Il problema della sicurezza della sicurezza, sembrano buona che non potrebbero andare sbagliare, questo, anche se hai questi operatori umani, che il combustibile non hanno usato per le armi.	Il problema della sicurezza, si svolge molto bene non potesse sbagliare, che anche se avete questi operatori umani, che il carburante non si usa per armi.
And then what do you do with the waste?	E come poi gestire le scorie?	E poi cosa fai con i <unk>?	E poi cosa fai con la scarica?	E poi cosa fate con i rifiuti?
And, although it's not very large, there are a lot of concerns about that.	Malgrado la quantità ridotta, le preoccupazioni sono tante.	E, anche se non è molto <unk>, ci sono molte <unk>.	E, anche se non è molto grande, ci sono molte preoccuparsi di questo.	E anche se non è molto grande, ci sono molte preoccupazioni.
People need to feel good about it.	La gente ha bisogno di essere rassicurata.	Le persone devono <unk> bene.	La gente deve sentirsi bene.	La gente ha bisogno di sentirlo.
So three very tough problems that might be solvable, and so, should be worked on.	Tre problemi molto difficili, dunque, che si potrebbero risolvere,  e sui quali si dovrebbe lavorare.	Quindi tre problemi molto <unk> che potrebbe essere <unk>, e quindi, dovrebbe essere <unk>.	Quindi tre problemi molto difficili che potrebbero essere risolvere, e così, dovrebbero essere funzionato.	Quindi tre problemi molto duro che potrebbe essere solvabili, e quindi, dovrebbero funzionare.
The last three of the five, I've grouped together.	Le ultime tre delle cinque fonti le ho raggruppate.	L'ultima tre dei cinque anni, ho <unk> insieme.	L'ultimo tre di cinque, ho gruppato insieme.	L'ultimo tre dei cinque anni, mi sono messi insieme.
These are what people often refer to as the renewable sources.	Sono quelle che la gente spesso definisce "rinnovabili".	Queste sono le persone spesso <unk> come il <unk> <unk>.	Queste sono ciò che la gente spesso rifiutano alle fonti rinnovabili.	Queste sono quali spesso le persone si riferiscono come le fonti di rinnovabili.
And they actually -- although it's great they don't require fuel -- they have some disadvantages.	E a dire il vero, malgrado il grande vantaggio di non richiedere un combustibile,  presentano alcuni svantaggi.	E in realtà -- anche se è fantastico non <unk> <unk> -- hanno dei <unk>.	E in effetti -- anche se è fantastico non richiede -- hanno alcune disposizioni.	E in realtà -- anche se è grande che non richiedono carburante -- hanno qualche disvantaggio.
One is that the density of energy gathered in these technologies is dramatically less than a power plant.	Il primo è che la densità d'energia prodotta con queste tecnologie  è decisamente inferiore a quella di una centrale elettrica.	Una è che l' <unk> di energia <unk> in queste tecnologie è <unk> meno di una <unk>.	Uno è che la densità dell'energia di queste tecnologie è dramaticamente meno di un pianta.	Uno è che la densità dell'energia in queste tecnologie è drammaticamente meno di un potere.
This is energy farming, so you're talking about many square miles, thousands of time more area than you think of as a normal energy plant.	Si tratta di "raccogliere energia", e quindi di molti chilometri quadrati,  di aree migliaia di volte più estese di una normale centrale elettrica.	Questa è l'energia <unk>, quindi state parlando di molti chilometri <unk>, migliaia di chilometri di più di quello che pensate come una <unk> normale.	Questa è l'agricoltura energetica, quindi stai parlando di molti migliaia di tempo di più in cui pensate come una pianta di energia normale.	Questa è l'agricoltura energetica, quindi stai parlando di molti chilometri quadrati, migliaia di tempo più in quanto a una normale pianta energia.
Also, these are intermittent sources.	Inoltre queste fonti sono intermittenti.	<unk>, questi sono <unk> <unk>.	Queste sono fonti intermittenti.	Inoltre, queste sono fonti intermessi.
The sun doesn't shine all day, it doesn't shine every day, and, likewise, the wind doesn't blow all the time.	Il sole non splende tutto il giorno, né tutti i giorni,  e neanche il vento soffia sempre.	Il sole non <unk> tutto il giorno, non <unk> ogni giorno, e, <unk>, il vento non <unk> tutto il tempo.	Il sole non è tutto il giorno, non shina tutto il giorno, non è disponibile ogni giorno, il vento non blocco tutto il tempo.	Il sole non si sposta tutto il sole, non si sconvolge ogni giorno, e, il vento non fa niente di tempo.
And so, if you depend on these sources, you have to have some way of getting the energy during those time periods that it's not available.	Pertanto, se si dipende da queste fonti,  bisogna trovare un modo di erogare energia elettrica  anche quando la fonte non produce.	E quindi, se <unk> su queste <unk>, <unk> avere un modo di <unk> l'energia durante le <unk>, non è disponibile.	E quindi, se dipende da queste fonti, dovete avere un modo di ottenere il modo di ottenere l'energia durante quei periodi che non è disponibile.	E quindi, se dipende su queste fonti, devi avere un modo di avere l'energia durante i periodi che non è disponibile.
So, we've got big cost challenges here,	Grosse sfide ci attendono sul fronte dei costi.	Quindi, abbiamo grandi sfide qui.	Quindi, abbiamo ottenuto enormi.	Quindi abbiamo grandi sfide.
we have transmission challenges:	E sulla distribuzione.	Abbiamo le sfide <unk>.	Abbiamo la trasmissione delle sfide.	Abbiamo le sfide della trasmissione.
for example, say this energy source is outside your country;	Per esempio, diciamo che questa fonte energetica si trova all'estero.	per esempio, diciamo che questa energia è fuori del vostro paese.	Per esempio, diciamo questa fonte energetica è fuori il tuo paese.	Per esempio, diciamo che questa sorgente di energia è fuori il vostro paese.
you not only need the technology, but you have to deal with the risk of the energy coming from elsewhere.	Allora non solo vi serve la tecnologia,  ma dovete anche fare i conti coi rischi legati all'approvvigionamento dall'estero.	Non avete solo bisogno della tecnologia, ma devi <unk> il rischio dell'energia <unk> dalla <unk>.	Non solo serve solo la tecnologia, ma devi affrontare il rischio dell'energia che arrivano.	Non c'è solo bisogno della tecnologia, ma si deve affrontare il rischio dell'energia che proveniene da parte.
And, finally, this storage problem.	E infine, il problema dell'accumulo.	E, finalmente, questo problema <unk>.	E, infine, questo problema di storie.	E infine, questa storia.
And, to dimensionalize this, I went through and looked at all the types of batteries that get made -- for cars, for computers, for phones, for flashlights, for everything -- and compared that to the amount of electrical energy the world uses, and what I found is that all the batteries we make now could store less than 10 minutes of all the energy.	Per stimare le dimensioni del problema, ho analizzato  tutti i tipi di batterie realizzate oggi,  per auto, computer, telefoni, torce, di qualsiasi tipo,  le ho confrontate con la quantità di energia elettrica usata  nel mondo  e ho scoperto che tutte le batterie ora in produzione  potrebbero immagazzinare meno di 10 minuti di tutta quell'energia.	E, per <unk> questo, mi sono <unk> e <unk> tutti i tipi di <unk> che hanno fatto -- per i computer, per tutto -- e <unk> che <unk> la quantità di energia <unk> il mondo <unk>, e quello che ho trovato è che tutti i <unk> che abbiamo <unk> meno di 10 minuti di tutta l'energia.	E, a dimensionalizzare questo, ho passato e osservai tutti i tipi di batterie che hanno realizzato -- per i computer, per i computer, per i computer, per il flashlizzato, per tutto -- e comparagonato che alla quantità di energia elettrica al mondo, e quello che ho scoperto è che tutte le batterie che facciamo adesso meno 10 minuti di tutta l'energia.	E, per dimensionalizzare questo, ho studiato tutti i tipi di batterie che hanno fatto -- per le auto, per le auto, per le auto, per i computer, per tutto -- e confronto che alla quantità di energia elettrica il mondo usa e ciò che ho scoperto è che tutte le batterie che abbiamo potuto negoziare meno di 10 minuti di tutte le batterie di energia elettrica.
And so, in fact, we need a big breakthrough here, something that's going to be a factor of 100 better than the approaches we have now.	Quindi ci serve davvero un grosso passo avanti,  un miglioramento di 100 volte  rispetto agli approcci ora in uso.	E quindi, di fatto, abbiamo bisogno di un grande <unk>, qualcosa che sarà una <unk> di 100 migliori delle <unk> che abbiamo adesso.	E quindi, in effetti, abbiamo bisogno di un grosso, qualcosa che sarà un fattore di 100 migliore di quelle che abbiamo ora.	E quindi, in effetti, abbiamo bisogno di un grosso, qualcosa che sarà un fattore di 100 meglio dell'approccio che ora abbiamo ora.
It's not impossible, but it's not a very easy thing.	Il che non è impossibile, ma certo non è molto semplice.	Non è impossibile, ma non è una cosa facile.	Non è impossibile, ma non è una cosa molto facile.	Non è impossibile, ma non è una cosa facile.
Now, this shows up when you try to get the intermittent source to be above, say, 20 to 30 percent of what you're using.	Questo problema si manifesta già quando le fonti "intermittenti"  producono più del, diciamo, 20 o 30 % dell'energia consumata.	Ora, questo ci mostra quando <unk> di <unk> la fonte più <unk>, diciamo, il 20% di quello che si sta usando.	Ora, questa mostra quando si prova di ottenere la fonte intermittente di essere sopra, il 20 al 30 per cento di quello che uso.	Ora, questo mostra quando si cerca di ottenere la sorgente intermente per essere sopra, diciamo, il 20 al 30% di quello che state usando.
If you're counting on it for 100 percent, you need an incredible miracle battery.	Se poi ci si affida a quelle fonti per il 100%,  serve una batteria "miracolosa".	Se vi <unk> <unk> per il 100%, avete bisogno di un'incredibile <unk> <unk>.	Se contro il 100 per cento, avete bisogno di una batteria incredibile batteria.	Se si contano per il 100%, avete bisogno di una batteria incredibile.
Now, how we're going to go forward on this -- what's the right approach?	Ma come avanzeremo su questa strada? Qual è il giusto approccio?	Ora, come <unk> in avanti, cos'è l'approccio <unk>?	Ora, come andremo avanti su questo -- qual è l'approccio destro?	Ora, come andare avanti su questo -- che è l'approccio giusto?
Is it a Manhattan Project? What's the thing that can get us there?	È un Progetto Manhattan? Che cosa potrebbe risolvere il problema?	E 'una <unk> <unk>? Qual è la cosa che può <unk>?	E 'un Progetto Manhattan? Qual'è la cosa che ci può portarci?	È un progetto Manhattan Manhattan?
Well, we need lots of companies working on this, hundreds.	Molte aziende, a centinaia, devono mettersi al lavoro.	Beh, abbiamo bisogno di molte aziende che lavorano su questo, centinaia.	Beh, abbiamo bisogno di molte aziende che lavorano su questo, centinaia.	Bene, abbiamo bisogno di molte aziende che lavorano su questo, centinaia.
In each of these five paths, we need at least a hundred people.	Abbiamo bisogno di almeno cento persone in ciascuno di questi cinque settori.	<unk> di questi cinque <unk>, abbiamo bisogno di almeno un <unk> di persone.	In ognuno di questi cinque pittori, abbiamo bisogno di almeno un centinaia di persone.	In ognuna di queste cinque pazzi, abbiamo bisogno di almeno cento persone.
And a lot of them, you'll look at and say, "They're crazy." That's good.	Molti di loro, osservandoli, li definireste pazzi. Il che è un bene.	E molte di loro, <unk> e dire: "Sono <unk>" <unk>. "<unk> bene.	Molte di loro, guardate e dicono: "Sono pazzi.	E molti di loro, osserete e dire: "Sono pazzi".
And, I think, here in the TED group, we have many people who are already pursuing this.	E penso che qui, nel gruppo di TED,  molte persone stiano già lavorando in questi campi.	E, penso, qui nel gruppo di TED, abbiamo molte persone che hanno già <unk>.	E, penso, qui al gruppo di TED, abbiamo molte persone che stanno già inseguendo questo.	E, credo che qui nel gruppo di TED, abbiamo molte persone che stanno già comprando questo.
Bill Gross has several companies, including one called eSolar that has some great solar thermal technologies.	Bill Gross ha diverse aziende, tra cui una chiamata eSolar  che vanta grandi tecnologie nel solare termico.	Bill <unk> ha diverse compagnie, <unk> una chiamata <unk> che ha alcune grandi tecnologie <unk> <unk>.	Bill Gross ha diverse compagnie inclusi chiamati eSolari che ha alcune grandi tecnologie solari.	Bill Gross ha diverse aziende, incluso una chiamata eSolar che ha alcune tecnologie termali.
Vinod Khosla's investing in dozens of companies that are doing great things and have interesting possibilities, and I'm trying to help back that.	Vinod Khosla sta investendo in dozzine di aziende  che stanno facendo grandi cose ed hanno potenzialità interessanti,  e io sto dando il mio supporto a tutto questo.	<unk> <unk> <unk> in <unk> di aziende che stanno facendo cose grandi e <unk> possibilità, e sto cercando di <unk>.	Vinod Khosla ha investimento di compagnie che stanno facendo grandi cose e hanno possibilità interessanti, e sto cercando di aiutare.	Vinod Khosla sta investendo in dozzine di aziende che stanno facendo cose grandi e hanno delle possibilità, e sto cercando di aiutarlo.
Nathan Myhrvold and I actually are backing a company that, perhaps surprisingly, is actually taking the nuclear approach.	Nathan Myhrvold ed io stiamo finanziando un'azienda  che, vi sorprenderà, segue la strada del nucleare.	<unk> <unk> e io <unk> un'azienda che, forse <unk>, è davvero prendere l'approccio nucleare.	Nathan Myhrvold ed io stanno chiedendo un'azienda che, forse sorprendentemente, è in effetti di sorpreso l'approccio nucleare.	Nathan Myhrvold, in realtà, forse sorprendentemente, è prendere l'approccio nucleare.
There are some innovations in nuclear: modular, liquid.	Ci sono state alcune innovazioni nel ramo, il nucleare modulare, il nucleare liquido.	Ci sono alcuni <unk> in nucleare: <unk>, <unk>.	Ci sono alcune innovazioni nucleare.	Ci sono alcune innovazioni nel nucleare: modari, liquido.
And innovation really stopped in this industry quite some ago, so the idea that there's some good ideas laying around is not all that surprising.	Ma da un bel po' di tempo, il settore è fermo,  che ci siano alcune buone idee in giro non è poi così sorprendente.	E l'innovazione <unk> davvero <unk> in quest'industria piuttosto, quindi l'idea che ci sono alcune buone idee <unk> che non è tutto quello che <unk>.	E l'innovazione davvero fermato in quest'industria, quindi l'idea che c'è alcune idee buoni che si intorno non è tutta la sorpresa.	E l'innovazione si fermò in questo industria piuttosto un po 'fa, quindi l'idea che ci sono delle buone idee in giro non è tutta quella sorprendente.
The idea of TerraPower is that, instead of burning a part of uranium -- the one percent, which is the U235 -- we decided, "Let's burn the 99 percent, the U238." It is kind of a crazy idea.	L'idea di Terrapower è che, invece di bruciare solo parte dell' uranio,  l' U235, l'1% dell'uranio disponibile,  abbiamo deciso di bruciare anche l' U238, il 99%  È un'idea folle, in un certo senso.	L'idea di <unk> è che, invece di <unk> una parte di <unk> -- l'uno per cento, che è il <unk> -- abbiamo deciso di <unk> il <unk>%, il <unk>. "E 'una <unk> idea.	L'idea di TerraPower è che, invece di bruciare una parte del uranio -- l'uno per cento, che è l'Uno 235 -- abbiamo deciso: "bruciare il 99 per cento, l'Uni238 per cento." E 'una specie di idea.	L'idea di Terrawer è che invece di bruciare una parte dell'uranio -- il 1%, che è il 235 -- abbiamo deciso: "Passiamo il 99%, l'U238" è una specie di idea pazzire.
In fact, people had talked about it for a long time, but they could never simulate properly whether it would work or not, and so it's through the advent of modern supercomputers that now you can simulate and see that, yes, with the right material's approach, this looks like it would work.	Per la verità se ne parla da molto tempo,  ma non e' mai stato adeguatamente provato se avrebbe funzionato o no,  Solo grazie all'avvento dei supercomputer moderni  oggi si può fare una simulazione e vedere che sì,  con i materiali giusti, sembra che funzionerebbe.	In effetti, la gente ne aveva parlato per molto tempo, ma non potevano mai <unk> se <unk> o no, e così è attraverso la <unk> della <unk> <unk> che ora potete <unk> e vedere che, sì, con il materiale <unk>.	In effetti, la gente ha parlato per molto tempo, ma non potrebbero mai simulare in modo in cui funzionerebbe o meno, ed è attraverso il vento dei supercomputer che ora si possono simulare e vedere che, sì, con il materiale destro, questo è il materiale giusto.	In effetti, la gente aveva parlato per un po 'di tempo, ma non si può mai funzionare o no, e quindi è attraverso il vantaggio di supercomputer che ora potete simulare e vedere questo, si, si, si, con il approccio di materiale giusta, questo sembra funzionare.
And, because you're burning that 99 percent, you have greatly improved cost profile.	E siccome si brucia il 99 per cento dell'uranio,  la struttura dei costi migliora drasticamente.	E, perché <unk> che il <unk>%, hai <unk> <unk> <unk>.	E, perché state bruciando quel 99 per cento, avete migliorato di profilo.	E, perché stai bruciando che il 99% è molto profile.
You actually burn up the waste, and you can actually use as fuel all the leftover waste from today's reactors. So, instead of worrying about them, you just take that. It's a great thing.	Si bruciano le scorie, e si usano come combustibile  anche le scorie dei reattori di oggi, che diventano,  dal problema che erano, una risorsa da sfruttare.	In realtà si <unk> i <unk>, e potete usare come <unk> tutti i <unk> di <unk> <unk> dalle <unk> di oggi. Quindi, invece di <unk>. E 'una cosa <unk>.	In effetti si bruciano il combustibile, e si può usare come combustibile per tutti i reattori di oggi. Quindi, invece di preoccuparsi di loro, si prende questo. E 'una cosa fantastica. E' una cosa fantastica.	In realtà bruciano i rifiuti, e potete usare come carburante tutti i rifiuti del carburante di oggi. Quindi, invece di preoccuparci di loro, e 'una cosa bella.
It breathes this uranium as it goes along, so it's kind of like a candle.	Si consuma l'uranio mentre la combustione procede. È una specie di candela.	<unk> questo <unk> mentre <unk>, è un po 'come un <unk>.	Trompa questo uranio che si trova lungo, quindi è come una candela.	Si respirano questo uranio mentre si muove, quindi è come una specie di candela.
You can see it's a log there, often referred to as a traveling wave reactor.	È come un ceppo di legno che brucia. Spesso viene chiamato reattore a onda progressiva.	Potete vedere che è un <unk> lì, spesso <unk> a <unk> di <unk>.	Potete vedere che è un log, spesso riferito ad un reattore di viaggiare.	Potete vedere che è un testino lì, spesso si riferisce come un reattore d'onda.
In terms of fuel, this really solves the problem.	Dal punto di vista del combustibile il problema è risolto.	In termini di <unk>, questo <unk> il problema.	In termini di carburante, questo è risolvere il problema.	In termini di carburante, questo risolve il problema.
I've got a picture here of a place in Kentucky.	Ecco una foto di un posto nel Kentucky.	Ho una foto qui in <unk>.	Ho una foto qui un posto in Kentucky.	Ho una foto di un posto a Kentucky.
This is the leftover, the 99 percent, where they've taken out the part they burn now, so it's called depleted uranium.	Questo è lo scarto, il 99 per cento dell' uranio,  cui è stata tolta la parte ora utilizzata come combustibile,  e perciò viene chiamato uranio impoverito.	Questo è il <unk>, il <unk>%, dove hanno <unk> la parte che <unk> ora, quindi si chiama <unk> <unk> <unk>.	Questo è il tasso, il 99 per cento, dove hanno scattato il 99 per cento, quindi è chiamata uranio.	Questo è il flusso, il 99%, dove sono uscito la parte del 99%, quindi si chiama uranio.
That would power the U.S. for hundreds of years.	Questi "scarti" darebbero energia agli Stati Uniti per secoli.	Il potere <unk> per centinaia di anni.	Questo potere gli Stati Uniti per centinaia di anni.	Questo potere il potere degli Stati Uniti per centinaia di anni.
And, simply by filtering seawater in an inexpensive process, you'd have enough fuel for the entire lifetime of the rest of the planet.	E filtrando l'acqua di mare, con un processo economico,  ci sarebbe abbastanza combustibile per il resto della vita di questo pianeta.	E, semplicemente <unk> <unk> in un processo di <unk>, ci sono abbastanza <unk> per l'intera <unk> del resto del pianeta.	E, semplicemente filtrando l'acqua di mare in un processo molto costoso, avreste abbastanza carburante per l'intera vita del pianeta.	E semplicemente filtrando l'acqua del mare in un processo molto costoso, avreste abbastanza carburante per tutta la vita del resto del pianeta.
So, you know, it's got lots of challenges ahead, but it is an example of the many hundreds and hundreds of ideas that we need to move forward.	Molte sfide ci attendono, dunque,  ma questo è un esempio delle centinaia e centinaia di idee  che ci servono per progredire.	Quindi, sapete, è un sacco di sfide, ma è un esempio di quelle centinaia e centinaia di idee che dobbiamo <unk>.	Quindi, sapete, è stato un sacco di sfide, ma è un esempio di molti centinaia e centinaia di idee che dobbiamo andare avanti.	Quindi, sapete, ci sono molte sfide, ma è un esempio di molte centinaia e centinaia di idee che abbiamo bisogno di andare avanti.
So let's think: How should we measure ourselves?	Come dovremmo misurare il nostro progresso?	<unk>: Come dovremmo misurare?	Pensiamo: Come dovremmo misurarci?	Quindi, pensate: Come dovremmo misurare noi stessi?
What should our report card look like?	Cosa dovrebbero contenere le 'pagelle'?	<unk> dovrebbe essere il <unk> di <unk>?	Che cosa dovrebbero essere la nostra carta di porto?	Cosa dovrebbe essere il nostro rapporto di report?
Well, let's go out to where we really need to get, and then look at the intermediate.	Identifichiamo l'obiettivo,  e poi valutiamo i passi intermedi.	Beh, <unk> da dove abbiamo bisogno di <unk>, e poi guardate il <unk>.	Beh, andiamo a dove dobbiamo davvero arrivare, e poi guardare l'intermezzo.	Bene, andiamo da dove dobbiamo davvero arrivare, e poi guardate l'intermediato.
For 2050, you've heard many people talk about this 80 percent reduction. That really is very important, that we get there.	Avrete sentito molta gente parlare di una riduzione dell'80% per il 2050,  È davvero molto importante riuscirci.	Per <unk>, avete sentito molte persone parlano di questo 80%. E 'davvero importante, ci <unk>.	Per 2050, avete sentito molte persone parlano di questa riduzione 80 per cento di riduzione.	Per il 2050, avete sentito molte persone parlano di questa riduzione dell '80%. Questo è molto importante, che ci mettiamo.
And that 20 percent will be used up by things going on in poor countries, still some agriculture,	Il 20% sarà prodotto dalle nazioni povere,  e da un po' di agricoltura.	E che il 20% sarà <unk> da cose che <unk> nei paesi poveri, ancora qualche agricoltura.	E il 20 per cento si usano dalle cose di povero, ancora un'agricoltura.	E il 20% sarà usata per le cose nei paesi poveri, ancora qualche agricoltura.
hopefully we will have cleaned up forestry, cement.	A quel punto, si spera, avremo risolto la deforestazione e la produzione del cemento.	<unk> <unk> <unk>, <unk>.	Spera che avremmo ripulito di speranza.	Speriamo che avremo la foresta di cemento, cemento.
So, to get to that 80 percent, the developed countries, including countries like China, will have had to switch their electricity generation altogether.	Per arrivare all'80%, quindi,  le nazioni sviluppate, incluse nazioni come la Cina,  avranno dovuto sostituire completamente la loro produzione elettrica.	Quindi, per arrivare a quel 80%, i paesi <unk>, <unk> paesi <unk> come la Cina, avrà dovuto <unk> l'elettricità <unk>.	Quindi, per arrivare a quel 80 per cento, i paesi in via di sviluppo, inclusi come la Cina, deve passare la loro generazione elettricità.	Quindi, per arrivare a l '80%, i paesi sviluppati, inclusi nazionali come la Cina, avrà dovuto interruttare la loro generazione.
So, the other grade is: Are we deploying this zero-emission technology,	L'altra domanda è: stiamo realizzando questa tecnologia a emissioni zero?	L'altra <unk> è: stiamo <unk> questa tecnologia <unk>.	Quindi, l'altro grano è: Stiamo deplodere questa tecnologia.	Per cui l'altro è: "Spari di questa tecnologia di emissione.
have we deployed it in all the developed countries	L'abbiamo messa in pratica nelle nazioni sviluppate?	Lo abbiamo <unk> in tutti i paesi <unk>.	L'abbiamo diplosato in tutti i paesi in via di sviluppo.	Abbiamo impiegato in tutti i paesi sviluppati in tutti i paesi sviluppati.
and we're in the process of getting it elsewhere?	La stiamo diffondendo anche altrove?	E noi siamo nel processo di <unk>?	E noi siamo nel processo di ottenerlo?	E siamo nel processo di farcelo?
That's super important.	È un aspetto importantissimo.	E 'importante.	Questo è super importante.	È importante.
That's a key element of making that report card.	È un elemento chiave della pagella.	Questa è una <unk> chiave di creare quel <unk> <unk>.	Questo è un elemento chiave di rendere questa carta.	Questa è un elemento chiave di fare la cartina.
So, backing up from there, what should the 2020 report card look like?	Andando a ritroso, che aspetto dovrebbe avere la pagella del 2020?	Quindi, <unk> da lì, come dovrebbe <unk> la <unk> <unk>?	Quindi, schiacciando da lì, cosa dovrebbe essere il 2020 di rapporto?	Quindi, da lì da lì, da lì, cosa dovrebbe fare il riportare il 2020?
Well, again, it should have the two elements.	Anche quella dovrebbe avere gli stessi due aspetti.	Beh, di nuovo, dovrebbe avere i due elementi.	Beh, ancora, dovrebbe avere i due elementi.	Beh, ancora, dovrebbero avere due elementi.
We should go through these efficiency measures to start getting reductions:	Dovremmo implementare delle misure di efficienza per iniziare ad ottenere delle riduzioni.	<unk> <unk> questi <unk> <unk> per <unk> <unk>.	Dovremmo passare questi efficienti per iniziare a riduzione di ricevere le riduzioni.	Dovremmo passare attraverso l'efficienza di queste misurazioni efficienza.
The less we emit, the less that sum will be of CO2, and, therefore, the less the temperature.	Meno emettiamo, minore sarà la quantità totale di CO2,  e quindi la temperatura.	<unk> meno che <unk>, meno che <unk> sarà di CO2, e, quindi, le meno della temperatura <unk>.	Nel meno che non ci troviamo il CO2, e, quindi, meno la temperatura meno la temperatura.	Il meno che lo troviamo, i meno che la temperatura sia di CO2, e quindi, la temperatura meno la temperatura.
But in some ways, the grade we get there, doing things that don't get us all the way to the big reductions, is only equally, or maybe even slightly less, important than the other, which is the piece of innovation on these breakthroughs.	Ma il voto in questa materia,  fare cose che non comportano grandi riduzioni,  ha un peso solo pari, o perfino leggermente inferiore, all'altro,  che è la velocità dell'innovazione delle nuove invenzioni.	Ma in qualche modo, le <unk> che ci <unk>, facendo cose che non ci <unk> fino al grande <unk>, è solo <unk>, o forse anche meno importante dell'altra, che è l'altra, che è l'altra, che è l'altra, su queste <unk>.	Ma in alcuni modi, il grade che ci troviamo, facendo cose che non ci porta tutto il modo in cui le grandi riduzioni, è solo ugualmente, o forse anche più o meno, importante di quanto l'altro, che è il pezzo di innovazione su questi paesi.	Ma in qualche modo, la grade ci arrivano, facendo cose che non ci portano fino alle grandi riduzioni, è solo ugualmente, o magari anche leggermente più importante dell'altra, che è il pezzo di innovazione su queste sopportazioni.
These breakthroughs, we need to move those at full speed, and we can measure that in terms of companies, pilot projects, regulatory things that have been changed.	Dobbiamo spingere questi progressi a tutta velocità,  e possiamo misurare la velocità dal numero di aziende,  progetti pilota, modifiche di regolamenti.	Questi <unk>, dobbiamo <unk> a velocità <unk>, e possiamo misurare in termini di aziende, progetti <unk>, <unk> cose che sono <unk>.	Queste colpisce, abbiamo bisogno di spostare quei a veloce, e possiamo misurare che in termini di compagnie pilota, regolatorie che sono cambiate.	Questi respiratori, dobbiamo muoiono a velocità pieno, e possiamo misurare che in termini di aziende, ripete cose che sono cambiate.
There's a lot of great books that have been written about this.	Molti ottimi libri sono stati scritti al riguardo.	C'è un sacco di libri che hanno scritto.	C'è un sacco di libri che sono stati scritti.	Ci sono molti grandi libri che sono stati scritti.
The Al Gore book, "Our Choice" and the David McKay book, "Sustainable Energy Without the Hot Air."	Il libro di Al Gore, "La scelta",  e quello di David McKay, "Sustainable Energy Without the Hot Air."	Il libro <unk> <unk>, "Il nostro <unk>" e il <unk> David libro "<unk> <unk> <unk> il <unk> <unk>."	Il libro Al Gore, "Our Coce" e il David McKay, "Sustanziabile Inergy Withoce."	Il libro di Al Gore, il libro di Choice "e il libro di David McKay:" Sustantico Energia ".
They really go through it and create a framework that this can be discussed broadly, because we need broad backing for this.	Questi libri approfondiscono il problema e creano un contesto  nel quale svolgere il dibattito  perché queste cose necessitano di un sostegno diffuso.	<unk> davvero e creare una <unk> che può essere <unk> <unk>, perché abbiamo bisogno di <unk> <unk> per questo.	Hanno davvero passato e creano una struttura che possa discusso essere discusso, perché abbiamo bisogno di cattivo per questo.	Divano davvero e creare una framework che può essere discutti molto, perché abbiamo bisogno di framezionare per questo.
There's a lot that has to come together.	Molte cose devono avvenire contemporaneamente.	C'è molto da <unk> insieme.	C'è un sacco di tutto.	C'è molto che deve venire insieme.
So this is a wish.	Ho un desiderio, dunque.	E 'un desiderio.	Questo è un desiderio.	Questo è un desiderio.
It's a very concrete wish that we invent this technology.	Un desiderio molto concreto che inventeremo la tecnologia necessaria.	E 'un desiderio molto <unk> che <unk> questa tecnologia.	E 'un desiderio molto concreta che abbiamo inventato questa tecnologia.	E 'un desiderio molto concreto che abbiamo inventato questa tecnologia.
If you gave me only one wish for the next 50 years -- I could pick who's president, I could pick a vaccine, which is something I love, or I could pick that this thing that's half the cost with no CO2 gets invented -- this is the wish I would pick.	Se dovessi scegliere un solo desiderio per i prossimi 50 anni,  tra: poter scegliere il presidente del paese,  la realizzazione di un vaccino, cui pure tengo molto,  oppure realizzare questa cosa  che costa la metà e non produce CO2,  sceglierei quest'ultima.	Se mi <unk> solo un desiderio per i prossimi 50 anni, potrei scegliere chi è <unk>, potrei scegliere un <unk>, che è qualcosa che mi piace, o potrei scegliere che questa cosa da cui è la metà del costo che <unk>.	Se mi ha dato solo un desiderio per i prossimi 50 anni -- potrei scegliere un vaccino, che è un vaccino, che è qualcosa che adoro, o posso scegliere questa cosa che è metà il desiderio.	Se mi diate solo un desiderio per i prossimi 50 anni -- potrei scegliere il presidente, potrei scegliere un vaccino, che è qualcosa che amo, o potrei scegliere che questo è il desiderio che è il desiderio.
This is the one with the greatest impact.	Sarebbe quella col maggiore impatto.	Questo è quello con l'impatto più grande.	Questo è quello con il più grande impatto.	Questo è il più grande impatto.
If we don't get this wish, the division between the people who think short term and long term will be terrible, between the U.S. and China, between poor countries and rich, and most of all the lives of those two billion will be far worse.	Se questo desiderio non si realizzerà,  la frattura tra chi pensa a breve e chi a lungo termine,  tra gli Stati Uniti e la Cina, tra nazioni povere e ricche, sarà terribile,  e soprattutto, la vita di quei due miliardi di persone sarà di gran lunga peggiore.	Se non <unk> questo desiderio, il <unk> tra le persone che pensano <unk> il termine breve, tra gli USA e Cina, tra i poveri e i poveri tra i paesi ricchi e i <unk> di questi due miliardi saranno <unk>.	Se non ottiamo questo desiderio, la divisione tra le persone che pensano a breve termine e lungo terribili, tra gli Stati Uniti e Cina, tra i poveri e ricchi, e la maggior parte di tutte le vite di due miliardi.	Se non prendiamo questo desiderio, la divisione tra le persone che pensano breve termine e lungo termine sarà terribile, tra i paesi poveri e la Cina, tra i paesi poveri e ricchi, e la maggior parte delle vite di questi due miliardi di anni.
So, what do we have to do?	Cosa dobbiamo fare, dunque?	Cosa dobbiamo fare?	Quindi, cosa dobbiamo fare?	Quindi, cosa dobbiamo fare?
What am I appealing to you to step forward and drive?	In cosa vi sto invitando a prendere l'iniziativa e procedere?	Che cosa vi <unk> in avanti e guidare?	Che cosa sto settando per andare avanti e guidare?	Cosa sto appare per andare avanti e guidare?
We need to go for more research funding.	È necessario un maggiore sostegno alla ricerca.	Dobbiamo andare più <unk> più <unk>.	Dobbiamo andare per più di ricerca.	Abbiamo bisogno di andare più ricerca.
When countries get together in places like Copenhagen, they shouldn't just discuss the CO2.	Quando le nazioni si riuniscono in posti come Copenhagen,  non dovrebbero parlare solo di CO2.	Quando i paesi si <unk> in posti come <unk>, non dovrebbero solo <unk> la CO2.	Quando i paesi si riuniscono in posti come Copenhagen, non dovrebbero solo discutere il CO2.	Quando le nazioni si unirsi in posti come Copenhagen, non dovrebbero parlare la CO2.
They should discuss this innovation agenda, and you'd be stunned at the ridiculously low levels of spending on these innovative approaches.	Dovrebbero discutere anche il programma delle innovazioni,  e vi stupireste di quanto ridicolmente poco investiamo  in questi approcci innovativi.	<unk> <unk> questa innovazione, e <unk> <unk> a livello <unk> di <unk> questi <unk> <unk>.	Dovrebbero discutere quest'agenda innovazione, e sarebbero stati ridicoli a livelli di spendere da queste approccio innovativi.	Dovrebbero discutere l'innovazione di innovazione, e si ridicevano ai livelli a livelli di spendere su questi approcci innovativi.
We do need the market incentives -- CO2 tax, cap and trade -- something that gets that price signal out there.	Ci servono incentivi, tasse sulla CO2, il "cap and trade",  strumenti che evidenzino il costo dell'inquinamento.	Abbiamo bisogno del mercato di <unk> -- CO2 <unk>, <unk> e <unk> -- qualcosa che <unk> il prezzo là fuori.	Abbiamo bisogno del mercato di incentivi -- CO2, caduta e commerciale -- qualcosa che ottiene il segno.	Abbiamo bisogno del mercato degli incentivi di mercato - la CO2, tasse e trade -- qualcosa che si tratta di un prezzo.
We need to get the message out.	Dobbiamo diffondere il messaggio.	Dobbiamo <unk> il messaggio.	Dobbiamo ottenere il messaggio.	Dobbiamo ottenere il messaggio.
We need to have this dialogue be a more rational, more understandable dialogue, including the steps that the government takes.	Dobbiamo rendere questo dialogo più razionale e comprensibile,  e deve includere le scelte del governo.	Dobbiamo avere questo <unk> essere un <unk> più <unk>, più <unk> <unk>, <unk> i <unk> che il governo <unk>.	Dobbiamo avere questo dialogo essere un dialogo razionale, più comprensibile, compresi i passi che il governo.	Dobbiamo avere questo dialogo di un dialogo più razionale, più comprensibile, inclusa il governo.
This is an important wish, but it is one I think we can achieve.	È un desiderio impegnativo, ma credo realizzabile.	E 'un desiderio importante, ma credo che possiamo ottenere.	Questo è un desiderio importante, ma è uno penso che possiamo ottenere.	Questo è un desiderio importante, ma è una penso che possiamo ottenere.
Thank you.	Grazie.	Grazie.	Grazie.	Grazie.
Thank you.	Grazie.	Grazie.	Grazie.	Grazie.
Chris Anderson: Thank you. Thank you.	Chris Anderson: Grazie. Grazie.	Chris Anderson: Grazie. Grazie.	Chris Anderson: Grazie.	Chris Anderson: Grazie. Grazie.
Thank you. So to understand more about TerraPower, right --	Grazie. Solo per saperne di più su Terrapower, ecco...	Grazie.	Grazie. Allora per capire di più del TerraPower, proprio...	Grazie. Quindi per capire di TerraPower.
I mean, first of all, can you give a sense of what scale of investment this is?	prima di tutto, puoi darci un'idea della dimensione degli investimenti?	Voglio dire, prima di tutto, potete dare un senso di cosa <unk>?	Voglio dire, prima di tutto, potete dare un senso di ciò che è l'investimento?	Voglio dire, prima di tutto, puoi darvi un senso di cosa?
Bil Gates: To actually do the software, buy the supercomputer, hire all the great scientists, which we've done, that's only tens of millions, and even once we test our materials out in a Russian reactor to make sure that our materials work properly, then you'll only be up in the hundreds of millions.	Bill Gates: Realizzare il software, acquistare il supercomputer,  assumere tutti i grandi scienziati, cosa che già abbiamo fatto,  richiede solo decine di milioni,  e anche quando avremo testato i materiali in un reattore russo,  per essere sicuri che funzionino a dovere,  parleremo solo di centinaia di milioni.	<unk> <unk>: Per fare il software, <unk> il <unk>, <unk> tutti i grandi scienziati, che abbiamo fatto, questo è solo <unk> di milioni, e anche quando <unk> i nostri materiali in una <unk> <unk> per <unk> che i nostri materiali <unk>, allora <unk> solo in un <unk> di milioni di milioni.	Bil Gates: In effettivamente il software, comprano tutti i grandi scienziati, che abbiamo fatto, è solo decine di milioni, e anche una volta che testano i nostri materiali in un reattore russo per russo che i nostri materiali in un reattore russo per russo che i nostri materiali lavorano in centinaia di milioni.	Bil Gates: A fare il software, comprare il computer, che abbiamo fatto tutti i grandi scienziati, che abbiamo fatto, è solo decine di milioni, e persino una volta che abbiamo testiti i nostri materiali in un reattore russo per assicurarci che i nostri materiali funzionano in modo modo da essere sicuramente in centinaia di milioni.
The tough thing is building the pilot reactor; finding the several billion, finding the regulator, the location that will actually build the first one of these.	La cosa difficile è costruire il reattore pilota,  trovare svariati miliardi, l'autorità competente, il luogo  in cui verrà costruito il primo esemplare.	La cosa difficile è costruire le <unk> <unk>; trovare i <unk> miliardi, trovare i <unk>, la posizione che <unk> in effetti <unk> la prima di queste.	La cosa tasse è costruire il reattore di pilota; trovare i diversi miliardi, trovare il regolatore, la posizione che costruiranno il primo.	La cosa difficile difficile è costruire il riattore di rilettore, trovare il regolatore, la locazione che costruirà il primo di questi.
Once you get the first one built, if it works as advertised, then it's just clear as day, because the economics, the energy density, are so different than nuclear as we know it.	Una volta costruito il primo, se funziona come annunciato,  sarà l'uovo di Colombo, perché i costi, la densità di energia generata,  sono completamente diversi dal nucleare che conosciamo oggi.	Una volta che <unk> il primo <unk>, se funziona come <unk>, allora è <unk> come giorno, perché l'economia, l'energia <unk>, sono così diverse da quanto lo sappiamo.	Una volta che si trova la prima costruzione, se funziona come pubblicità, allora è chiaro come giorno, perché l'economia, la densità energetica, sono così diverso di quanto nucleare.	Una volta che si ottiene la prima costruita, se funziona come pubblicità, poi è chiaro come giorno, perché l'economia, la densità dell'energia, la densità di energia, sono così diverso da quello che conosciamo.
CA: And so, to understand it right, this involves building deep into the ground almost like a vertical kind of column of nuclear fuel, of this sort of spent uranium,	CA: Quindi, se capisco bene, questo implica la costruzione, ben sottoterra,  di un serbatoio verticale pieno di combustibile nucleare,  di questo tipo di uranio impoverito.	CA: E quindi, per <unk>, questo edificio <unk> profondo nel terreno come un <unk> di <unk> nucleare, come una specie di <unk> nucleare, di questo tipo di <unk> <unk>.	CA: E quindi, per capirlo giusto, l'edificio involge nel terreno come un verticale di combustibile nucleare, questo tipo di carburanio nucleare.	CA: E quindi, per capirlo proprio, questo coinvolge profondo come una colonna verticale come una colonna di combustibile nucleare, di questo tipo di colonio.
and then the process starts at the top and kind of works down?	Poi il processo comincia dall'alto e progredisce verso il basso?	E poi il processo comincia in alto e <unk>?	E poi il processo si comincia a in cima e funziona?	E poi il processo inizia in cima e come funziona?
BG: That's right. Today, you're always refueling the reactor, so you have lots of people and lots of controls that can go wrong: that thing where you're opening it up and moving things in and out,	BG: Giusto. I reattori, oggi, vengono riforniti continuamente,  molte persone, molti controlli che possono non funzionare,  aperture continue, cose che entrano ed escono...	<unk>: Questo è giusto. Oggi, <unk> sempre il <unk>, quindi avete molte persone e <unk> che possono andare <unk>: quella cosa in cui <unk> e <unk> le cose e <unk>.	BG: Questo è giusto. Oggi, si rifugiano sempre il reattore, quindi avete molte persone e molte controlli che possano sbagliate, che cosa dove si apriva e spostare.	BG: E 'giusto. Oggi vi rifugiati sempre il reattore, quindi ci sono molte persone e molti di controlli che possono andare in sbagliate: che cosa si aprono e si muovono le cose e via.
that's not good.	Non va bene!	Non è <unk>.	Non è bene.	non è buono.
So, if you have very cheap fuel that you can put 60 years in -- just think of it as a log -- put it down and not have those same complexities.	Se invece il combustibile è molto economico e puoi farne scorta per 60 anni  ,  mettilo dentro e dimenticati tutte quelle complessità.	Quindi, se c'è un <unk> <unk> che potete <unk> 60 anni -- <unk> a pensare come un <unk> -- <unk> e non hanno queste stesse <unk>.	Quindi, se hai un combustibile che si possa mettere 60 anni -- pensate come un blog -- lo mette giù e non hanno queste stesse complessità.	Quindi, se avete un combustibile molto economico che si può mettere a 60 anni -- lo pensate come una log, e non hanno queste stesse complessità.
And it just sits there and burns for the 60 years, and then it's done.	Resta lì, brucia per sessant'anni, e poi finisce.	E si <unk> lì e <unk> per i 60 anni, e poi lo <unk>.	Ed è solo là e brucia per i 60 anni, e poi è fatto.	Ed è solo lì e brucia per i 60 anni, e poi è stato fatto.
CA: It's a nuclear power plant that is its own waste disposal solution.	CA: Un impianto nucleare che fa da discarica di sé stesso!	CA: E 'una <unk> nucleare che è la sua soluzione di <unk> <unk>.	CA: E 'un pianta nucleare che è la sua soluzione disposiale.	CA: E 'una pianta nucleare che è la propria soluzione.
BG: Yeah. Well, what happens with the waste, you can let it sit there -- there's a lot less waste under this approach -- then you can actually take that, and put it into another one and burn that.	BG: Sì. Beh, i rifiuti  si possono lasciare lì   poi li si può prendere,  metterli in un altro reattore e bruciarli.	<unk>: Sì. Beh, cosa succede con i <unk>, potete <unk> lì -- c'è molto meno <unk> di questo approccio -- allora potete prendere in un altro e <unk>.	BG: Sì. Beh, quello che succede con le scarte, potete lasciarla, c'è molto meno sotto questo approccio, e lo raggiungerlo in un'altra e bruciare.	BG: Sì. Beh, quello che succede con i rifiuti, si può lasciare sedere lì -- c'è molto meno rifiuti in questo approccio, e lo mettete in un altro e brucia.
And we start off actually by taking the waste that exists today, that's sitting in these cooling pools or dry casking by reactors --	E inizieremo con i rifiuti già esistenti,  ora conservati in vasche di raffreddamento o in contenitori vicino ai reattori.	E <unk> da prendere le <unk> che esiste oggi, è seduto in queste <unk> <unk> o <unk> <unk> da <unk>.	E cominciamo a prendere le scoperte che esiste oggi, seduti oggi, è seduto in questi punti di coinvolgeranno i reattori.	E cominciamo a prendere i rifiuti che oggi esistono, questo è seduto a questi pozzi o cicare i reattori.
that's our fuel to begin with.	Saranno il nostro primo combustibile.	Questo è il nostro <unk> per cominciare.	Questo è il nostro combustibile per iniziare.	Questo è il nostro carburante per cominciare.
So, the thing that's been a problem from those reactors is actually what gets fed into ours, and you're reducing the volume of the waste quite dramatically as you're going through this process.	Quindi quello che era un problema dei reattori convenzionali  sarà il carburante dei nostri,  e il volume dei rifiuti si ridurrà in modo impressionante,  non appena questo processo sarà realtà.	Quindi, la cosa che è stato un problema di quelle <unk> è in realtà quello che si <unk> in <unk>, e <unk> il <unk> della <unk> <unk> come <unk>.	Quindi, la cosa che è stato un problema di quei reattori è quello che si rifiutano in noi, e stai riducendo il volume del volume di scaricare il volume del processo.	Quindi, la cosa che è stato un problema da questi reattori è quello che si è riunito nel nostro, e si sta riducendo il volume dei rifiuti del processo.
CA: I mean, you're talking to different people around the world about the possibilities here. Where is there most interest in actually doing something with this?	CA: Ma quando parli in giro per il mondo  del potenziale di questa tecnologia,  dove riscuoti maggior interesse alla sua realizzazione?	CA: <unk>, stai parlando con diverse persone in tutto il mondo, dove c'è l'interesse per fare qualcosa?	CA: Voglio dire, state parlando con diverse persone nel mondo delle possibilità qui, dove c'è più interesse a fare qualcosa con questo?	CA: Voglio dire, stai parlando con diverse persone in tutto il mondo sulle possibilità, dove c'è più interesse a fare qualcosa?
BG: Well, we haven't picked a particular place, and there's all these interesting disclosure rules about anything that's called "nuclear," so we've got a lot of interest,	BG: Beh, non c'è un posto in particolare,  e ci sono tutte queste interessanti regole di trasparenza su tutto ciò che è definito nucleare,  quindi riscuotiamo molto interesse.	<unk>: Beh, non abbiamo <unk> un posto particolare, e ci sono tutte queste regole interessanti su qualsiasi cosa che si chiama "nucleare, quindi abbiamo molto interesse.	BG: Beh, non abbiamo scelto un luogo particolare, e c'è tutte queste regole interessanti su qualsiasi cosa chiamato nucleare "nucleare", quindi abbiamo molto interesse.	BG: Beh, non abbiamo scelto un posto in particolare, e c'è tutte queste regole interessanti di qualcosa che si chiama "nucleare, quindi abbiamo molto interesse.
that people from the company have been in Russia, India, China --	Il nostro staff è stato in Russia, India, Cina.	che la gente della azienda è stata in <unk>, in India, Cina.	Ciò che le persone dalla compagnia sono stati in Russia, India, Cina...	La gente dell'azienda è stato in Russia, India, la Cina...
I've been back seeing the secretary of energy here,	Ho appena incontrato il Segretario per l'Energia.	Ho <unk> la <unk> dell'energia.	Sono tornato indietro di energia qui.	Sono tornato a vedere il segretario dell'energia.
talking about how this fits into the energy agenda.	Abbiamo parlato di come quest'idea si adatti all'attuale programma.	<unk> di come questa <unk> nell'energia <unk>.	Parliamo di come questo caduta nell'agenda di energia.	Parliamo di come si trova in un agenda dell'energia.
So I'm optimistic. You know, the French and Japanese have done some work.	Sono ottimista. Francesi e giapponesi hanno fatto del lavoro in questo campo.	Sono <unk>. Sapete, i <unk> e i <unk> hanno fatto un lavoro.	Quindi sono ottimista. Sapete, il francese e il Giapponese hanno fatto del lavoro.	Sono ottimimisti. Sapete, i francesi e giapponesi hanno fatto qualche lavoro.
This is a variant on something that has been done.	È una variazione su qualcosa che è già stato fatto.	Questo è un <unk> su qualcosa che è stato fatto.	Questa è una variante su qualcosa che è stato fatto.	Questa è una variante su qualcosa che è stato fatto.
It's an important advance, but it's like a fast reactor, and a lot of countries have built them, so anybody who's done a fast reactor is a candidate to be where the first one gets built.	Si tratta di un miglioramento sostanziale ma è un tipo di reattore veloce,  che molte nazioni hanno già costruito,  quindi chiunque abbia già costruito un reattore veloce è un buon candidato ad accogliere il nostro.	E 'un <unk> importante, ma è come un <unk> veloce, e molti paesi hanno <unk>, quindi chiunque abbia fatto un <unk> veloce è un <unk> dove il primo <unk>.	E 'un avanzo importante, ma è come un reattore veloce, e molti Paesi hanno costruito un reattore veloce, quindi qualcuno che ha fatto un reattore veloce è un candidato per essere dove i primi costruiti.	E 'un vantaggio importante, ma è come un reattore in fretta, e molti paesi li hanno costruiti, quindi chiunque che ha fatto un reattore è un candidato che il primo si costruisce.
CA: So, in your mind, timescale and likelihood of actually taking something like this live?	CA: A tuo avviso, quali sono i tempi e la probabilità  che una cosa del genere si realizzi?	CA: Quindi, nella vostra mente, <unk> e <unk> di prendere qualcosa del genere?	CA: Allora, nella tua mente, la stima e likelihi del genere?	CA: Quindi, nella tua mente, la stima e l'elio di fatto di fare qualcosa come questo?
BG: Well, we need -- for one of these high-scale, electro-generation things that's very cheap, we have 20 years to invent and then 20 years to deploy.	BG: Beh, per uno di questi progetti a scala intera, che produce energia,  che non costa molto,  parliamo di 20 anni per progettarlo e 20 per costruirlo.	<unk>: Beh, abbiamo bisogno di -- per una di queste <unk>, <unk> che è molto <unk>, abbiamo 20 anni per <unk> e poi 20 anni.	BG: Beh, abbiamo bisogno -- per una di queste cose ad alta scala generazione, elettro-generazione che è molto economico, abbiamo 20 anni a inventare e 20 anni per la piezza.	BG: Bene, abbiamo bisogno -- per una di queste dimensioni, le elettro-generazione che è molto economico, abbiamo 20 anni e poi 20 anni a disposizione.
That's sort of the deadline that the environmental models have shown us that we have to meet.	È questa la scadenza che i modelli ambientali  dimostrano essere tassativa.	E 'una specie di <unk> che i modelli <unk> ci hanno mostrato che dobbiamo <unk>.	E 'una sorta di morire che i modelli ambientali hanno mostrato che dobbiamo incontrare.	Questa è una specie di dimostra che i modelli ambientali ci hanno mostrato che dobbiamo incontrare.
And, you know, TerraPower, if things go well -- which is wishing for a lot -- could easily meet that.	Terrapower, se tutto procede bene, che non e' chieder poco,  potrebbe facilmente soddisfare questo obiettivo.	E, sapete, <unk>, se le cose vanno bene -- che è <unk> per molti <unk>.	E, sapete, TerraPower, se le cose vanno bene -- che sta spingendo un sacco.	E, sapete, Terrafie, se le cose -- che è la pesca per molti -- potrebbe facilmente incontrarlo.
And there are, fortunately now, dozens of companies -- we need it to be hundreds -- who, likewise, if their science goes well, if the funding for their pilot plants goes well, that they can compete for this.	E ora ci sono, fortunatamente, dozzine di aziende nel settore,    che analogamente, se la loro ricerca funziona,  se i finanziamenti per i loro impianti pilota saranno erogati,  potranno competere.	E ci sono, <unk>, ora, <unk> di aziende -- abbiamo bisogno di essere centinaia -- che, se la scienza va bene, se i <unk> per le loro piante <unk> bene, che possono <unk> per questo.	E ci sono, fortunatamente, dozzine di compagnie -- dobbiamo essere centinaia di compagnie, che se la loro scienza va va bene, se la loro scienza va bene, se il finanziamento per il loro piloti, che possono compete per questo.	E ci sono, fortunatamente, ora, dozzine di aziende che abbiamo bisogno di essere centinaia, che, se la scienza va bene, se il finanziamento per le loro piante va va bene, che possono competizione.
And it's best if multiple succeed, because then you could use a mix of these things.	Ed è meglio se molte soluzioni avranno successo,  perché a quel punto si potrà ricorrere ad un insieme di soluzioni.	Ed è meglio se <unk> <unk> <unk>, perché si potrebbe usare una <unk> di queste cose.	Ed è migliore se moltissimo successo, perché poi si può usare un mix di queste cose.	Ed è meglio se multipli successo, perché poi si può usare un mix di queste cose.
We certainly need one to succeed.	E' necessario che almeno una abbia successo.	Abbiamo bisogno di un <unk>.	Noi certamente abbiamo bisogno di un successo.	Ne abbiamo bisogno di un successo.
CA: In terms of big-scale possible game changes, is this the biggest that you're aware of out there?	CA: Parlando di innovazioni importanti, rivoluzionarie,  questa è la più grande che tu conosca?	CA: In termini di <unk> di giochi <unk>, è questo il più grande che sei là fuori?	CA: In termini di gioco big-scala, è questo il più grande che siete fuori?	CA: In termini di semplici cambi, è questo il più grande che vi consapevoli?
BG: An energy breakthrough is the most important thing.	BG: Una rivoluzione energetica è la cosa più importante.	<unk>: Una <unk> <unk> è la cosa più importante.	BG: L'energia energetica è la cosa più importante.	BG: BG: l'energia energetica è la cosa più importante.
It would have been, even without the environmental constraint, but the environmental constraint just makes it so much greater.	Lo sarebbe stata anche senza i vincoli ambientali,  ma i vincoli ambientali la rendono davvero molto più importante.	Sarebbe stato, anche senza l' <unk> <unk>, ma l' <unk> <unk> lo rende molto più grande.	Sarebbe stato, anche senza il costo ambientale, ma l'ambiente ambientale, ma l'ambiente ambientale solo rende molto più grande.	Sarebbe stato, persino senza il constrato ambientalisti, ma il constrano ambientali.
In the nuclear space, there are other innovators.	Nel ramo del nucleare ci sono altri innovatori.	<unk> lo spazio <unk>, ci sono altre <unk>.	Nel nucleare, ci sono altri innovatori.	Nel nucleare, ci sono altri innovatori.
You know, we don't know their work as well as we know this one, but the modular people, that's a different approach.	Non conosciamo il loro lavoro bene come questo,  ma uno è il nucleare "modulare", un approccio diverso.	Sapete, non sappiamo il loro lavoro così come sappiamo questo, ma le persone <unk>, è un approccio diverso.	Sapete, non sappiamo il loro lavoro come lo sappiamo, ma le persone modulari, questo è un approccio diverso.	Sapete, non sappiamo il loro lavoro come sappiamo questa, ma la gente modalità, è un approccio diverso.
There's a liquid-type reactor, which seems a little hard, but maybe they say that about us.	C'e' un reattore a liquido. Mi sembra difficile da realizzare, ma forse  loro dicono la stessa cosa di noi.	C'è una <unk> <unk>, che sembra una piccola <unk>, ma forse ci dicono.	C'è un reattore di liquid-tipo, che sembra un po 'difficile, ma forse dicono che ci dicono.	C'è un reattore di un tipo reattore, che sembra un po 'difficile, ma forse dicono di questo.
And so, there are different ones, but the beauty of this is a molecule of uranium has a million times as much energy as a molecule of, say, coal, and so -- if you can deal with the negatives, which are essentially the radiation -- the footprint and cost, the potential, in terms of effect on land and various things, is almost in a class of its own.	Ce ne sono diversi, dunque,  ma il bello è che una molecola di uranio  sprigiona un milione di volte più energia di una molecola di, diciamo, carbone  quindi, se riesci a gestire gli aspetti negativi  , il potenziale,  in termini di effetti sull'ambiente ed altro,  ne fa quasi una classe a sé stante.	E quindi, ci sono differenti, ma la bellezza di questa è una <unk> di <unk> ha un milione di volte di volte molto energia di energia, diciamo, <unk>, e quindi -- se si può fare con i <unk>, che sono essenzialmente il <unk>, il potenziale, in una classe di tutto sulla terra e varie cose, è in una classe.	E quindi, ci sono diverse, ma la bellezza di questa è una molecola di uranio ha un milione di volte più energia come una molecola di energia come una molecola di energia, diciamo, il carbone, e se riuscite a fare con i negativi, che sono sostanzialmente la radiazione -- l'impronta e costano, il potenziale, in termini di cose quasi in un classe del suo.	Ci sono diverse, ma la bellezza di questa è una molecola di questo è una molecola di uranio ha un milione di volte più energia come una molecola di energia come di una molecola di queste negative, che sono essenzialmente la radiazione, che sono essenzialmente la radiazione, il potenziale, in termini di effetto sulla terra e varie cose, sono quasi in una classe di loro.
CA: If this doesn't work, then what?	CA: E se non funziona, cosa facciamo?	CA: Se questo non funziona, allora cosa?	CA: Se non funziona, allora?	CA: Se questo non funziona, allora cosa?
Do we have to start taking emergency measures to try and keep the temperature of the earth stable?	Non dovremmo forse iniziare ad adottare misure di emergenza  per cercare di mantenere la temperatura terrestre stabile?	Dobbiamo iniziare a prendere i <unk> <unk> per provare a <unk> la temperatura della terra <unk>?	Dobbiamo iniziare a portare l'emergenza di emergenza per provare la temperatura della terra stabile?	Dobbiamo iniziare a prendere la emergenza di misura emergenza per cercare di mantenere la temperatura della terra.
BG: If you get into that situation, it's like if you've been over-eating, and you're about to have a heart attack:	BG: Se ti trovi in quella situazione,  è un po' come quando hai mangiato troppo, e stai per avere un attacco cardiaco.	<unk>: Se <unk> in quella situazione, è come se siete stati <unk>, e dovete avere un attacco di cuore.	BG: Se entrate in quella situazione, è come se siete stati in quella situazione, e dovete avere un attacco di cuore.	BG: Se vi entrate in quella situazione, è come se siete stati sovrapporti, e siete di avere un attacco di cuore.
Then where do you go? You may need heart surgery or something.	Dove vai a quel punto? Potresti aver bisogno di un chirurgo o qualcosa di simile.	E allora dove <unk>? Forse avete bisogno di cuore <unk> o qualcosa del genere.	Poi dove vai? Avete bisogno di cuore o qualcosa.	Poi dove vai? Puoi bisogno di interventi cardiaci o o qualcosa di qualcosa.
There is a line of research on what's called geoengineering, which are various techniques that would delay the heating to buy us 20 or 30 years to get our act together.	C'è tutta una linea di ricerca sulla cosiddetta geoingegneria,  che sono varie tecniche che rallenterebbero il riscaldamento  facendoci guadagnare 20 o 30 anni nei quali coordinare l'azione.	C'è una linea di ricerca su ciò che è chiamato <unk>, che <unk> i <unk> per <unk> i 20 o 30 anni per <unk> il nostro atto.	C'è una linea di ricerca su quello che si chiama geoingegneria, che sono varie tecniche che si risolvano il calore per comprare 20 o 30 anni per ottenere il nostro atto insieme.	C'è una linea di ricerca su quello che si chiama geoingegneria, che sono vari tecniche che che si sarebbe voluto comprare 20 o 30 anni per ottenere il nostro posto.
Now, that's just an insurance policy.	È come stipulare una polizza assicurativa.	Ora, è solo una politica <unk>.	Ora, questo è solo una poliziana.	Ora, questa è solo una politica di assicurazione.
You hope you don't need to do that.	Speri di non averne bisogno.	<unk> che non c'è bisogno di farlo.	Spero che non avete bisogno di farlo.	Spero che non hai bisogno di farlo.
Some people say you shouldn't even work on the insurance policy because it might make you lazy, that you'll keep eating because you know heart surgery will be there to save you.	Alcuni dicono che non si dovrebbe nemmeno lavorare alla polizza  perché ti potrebbe impigrire,  facendoti continuare a mangiare perché tanto il chirurgo ti salverà.	Alcune persone dicono che non <unk> mai lavorare sulla politica <unk> perché potrebbe <unk>, che <unk> <unk> perché <unk> che <unk> il cuore sarà lì per <unk>.	Alcune persone dicono che non dovreste lavorare sulla polizia perché potrebbero farvi leggerete, che mantenerà perché conoscete la chirurgia 'lì per salvarvi.	Qualcuno dice che non dovreste nemmeno lavorare sulla politica di assicurazione perché potrebbe farvi un lancio, che ti mantenete a mangiare perché sapete l'intervento di cuore chirurgico sarà lì per risparmiare.
I'm not sure that's wise, given the importance of the problem, but there's now the geoengineering discussion about -- should that be in the back pocket in case things happen faster, or this innovation goes a lot slower than we expect?	Non penso sia una scelta saggia, vista l'importanza del problema,  ma ora nell'ambito della geoingegneria ci si chiede  se serva tenere pronte delle soluzioni nel caso in cui gli eventi precipitino,  o le innovazioni arrivino più tardi del previsto.	Non sono sicuro che questo sia <unk>, <unk> la <unk> del problema, ma ora c'è la <unk> <unk> -- dovrebbe essere nel <unk> indietro nel <unk> delle cose <unk>, o quest'innovazione <unk> molto più <unk> di quanto ci <unk>?	Non sono sicuro che non sono sicuro, dato l'importanza del problema, ma c'è il momento di geoingegneria -- dovrebbero essere nel settore di scorso, o questa innovazione va molto più velocemente, o questa innovazione va molto più veloce, o questa innovazione va molto più veloce, o questa innovazione va molto più veloce, o questa innovazione va molto più velocemente, o questa innovazione va molto più velocemente, o questa innovazione va molto più veloce, o questa innovazione va molto più più velocemente, o questa innovazione va molto più veloingegneria?	Non sono sicuramente sicuramente, dato l'importanza del problema, ma ora c'è la geoingegneria di discussione -- dovrebbero essere nella geoingegneristica, o questa innovazione va molto più lenta di quanto ci si aspettano?
CA: Climate skeptics: If you had a sentence or two to say to them, how might you persuade them that they're wrong?	CA: Clima-scettici: se avessi una frase o due da dir loro,  come potresti persuaderli che hanno torto?	CA: <unk> <unk>: Se <unk> un <unk> o due da dire, come potrebbe <unk> che sono <unk>?	CA: CA: Con scettici: Se avete una frase o due per dire, come potreste persuadere che sono sbagliati?	CA: Climate gli scettici: Se aveste una frase o due per dire di loro, come si può perseguirli?
BG: Well, unfortunately, the skeptics come in different camps. The ones who make scientific arguments are very few.	BG: Beh, purtroppo ci sono diversi tipi di scettici  e quelli che avanzano argomenti scientifici sono molto pochi.	<unk>: Beh, <unk>, i <unk> vengono in diverse <unk>.	BG: Beh, sfortunatamente, i scettici arrivano in diversi, quelli che fanno argomenti scientifici sono molto pochi.	BG: Beh, sfortunatamente, i scettici arrivano in diversi campi. Quelli che fanno argomenti scientifici.
Are they saying that there's negative feedback effects that have to do with clouds that offset things?	Alcuni dicono che c'è un feedback negativo  grazie alle nuvole che smorzano gli effetti del riscaldamento.	<unk> che ci sono <unk> <unk> <unk> che hanno a che fare con <unk> che <unk> le cose?	Stanno dicendo che c'è bisogno di effetti nuvole che hanno a che fare con le nuvole che le cose offrire?	Dicono che ci sono caratteri negativi negativi che hanno a che fare con le nuvole che le cose?
There are very, very few things that they can even say there's a chance in a million of those things. The main problem we have here, it's kind of like AIDS.	Sono molto, molto poche le cose su cui si possa anche solo dire  che ci sia una probabilita' su un milione che si avverino  Qui il problema principale assomiglia all'AIDS.	Ci sono <unk>, <unk> cose che possono anche dire che c'è la possibilità in un milione di queste cose. Il problema principale che abbiamo qui, è un po 'come l'AIDS.	Ci sono pochissimi cose che possono anche dire che c'è una possibilità in un milione di queste cose. Il problema è come l'AIDS.	Ci sono molto, poche cose possono anche dire che c'è una possibilità in un milione di queste cose. Il problema principale che abbiamo qui, è come l'AIDS.
You make the mistake now, and you pay for it a lot later.	Commetti un errore ora e ne paghi le conseguenze solo molto dopo.	<unk> il <unk> ora, e <unk> per molto più tardi.	Fai l'errore errore, e pagate per molto più tardi.	Prendete l'errore, e pagate per molto più tardi.
And so, when you have all sorts of urgent problems, the idea of taking pain now that has to do with a gain later,	E quindi, quando sei pressato da mille emergenze,  l'idea di fare sacrifici di cui vedrai i risultati solo dopo...	E quindi, quando abbiamo ogni sorta di problemi di <unk>, l'idea del dolore che ha a che fare con un <unk> più tardi.	E così, quando avete ogni sorta di problemi urgente, l'idea di prendere il dolore ora che ha a che fare con un dolore.	E quindi, quando ci sono tutti i problemi urgenti, l'idea del dolore ora ora che deve fare con un dolore più tardi.
and a somewhat uncertain pain thing --	sacrifici per giunta non ben noti.	E una cosa <unk> <unk>.	E una cosa incerta dolore.	E in qualche modo incerto.
in fact, the IPCC report, that's not necessarily the worst case, and there are people in the rich world who look at IPCC and say, "OK, that isn't that big of a deal."	In effetti, il rapporto dell'IPPC non prospetta necessariamente il caso peggiore;  c'è gente nel mondo ricco che guarda all'IPPC  e dice: ok, non è poi cosi' male.	In effetti, il rapporto <unk>, non è <unk> il <unk> <unk>, e ci sono persone nel mondo ricchi che <unk> <unk> e dire: "Ok, non è così grande di un <unk>".	In effetti, il rapporto IPCC, non è necessariamente il peggiore, e ci sono persone nel mondo ricchi che guardano l'IPCC e dicono: "Ok, non è che grande un grosso."	In effetti, il rapporto IPCC, non è necessariamente il caso peggio, e ci sono persone nel mondo ricco che guardate l'IPCC e dire: "OK, non è grande di un affatto."
The fact is it's that uncertain part that should move us towards this.	Il fatto è che proprio quell'incertezza dovrebbe spingerci all'azione.	Il fatto è che <unk> parte che <unk> che ci dovrebbe <unk>.	Il fatto è che è che non ci dovrebbe muovere verso questo.	Il fatto è che si dovrebbe spostarci verso questo.
But my dream here is that, if you can make it economic, and meet the CO2 constraints, then the skeptics say, "OK, I don't care that it doesn't put out CO2, I kind of wish it did put out CO2, but I guess I'll accept it because it's cheaper than what's come before."	Ma il mio sogno è che, se riusciamo a realizzarlo economicamente,  e a rispettare i vincoli sulla CO2,  allora gli scettici diranno: ok,  non mi importa se non emette CO2,  quasi preferirei che ne emettesse,  ma lo accetterò perché è più economico delle tecnologie precedenti.	Ma il mio sogno è che, se si può <unk> economico, e <unk> la CO2, allora i <unk> dicono: "OK, non mi <unk> che non ci <unk> che <unk> la CO2, ma credo che lo <unk> perché è <unk> quello che è <unk> prima."	Ma il mio sogno è che, se riuscite a renderlo economico, e incontrare i diretti CO2, poi gli scettici dicono: "Ok, non mi metterò la CO2, ho fatto che non lo metterò CO2, ma penso che accettano perché è più economico."	Ma il mio sogno qui è che, se riuscite a renderlo economico, e incontro i constretti di CO2, poi le scettici dicono: "OK, non mi interessa la CO2, mi piacerebbe mettere fuori il CO2, ma credo che lo accetterò perché è più economico di quello che viene prima".
CA: And so, that would be your response to the Bjorn Lomborg argument, that basically if you spend all this energy trying to solve the CO2 problem, it's going to take away all your other goals of trying to rid the world of poverty and malaria and so forth, it's a stupid waste of the Earth's resources to put money towards that when there are better things we can do.	CA: Sarebbe questa la tua risposta al ragionamento di Bjorn Lomborg,  che se investi tutte le tue energie cercando di risolvere il problema della CO2,  i tuoi altri obiettivi , saranno sacrificati,  E che metterci del denaro, quando ci sono cose migliori da fare, significa  sprecare risorse in modo stupido?	CA: E quindi, sarebbe la tua risposta alla <unk> <unk> <unk>, che in pratica, se <unk> tutta questa energia cercando di risolvere il problema della CO2, <unk> di povertà e così via, è una <unk> <unk> di <unk> il mondo della povertà e così via, è una <unk> <unk> di risorse per cui ci sono <unk>.	CA: E quindi, questo sarebbe la vostra risposta al Bjorn Lomborg, che in pratica se spende tutta questa energia che cercano di risolvere il problema di CO2, toglierà via tutti i vostri obiettivi di malaria e e così via, si tratta di uno stupidi di povertà e la malaria e così via, è uno stupidi di di le risorse che possiamo fare.	CA: E questo sarebbe la vostra risposta al mondo della povertà di Bjorn Lomborg, che sostanzialmente se spendete tutto questo energia che cerca di risolvere il problema della CO2, si spendono tutti gli altri obiettivi che cercano di riparare il mondo della povertà e malaria e così via, è una rifiuto stupida della Terra che ci sono cose meglio meglio possiamo fare.
BG: Well, the actual spending on the R&amp;D piece --	BG: Beh, la spesa effettiva in ricerca e sviluppo...	<unk>: Beh, il vero <unk> sul <unk> <unk> <unk>; <unk> <unk>.	BG: Beh, il spendendo sull'R & amp; amp; D...	BG: Beh, lo spendendo sulla ricerca & amp; D.
say the U.S. should spend 10 billion a year more than it is right now -- it's not that dramatic.	diciamo che gli U.S.A dovrebbero spendere 10 miliardi in più di quanto facciano ora  non è così ingente.	<unk> che gli USA dovrebbero <unk> 10 miliardi all'anno in più di quanto è ora, non è così <unk>.	Dicono che gli Stati Uniti dovrebbe spendere 10 miliardi un anno più di quanto è ora -- non è quella drammatica.	dicono che gli Stati Uniti dovrebbero spendere 10 miliardi all'anno più di quanto ora -- non è quella drammatico.
It shouldn't take away from other things.	Non dovrebbe distrarre risorse destinate ad altri scopi.	Non <unk> <unk> da altre cose.	Non dovrebbe portare da altre cose.	Non si dovrebbe tirarsi da altre cose.
The thing you get into big money on, and this, reasonable people can disagree, is when you have something that's non-economic and you're trying to fund that --	Le cose che comportano molto denaro, e qui anche gente ragionevole potrebbe dissentire,  sono i finanziamenti a soluzioni anti-economiche.	La cosa che si <unk> i soldi, e le persone <unk> possono <unk>, è che quando hai qualcosa che è <unk> e <unk> di <unk>.	La cosa che si arriva denaro, e questo, la ragionevole possono disaccordo, è quando avete qualcosa di non economico e tentando.	La cosa che si entra in grandi soldi, e questo, le persone ragionevoli possono disaccordo, è che quando c'è qualcosa di non economico e stai cercando di fondi.
that, to me, mostly is a waste.	Per me è soprattutto quello, lo spreco.	<unk>, per me, per lo più è un <unk>.	Ciò, per me, soprattutto è un pezzo.	Questo, per me, la maggior parte è un rifiuto.
Unless you're very close and you're just funding the learning curve and it's going to get very cheap, I believe we should try more things that have a potential to be far less expensive.	A meno che tu non stia finanziando la curva di apprendimento, avvicinandoti al punto  in cui diventerà molto economico,  credo che gli sforzi vadano concentrati in tecnologie che hanno il potenziale  di abbassare drasticamente i costi.	<unk> che siete molto <unk> e <unk> l' <unk> <unk> e <unk> molto <unk>, credo che dovremmo provare di più cose che hanno un potenziale <unk>.	A meno che siete molto vicini e voi stai finanziamenti dell'apprendimento, credo che dovremmo provare di più cose che hanno un potenziale di essere molto meno costoso.	A meno che siete molto vicini e stai semplicemente finanziamenti l'apprendimento e 'molto economico, credo che dovremmo provare più cose che abbiano un potenziale per essere molto meno costoso.
If the trade-off you get into is, "Let's make energy super expensive," then the rich can afford that. I mean, all of us here could pay five times as much for our energy and not change our lifestyle.	Se l'alternativa fosse: "rendiamo l'energia costosissima,  in modo che solo i ricchi possano permettersela",  tutti i presenti possono permettersi di pagare l'energia cinque volte tanto  senza cambiare stile di vita.	Se il <unk> <unk> è: "<unk> energia <unk>" <unk> <unk> ", allora i <unk> <unk> a <unk>. Voglio dire, tutti noi qui, potrebbe pagare 5 volte più per la nostra energia e non <unk> i nostri <unk>.	Se il trtraprere è: "Facciamo l'energia super costoso costoso, allora il ricco può permetterlo. Voglio dire, tutti, tutti noi qui potrebbero pagare cinque volte quanto per la nostra energia e non cambiano la nostra vita.	Se il trapite è: "Fandiamo a super estrarre energia a costosa, allora il ricco può permetterlo. Voglio dire, tutti noi qui potrebbe pagare cinque volte più per la nostra energia e non cambiare il nostro stile di vita.
The disaster is for that two billion.	Il disastro sarebbe per quei due miliardi.	Il <unk> è per due miliardi.	Il disastro è per questo che due miliardi.	Il disastro è che due miliardi.
And even Lomborg has changed.	Ed anche Lomborg ha rivisto le sue posizioni.	E anche <unk> <unk> è cambiato.	E persino Lomborg ha cambiato.	E anche Lomborg ha cambiato.
His shtick now is, "Why isn't the R&amp;D getting more discussed?"	Il suo argomento ora è: "Perché non si sta discutendo di più di Ricerca e Sviluppo?"	Il suo <unk> ora è: "Perché non è il <unk> <unk> <unk>; <unk> più <unk>?"	Suo ora è: "Perché non è la ricerca e sviluppare più discusso?"	La sua stretta ora è: "Perché non è la sua ricerca & amp; lp; si parla di D?"
He's still, because of his earlier stuff, still associated with the skeptic camp, but he's realized that's a pretty lonely camp, and so, he's making the R&amp;D point.	Per il suo passato  ancora lo si colloca tra gli "scettici",  ma ha capito che è un gruppo abbastanza ristretto,  e quindi sta sollevando la questione della Ricerca e Sviluppo.	E 'ancora, a causa della sua roba, ancora <unk> con il <unk> <unk>, ma è <unk> conto che è un <unk> piuttosto <unk>, e quindi, sta facendo il <unk> <unk> <unk>, <unk>.	E 'ancora, a causa della sua roba, ancora associata con il campo scettico scettico, ma ha reso conto che è un campo, e quindi, sta rendendo la ricerca e così via.	E 'ancora, grazie alle sue cose orecchie, ancora associate con il campo scettico, ma ha capito che è un campo abbastanza campo, e quindi, sta facendo il punto di D e sviluppo.
And so there is a thread of something that I think is appropriate.	Ed è una questione che penso sia appropriato sollevare.	E quindi c'è una <unk> di qualcosa che penso sia <unk>.	E quindi c'è una minaccia di qualcosa che penso sia appropriato.	Quindi c'è una leggera di qualcosa che credo sia appropriato.
The R&amp;D piece, it's crazy how little it's funded.	È incredibile quanto poco si investa in ricerca e sviluppo.	Il <unk> <unk> <unk>; <unk> <unk>, è <unk> quanto poco <unk>.	Gli R & amp; D, e D, è pazzo di finanzia.	La R & amp; D pezzo D, è folle.
CA: Well Bill, I suspect I speak on the behalf of most people here to say I really hope your wish comes true. Thank you so much.	CA: Beh Bill, credo proprio di parlare a nome delIa maggioranza del pubblico  dicendo che spero di vedere il tuo desiderio diventare realtà. Grazie.	CA: Beh, Bill, <unk> che ho parlato della maggior parte delle persone qui per dire che spero di essere <unk> <unk>. Grazie mille.	CA: Beh, mi sospetto che io parla sulla commezza delle persone qui per dire che speranza il vostro desiderio. Grazie mille.	CA: Bene, Bill, sospetto che parlo della maggior parte delle persone qui per dire che spero davvero il vostro desiderio sia vero. Grazie mille.
BG: Thank you.	BG: Grazie.	<unk>: Grazie.	BG: Grazie.	BG: Grazie.
I'd like to share with you a discovery that I made a few months ago while writing an article for Italian Wired.	Vorrei condividere con voi una scoperta che ho fatto qualche mese fa  mentre stavo scrivendo un articolo per la rivista italiana Wired.	Vorrei condividere con voi una scoperta che ho fatto qualche mese fa mentre <unk> un articolo per <unk> <unk>.	Vorrei condividere con voi una scoperta che ho fatto qualche mese fa mentre scrittura un articolo per l'articolo Italiana.	Vorrei condividere con voi una scoperta che ho fatto alcuni mesi fa mentre scrivere un articolo per la Wired.
I always keep my thesaurus handy whenever I'm writing anything, but I'd already finished editing the piece, and I realized that I had never once in my life looked up the word "disabled" to see what I'd find.	Ho sempre il mio dizionario dei sinonimi a portata di mano ogni volta che scrivo qualcosa,  ma avevo già finito di correggere l' articolo  ed ho realizzato che non ho mai nella mia vita  cercato la parola "disabile" per vedere cosa avrei trovato.	<unk> sempre il mio <unk> <unk> <unk> che ho scritto qualcosa, ma ho già finito di <unk> il pezzo, e mi <unk> conto che non avevo mai <unk> nella mia vita <unk> "per vedere quello che avrei trovato.	Vengo sempre il mio testino qualsiasi volta che sto scrivendo qualsiasi cosa trovo, ma già scritto di finire il pezzo, e ho capito che non avevo mai fatto una volta nella mia vita guardando la parola "disablato" per vedere cosa trovo.	Io mantengo sempre il mio esaurus a mano quando sto scrivendo qualcosa, ma ho già finito di editare il pezzo, e mi sono resi conto che non avevo mai una volta nella mia vita guardata la parola "disabili" per vedere quello che ho trovato.
Let me read you the entry.	Lasciate che vi legga il risultato.	<unk> che vi <unk> il <unk>.	Lasciatemi leggi.	Lasciate che vi leggete il nemico.
"Disabled, adjective: crippled, helpless, useless, wrecked, stalled, maimed, wounded, mangled, lame, mutilated, run-down, worn-out, weakened, impotent, castrated, paralyzed, handicapped, senile, decrepit, laid-up, done-up, done-for, done-in cracked-up, counted-out; see also hurt, useless and weak.	"Disabile", aggettivo: danneggiato, indifeso, inutile, rovinato,  ritirato, menomato, ferito, straziato, zoppo, mutilato  Indebolito, consumato, impoverito, impotente, castrato. paralizzato, handicappato,  Senile, decrepito, tolto dalla circolazione, sfatto  strambo, tagliato fuori;  vedi inoltre, ferito, inutile e debole.	"<unk>, <unk>: <unk>, <unk>, <unk>, <unk>, <unk>, <unk>, <unk>, <unk>, <unk>, <unk>, <unk>, <unk>, <unk>, <unk>, <unk>, <unk>, <unk>, <unk>, <unk>, <unk>, <unk>, <unk>, <unk>, <unk>, <unk>, <unk>, <unk>, <unk>, <unk> e <unk>.	"Disablato, cavolato, aiutato, aiutato, inutile, inutile, indiciamenti, sotto, legami, sotto, glato, sotto, gettato, rinunciato, sotto, impotente, impotente, impotente, paralizzare, sotto, paralizzato, paralizzato, decrepita, decrepita, decrepito, dedicato, intuizzato, ospita, ostacchettante.	"Disabituato, addirittura, mancava, inutile, insomma, si è rimasto, mancava, saltate, lame, lame, lame, si mutilata, impotersi è sceso, impotente, impotizzato, inviato, incastrato, donato, sconvolante, sposta, donato, sposta da un'altra parte, a casa
Antonyms, healthy, strong, capable."	Contrari: In forma, forte, abile.	<unk>, <unk>, <unk>.	Antonyms, sani, capace. "	Antontonni, in salute, forte, capace. "
I was reading this list out loud to a friend and at first was laughing, it was so ludicrous, but I'd just gotten past "mangled," and my voice broke, and I had to stop and collect myself from the emotional shock and impact that the assault from these words unleashed.	Stavo leggendo questa lista ad alta voce ad un amico e all'inizio si rideva,  era così ridicolo,  ma, appena lessi la parola mutilato la mia voce si spezzò,  e ho dovuto fermarmi per riprendermi  dallo shock e dall'impatto che l'assalto di queste parole mi hanno lasciato.	Mi <unk> questa lista di <unk> a un amico e al primo <unk>, era così <unk>, ma avevo appena fatto <unk> "<unk>", e la mia voce <unk>, e mi <unk> di <unk> e <unk> di <unk> da queste parole <unk>.	Stavo leggendo questa lista ad un amico e a prima è stato ridotto, era così luce, ma avrei appena scorso, ma avrei appena passato, e la mia voce si raccoglieva dalle parole, e raccogliermi dai e raccogliermi dalle parole emotive.	Stavo leggendo questa lista per un amico e a prima che stava ridendo, era così laggioso, ma ero così luminoso, ma mi ero appena sfruttato ", e la mia fratta, e la mia voce, e mi ero a fermare da queste parole.
You know, of course, this is my raggedy old thesaurus	Sapete, stiamo parlando naturalmente di un mio vecchio dizionario dei sinonimi.	Sapete, questo è il mio vecchio <unk>.	Sapete, naturalmente, questo è il mio vecchio vecchio temerale.	Sapete, certamente, questo è il mio vecchio tesauro.
so I'm thinking this must be an ancient print date, right?	Sto pensando, sarà una vecchia edizione, giusto.	Quindi penso che questo deve essere un <unk> <unk> <unk>, giusto?	Quindi sto pensando che questo deve essere un antico anciente, giusto?	Quindi sto pensando che deve essere un'antica stampa, giusto?
But, in fact, the print date was the early 1980s,	Ma, di fatto, la data di edizione era dei primi anni 80.	Ma, in effetti, la <unk> <unk> era la <unk> <unk>.	Ma, in effetti, la stampa degli anni '80.	Ma in effetti, la stampa era degli anni '80.
when I would have been starting primary school and forming an understanding of myself outside the family unit and as related to the other kids and the world around me.	quando stavo cominciando le scuole elementari  e mi stavo formando e imparando quello che esisteva fuori dalla mia famiglia  e su cose relative agli altri bambini ed il mondo intorno a me.	Quando <unk> la scuola principale e <unk> una comprensione <unk> di me stesso fuori dalla famiglia <unk> e <unk> da altri bambini e del mondo intorno a me.	Quando avrei iniziato a scuola primaria e formare una scuola comprensione di me stesso fuori dalla famiglia, e come gli altri bambini e il mondo intorno a me.	Quando sarei stato iniziata la scuola primaria e formando una comprensione di me fuori dalla famiglia e come legata agli altri ragazzi e il mondo attorno a me.
And, needless to say, thank God I wasn't using a thesaurus back then.	e, inutile dirlo, grazie a Dio non stavo usando il dizionario dei sinonimi a quel tempo.	E, <unk> a dire, grazie a Dio che non stavo usando un <unk> indietro.	E, ha bisogno di dire, grazie a Dio non ho usato un settore indietro.	E, da dire, grazie a Dio non stavo usando un esaurù.
I mean, from this entry, it would seem that I was born into a world that perceived someone like me to have nothing positive whatsoever going for them, when in fact, today I'm celebrated for the opportunities and adventures my life has procured.	Intendo dire, da questa spiegazione sembra che sono nata in un mondo  che vede qualcuno come me  come uno che non ha niente di positivo in nessun modo per loro,  quando, di fatto oggi, sono celebrata per le opportunità e le avventure  che la mia vita ha procurato.	Voglio dire, da questo <unk>, sembra che sono nato in un mondo che <unk> qualcuno come me di avere <unk> <unk> <unk>, quando in effetti, sto <unk> per le opportunità e <unk> la mia vita ha <unk>.	Voglio dire, da questa ena, sembrerebbe che nasce in un mondo che percepisce qualcuno come me non avrà nulla positiva di qualsiasi cosa abbia mai celebrato per le opportunità e avventure la mia vita abbia.	Voglio dire, da questo nemico, sembrerebbe che io fosse nato in un mondo che percepito a qualcuno come me, oggi sono celebrato per loro, quando, oggi sono celebrato per le opportunità e avventure per le opportunità e avventure della mia vita ha profonda.
So, I immediately went to look up the 2009 online edition, expecting to find a revision worth noting.	Quindi, sono immediatamente andata a vedere sull'edizione 2009 nella rete,  aspettandomi di trovare una revisione senza valore.	Così mi sono <unk> a guardare i <unk> <unk> online, <unk> per trovare un <unk> <unk>.	Quindi, ho fatto immediatamente è andato a guardare il 2009 online, aspettando di trovare una revisione.	Così, mi sono subito andata a guardare il 2009 online, si aspettano di trovare una rivisione di una rivisione che vale la pena notare.
Here's the updated version of this entry.	Questa è la versione aggiornata della descrizione.	Questa è la versione <unk> di questo <unk>.	Qui c'è la versione di questa entrattata.	Questa è la versione aggiornata.
Unfortunately, it's not much better.	Sfortunatamente, non è molto meglio.	<unk>, non è molto meglio.	Sfortunatamente, non è molto meglio.	Sfortunatamente, non è molto meglio.
I find the last two words under "Near Antonyms," particularly unsettling: "whole" and "wholesome." So, it's not just about the words.	trovo le ultime due parole sotto "quasi contrario" particolarmente scomodante,  "intero" e "sano"  Quindi, non è solo riguardante le parole.	Ho trovato gli ultimi due parole sotto "<unk> <unk>", particolarmente <unk>: "<unk>" e "<unk>" Quindi, non sono solo le parole.	Trovo l'ultimo due parole sotto "Near Antonyms", in particolarmente insettando: "tutto", non è solo delle parole.	Ho trovato le ultime due parole sotto "Near Antonni, particolarmente inistante:" Capoleso "Quindi, non si tratta solo delle parole.
It's what we believe about people when we name them with these words.	è quello che crediamo della gente quando li nominiamo con queste parole.	E 'ciò che pensiamo alla gente quando li <unk> con queste parole.	E 'quello che crediamo alle persone quando chiamiamo le parole con queste parole.	E 'ciò che crediamo alla gente quando li chiamiamo con queste parole.
It's about the values behind the words, and how we construct those values.	è a proposito dei valori dietro a queste parole, e come li costruiamo questi valori.	Si tratta dei valori dietro le parole, e come <unk> questi valori.	Si tratta di valori dietro le parole, e come costruiamo questi valori.	Si tratta dei valori dietro le parole, e come costruiamo questi valori.
Our language affects our thinking and how we view the world and how we view other people.	Il nostro linguaggio influenza il nostro pensare e la nostra visione del mondo  e come vediamo le altre persone.	Il nostro linguaggio <unk> il modo in cui <unk> il mondo e come <unk> le altre persone.	Il nostro linguaggio del nostro pensiero e come viviamo il mondo e come noi viviamo gli altri.	Il nostro influisce il nostro pensiero e come vediamo il mondo e come facciamo vedere le altre persone.
In fact, many ancient societies, including the Greeks and the Romans, believed that to utter a curse verbally was so powerful, because to say the thing out loud brought it into existence.	Infatti, molte civiltà antiche , incluso quella Greca e quella Romana,  credevano che offendere verbalmente era più potente,  perché dire le cose ad alta voce le portava all'esistenza.	In effetti, molte società <unk>, <unk> i <unk> e i <unk>, <unk> che per <unk> una <unk> <unk> era così potente, perché dire che la cosa ne ha portato l'esistenza.	Infatti, molte società antichi, compresi i Greci e i Romani, credeva, credeva che in verbatura una verità è stato così potente, perché dire che la cosa ha portato l'esistenza in esistenza.	In effetti, molte società antica, inclusi i Greeks e i Romani, credendo che di uttrice fosse così potente, perché dire che la cosa l'ha portato in esistenza.
So, what reality do we want to call into existence: a person who is limited, or a person who's empowered?	Quindi, quale realtà vogliamo portare ad esistere,  una persona che è limitata, o una persona con maggiore forza?	Quindi, cosa vogliamo la realtà <unk>: una persona che è <unk>, o una persona che è <unk>?	Quindi, cosa vogliamo chiamare in esistenza: una persona che è limitata, o una persona che è limitata?	Quindi, che cosa vogliamo chiamare la realtà esistenza: una persona che è limitata, o una persona che è alimentata?
By casually doing something as simple as naming a person, a child, we might be putting lids and casting shadows on their power.	Così, casualmente facendo qualcosa di semplice come nominare una persona, un bambino,  potremmo mettergli dei tappi e gettare delle ombre sulla loro forza.	<unk> fare qualcosa di semplice come <unk> una persona, un bambino, potremmo <unk> <unk> <unk> e <unk> sul loro potere.	Di solito fare qualcosa di come nome una persona, un bambino, potremmo mettere le leggere e scavare le leggi sul loro potere.	Di solito facendo qualcosa di semplice quanto nomi una persona, un bambino, ci stiamo mettendo le luci sul loro potere.
Wouldn't we want to open doors for them instead?	Non vorremmo invece aprire delle porte per loro?	Non vogliamo <unk> <unk> per loro invece?	Non dovremmo aprire porre le porte di invece?	Non vogliamo aprire le porte per loro invece?
One such person who opened doors for me was my childhood doctor at the A.I. duPont Institute in Wilmington, Delaware.	Una persona così, che mi ha aperto le porte, è stato il dottore di quand'ero bambina  All'istituto Dupont in Wilmington, Delaware.	Una persona che ha aperto <unk> per me è il mio <unk> <unk> al <unk> <unk> <unk> a <unk>, <unk>.	Una persona di tale che ha aperto per me era il mio dottore al bambino dell'I.I. Pont Institute a Wilmington, Delaware.	Una persona che ha aperto il mio dottore era il mio dottore per l'A.I. Pont Institute al Pont Institute, Delaware.
His name was Dr. Pizzutillo,	Il suo nome è Dottor Pizzutillo.	Si <unk> <unk> <unk>.	Il suo nome era Dr. Pizzollo.	Il suo nome era Dottor Piusi.
an Italian American, whose name, apparently, was too difficult for most Americans to pronounce, so he went by Dr. P.	Italoamericano, il cui nome, apparentemente,  era troppo difficile da pronunciare per la maggior parte degli americani,  così è diventato dottor P.	Un <unk> americano, il cui nome, <unk>, era troppo difficile per la maggior parte degli americani, quindi <unk> dal <unk> <unk>.	un americano, il cui nome, apparentemente, era troppo difficile per la maggior parte americana per la maggior parte degli americani.	Un americano italiano, il cui nome è stato troppo difficile per la maggior parte degli Americani, quindi andò dal Dottor P.
And Dr. P always wore really colorful bow ties and had the very perfect disposition to work with children.	E il dottor P indossava sempre papillon colorati  e aveva una perfetta inclinazione per lavorare coi bambini.	E il <unk> <unk> ha sempre <unk> <unk> <unk> e <unk> il <unk> molto <unk> per lavorare con i bambini.	E il Dr. Il Dr. Un po 'straordinario straordinario e aveva la disposizione molto perfetto per lavorare con i bambini.	E il Dott.. Il Dr. P sempre più fredda e aveva il disposizione perfetto per lavorare con i bambini.
I loved almost everything about my time spent at this hospital, with the exception of my physical therapy sessions.	amavo praticamente qualsiasi cosa del periodo che ho passato in ospedale,  con l'eccezione delle sessioni di fisioterapia.	Mi <unk> quasi tutto il mio tempo <unk> in questo ospedale, con il <unk> del mio <unk> <unk> <unk>.	Avevo quasi tutto il mio tempo trascorso a questo ospedale, con l'eccezione della mia terapia fisica.	Adoravo quasi tutto il mio periodo in questo ospedale, con l'eccezione dei miei sessioni fisici.
I had to do what seemed like innumerable repetitions of exercises with these thick, elastic bands -- different colors, you know -- to help build up my leg muscles,	dovevo fare quello che sembravano infinite ripetizioni di esercizi  con queste grosse fasce elastiche, in colori differenti  sapete, per aiutarmi a costruire i muscoli delle gambe.	Ho dovuto fare quello che sembrava <unk> <unk> di <unk> con questi <unk>, <unk> <unk> -- diversi colori diversi, sapete, per <unk> a costruire la mia <unk>.	Ho dovuto fare quello che sembrava innumerosi di esercisi di esercisi con queste banze elastiche, diverse colori, sapete -- per aiutare a costruire i miei muscolori.	Ho dovuto fare ciò che sembrava innumerose repetzioni di esercizio con questi fili elastici, diversi colori elastici -- diversi colori, sapete -- per aiutare a costruire i muscoli.
and I hated these bands more than anything --	Ed ho odiato questi elastici più di ogni cosa.	E io <unk> più di tutto...	E ho fatto queste mani più di qualsiasi cosa...	Mi odiavo questi confini di più di qualsiasi cosa...
I hated them, had names for them. I hated them.	Li odiavo, li ho maledetti, davvero odiati.	Li <unk>, li <unk>. Li <unk>.	Li ho colpito, li avevano nomi per loro.	Mi odiò loro, i nomi per loro.
And, you know, I was already bargaining, as a five year-old child, with Dr. P to try to get out of doing these exercises, unsuccessfully, of course.	E, sapete, sapevo già trattare, come una di cinque anni,  con il Dottor P per provare a scappare da questi esercizi,  Inutilmente, chiaro.	E, sapete, ero già <unk>, da cinque figli, con il <unk> <unk> per cercare di <unk> i <unk>, naturalmente.	E, sapete, ero già bargato, come cinque anni, come un bambino di cinque anni, con il Dr. Per cercare di uscisi di fare questi esercisi, di certo.	E, sapete, ero già imbaranti, come un bambino di cinque anni, con il Dott..
And, one day, he came in to my session -- exhaustive and unforgiving, these sessions --	E, un giorno, è venuto ad una delle mie sedute  Stancanti e inesorabili, queste sedute.	E, un giorno, <unk> al mio <unk>, <unk> e <unk>, questi <unk>...	E, un giorno, mi è venuto alla mia sessione -- esaustivo e sforzare, queste sessioni.	E, un giorno, venne alla mia sessione -- esaustiva e inforzare, queste sessioni...
and he said to me, "Wow. Aimee, you are such a strong and powerful little girl, I think you're going to break one of those bands.	e mi ha detto, " wow, Aimee, sei una bambina così forte,  Penso che andrai a rompere una di quelle fasce.	E mi disse: "<unk>. <unk>, siete così <unk> e potente, penso che <unk> uno di questi <unk>.	E mi ha detto: "Wow. Aimee, siete una forte e potente di piccola ragazza, penso che vi rompere una di queste pieghe.	E mi disse: "Wow. Aimee, siete così forte e potente, penso che vi farai rompere uno di questi bands.
When you do break it, I'm going to give you a hundred bucks."	"Quando la romperai, ti darò 100 dollari."	Quando lo <unk>, vi <unk> un <unk> di <unk>. "	Quando lo fate, vi darò un centinaia di dollari. "	Quando lo si rompere, vi darò un centinaio di dollari. "
Now, of course, this was a simple ploy on Dr. P's part to get me to do the exercises I didn't want to do before the prospect of being the richest five-year-old in the second floor ward, but what he effectively did for me was reshape an awful daily occurrence	Ora, chiaramente era solo una piccola manovra del dottor P  per farmi fare gli esercizi che non volevo fare  di fronte alla prospettiva di essere la bambina più ricca del secondo piano,  ma, quello che di fatto ha fatto, è stato di dare una forma diversa ad una orribile routine giornaliera.	Ora, ovviamente, questo era un semplice <unk> sul <unk> <unk> <unk>.	Ora, naturalmente, questo è stato un semplice piano su Dr. E 'parte per me di cui non volevo fare prima che la prospettiva di essere la prospettiva del secondo fiume, ma ciò che ha fatto per la prospettivamente, ma quello che effettivamente faceva per me era di rescienza di resrescere un po' di vantaggio in seconda favore, ma quello che effettivamente faceva per me è stata la ruttosservata per l'aercima quello che effettivamente faceva per me era un vecchio di richiesto di richiedercimento del Dr.	Ora, certamente, questa era una semplice carica sul Dr. P che non volevo fare prima della prospetto dell'esercizio che non volevo fare prima che la prospettare della prospetto dell'essere richetta più ricca.
into a new and promising experience for me.	e trasformarla in una interessante esperienza per me.	in una nuova e <unk> per me.	In una nuova esperienza e promettere per me.	in una nuova e promesse esperienza per me.
And I have to wonder today to what extent his vision and his declaration of me as a strong and powerful little girl shaped my own view of myself as an inherently strong, powerful and athletic person well into the future.	E mi domando oggi, l'entità della sua visione,  e della sua dichiarazione riguardo a me come una bambina forte,  ha ridefinito la mia visione di me stessa  in una forte, poderosa ed atletica persona verso il futuro.	E devo <unk> oggi di ciò che <unk> la sua visione e la sua <unk> di me come una <unk> forte e <unk> la mia vista come <unk>, <unk> e <unk> bene nel futuro.	E devo chiedermare oggi la sua visione e la sua declarazione di me come una forte e potente che ho avuto una piccola ragazza forma e potente, potente ed aumentamente forte, potente e atletica in futuro.	E devo chiedermi di chiedersi alla sua visione e la sua dichiarazione di me come una forte ragazza e potente che si mostrano la mia visione di me stesso come una persona indubbio, potente e atletico in futuro.
This is an example of how adults in positions of power can ignite the power of a child.	Questo è un esempio di come gli adulti con posizioni di potere  possono infiammare la forza di un bambino.	Questo è un esempio di come adulti in <unk> del potere può <unk> il potere di un bambino.	Questo è un esempio di quanto adulti in posizioni del potere possono ignare il potere di un bambino.	Questo è un esempio di quanto adulti nelle posizioni di potere può ignorare il potere di un bambino.
But, in the previous instances of those thesaurus entries, our language isn't allowing us to evolve into the reality that we would all want, the possibility of an individual to see themselves as capable.	Ma, nell'esempio di prima con quelle definizioni del vocabolario dei sinonimi,  il nostro linguaggio non ci da la possibilità di evolverci verso la realtà che tutti vorremmo,  la possibilità di un individuo di vedere se stesso come abile.	Ma, nel <unk> <unk> di quei <unk> <unk>, il nostro linguaggio non ci <unk> di <unk> nella realtà che avremmo tutti vogliamo, la possibilità di un <unk> per vedere se stessi.	Ma, in istitudine precedenti, il nostro linguaggio, il nostro linguaggio non ci ha permesso di evolvere nella realtà che tutti noi vogliamo, la possibilità di un individuo per vedere sé stessi come capaci.	Ma, nei casi previziosi di quelle testaurus, il nostro linguaggio non ci sta permettendo evolvere nella realtà che vogliamo che tutti vogliamo, la possibilità di un individuo a vedersi.
Our language hasn't caught up with the changes in our society, many of which have been brought about by technology.	Il nostro linguaggio, non è stato al passo coi cambiamenti della nostra società,  molti dei quali sono stati creati dalla technologia.	Il nostro linguaggio è <unk> con i cambiamenti nella nostra società, molti di cui sono <unk> dalla tecnologia.	Il nostro linguaggio non ha catturato con i cambiamenti nella nostra società, molti di cui sono stati portati dalla tecnologia.	La nostra lingua non la nostra società, molti dei cambiamenti della nostra società, molti di cui sono stati portati dalla tecnologia.
Certainly, from a medical standpoint, my legs, laser surgery for vision impairment, titanium knees and hip replacements for aging bodies that are allowing people to more fully engage with their abilities, and move beyond the limits that nature has imposed on them -- not to mention social networking platforms allow people to self-identify, to claim their own descriptions of themselves, so they can go align with global groups of their own choosing.	certamente, da un punto di vista medico,  le mie gambe, le operazioni al laser per la vista,  ginocchia di titanio ed anche ricambiabili per corpi invecchiati  che stanno aiutando la gente a cooperare con le loro abilità,  e muoversi al di là delle abilità che la natura gli ha imposto,  senza menzionare le piattaforme dei social network,  permettono alla gente di identificarsi, di dichiarare la propria descrizione di se stessi,  così si possono allineare con gruppi globali a loro scelta.	<unk>, da una <unk> <unk>, le mie gambe, <unk> <unk> per la visione <unk>, <unk> <unk> e <unk> <unk> per i <unk> <unk> che sono persone di più <unk> con i loro <unk>, e <unk> oltre i loro <unk> che la natura si <unk> a <unk> le persone di <unk>, per <unk> le loro <unk>, per <unk> le loro <unk>, per <unk> le loro <unk>.	Certamente, da un punto di vista medico, le mie gambe, la chirurgia 'l'impano del titanio, le mie ginghiacementi che permettono di persone più volano con le loro abilità, e muovendo oltre i limiti che la natura ha imposta su loro, non per menzionare le persone che la natura ha impostato su loro -- non per menzionare le persone a autorizzare le loro descrivere di sette descrivere i loro descrivere le descrivere le loro descritti	Certamente, da un punto di vista medico, le mie gambe, le mie gambe di laser per l'impulso del titanio e sostituirono sostituiti per l'invecchiamento delle persone che permettono di persone di più impegnarsi con le loro abilità, e muovendo oltre i limiti che la natura ha imposto le loro descrizioni di sé, quindi possono andare oltre i confini propri descrizioni di loro descrizioni di sé, così possono andare ad allineare globale.
So, perhaps technology is revealing more clearly to us now what has always been a truth: that everyone has something rare and powerful to offer our society, and that the human ability to adapt is our greatest asset.	Quindi, forse la tecnologia stà rivelandoci ora più chiaramente  quello che è sempre stata una verità,  che ognuno ha qualcosa di raro e poderoso da offrire alla nostra società,  e l'abilità umana di adattarci è la nostra più grande qualità.	Quindi, forse la tecnologia è <unk> più chiaramente di noi che tutti hanno qualcosa di <unk> e potente per <unk> la nostra società, e che la capacità umana di <unk> la nostra società, e che l'abilità umana sia il nostro più grande.	Quindi, la tecnologia è rivelazione più chiaramente ciò che è sempre stato una verità: che tutti hanno qualcosa di rare e potenti per offrire la nostra società, e che la capacità umana di adattare la nostra società, e che la capacità umana.	Quindi, forse la tecnologia sta rivelando più chiaro che ora quello che è sempre stato una verità: che tutti hanno qualcosa di raro e potente offrire la nostra società, e che l'abilità umana per adattare è il nostro più grande asset.
The human ability to adapt, it's an interesting thing, because people have continually wanted to talk to me about overcoming adversity, and I'm going to make an admission:	L'abilità umana di adattarci, è qualcosa di interessante,  perché la gente ha sempre voluto parlarmi di difficoltà insornmontabili  e vi devo ammettere che.	La capacità umana è interessante, è una cosa interessante, perché la gente ha <unk> che voleva parlare di <unk> <unk>, e <unk> un <unk>.	La capacità umana di adattare, è una cosa interessante, perché la gente ha continuamente voleva parlare di superare la pubblicità, e farò un pubblico.	La capacità umana di adattare, è una cosa interessante, perché la gente ha continuamente voleva parlare di svolgere pubblicità.
This phrase never sat right with me, and I always felt uneasy trying to answer people's questions about it, and I think I'm starting to figure out why.	Questa frase non mi è mai andata bene,  e mi sono sempre sentita in disconforto nel rispondere a persone a questo riguardo,  e credo che sto cominciando a capire perché.	Questo <unk> non ha mai <unk> con me, e ho sempre sentito <unk> di rispondere alle domande delle persone, e penso che sto <unk> a capire perché.	Questa frase non seduto mai a destra con me, e mi sentivo sempre facile di rispondere alle persone, e penso che sto cominciando a capire perché.	Questa frase non è mai stato proprio con me, e mi sentivo sempre più facile rispondere alle domande, e penso che sto cominciando a capire perché.
Implicit in this phrase of "overcoming adversity" is the idea that success, or happiness, is about emerging on the other side of a challenging experience unscathed or unmarked by the experience, as if my successes in life have come about from an ability to sidestep or circumnavigate the presumed pitfalls of a life with prosthetics, or what other people perceive as my disability.	è sottointeso in questa frase, insormontabile avversità,  è l'idea che il successo, o la felicità,  è riemergere dall'altro lato di una sfida  senza danni o segni di questa esperienza,  se il mio successo nella vita è venuto da un abilità  è quella di schivare o circumnavigare la presunta insidia di una vita con le protesi,  o quello che la gente percepisce come la mia disabilità.	<unk> in questo <unk> di "<unk> <unk>" è l'idea che il successo, o la felicità, sta <unk> dall'altro lato di un'esperienza <unk> o <unk> dall'altra parte di un'esperienza <unk> o <unk> dalla <unk> <unk> di una vita con <unk>, o quali altre persone <unk> il mio <unk>.	L'Implicito in questa frase di "sopra di" sopravvivere "è l'idea che successo, o la felicità, si tratta di emergendo dall'altra parte di un'esperienza inferiore, come se i miei successo nella vita, come se i miei successi nella vita sono venuti da una possibilità di squadrato o cercadere o quello che altre persone percepire la mia di vita con la prostretica, o quello che altre persone percepisce di quello che altre persone percepiano la mia disabilità.	Implicit in questa frase di "sovrapporti" è l'idea che il successo, o la felicità, si tratta di emergere dall'altra parte di una sfida che sfidare l'esperienza, come se le mie successo nella vita sono arrivati da un'esperienza, come se le mie successo nella vita sono venuti dall'abilità di distruggere le persone della mia disabilità.
But, in fact, we are changed. We are marked, of course, by a challenge, whether physically, emotionally or both.	Però, di fatto, siamo cambiati, siamo marcati, logicamente, da una sfida,  fisicamente o mentalmente o entrambe.	Ma, di fatto, siamo <unk>. Siamo <unk>, naturalmente, <unk>, o entrambi.	Ma, in effetti, siamo cambiati. Noi siamo spostati da una sfida, che si fisica, emozionalmente o entrambi.	Ma in effetti, siamo cambiati. Ci siamo marcati, ovviamente, da una sfida, sia fisicamente, emozionalmente o entrambi.
And I'm going to suggest that this is a good thing.	Ed io oserei suggerire che è una buona cosa.	E <unk> che questa è una cosa buona.	E suggerisco che questa è una buona cosa.	E voglio suggerire che questa è una buona cosa.
Adversity isn't an obstacle that we need to get around in order to resume living our life.	L'avversità non è un ostacolo che dobbiamo aggirare  in modo da ricominciare la nostra vita.	Il <unk> non è un <unk> che dobbiamo <unk> per <unk> la nostra vita.	Adversità non è un ostacolo che dobbiamo andare in giro per il risultato della vita.	L'avversità non è un ostacolo che abbiamo bisogno di entrare in giro per poter vivere la nostra vita.
It's part of our life.	é parte della nostra vita.	E 'parte della nostra vita.	E 'parte della nostra vita.	E 'parte della nostra vita.
And I tend to think of it like my shadow.	Ed io tendo a pensare che è come la mia ombra.	E <unk> a pensare a questo come il mio <unk>.	E io tendo a pensare come la mia ombra.	E tengo a pensare come la mia ombra.
Sometimes I see a lot of it, sometimes there's very little, but it's always with me.	Delle volte lo noto molto, e delle volte quasi per nulla,  ma è sempre con me.	A volte vedo un sacco di <unk>, a volte c'è un po ', ma è sempre con me.	A volte lo vedo molto, a volte c'è molto piccolo, ma è sempre con me.	A volte vedo molto, a volte c'è molto poco, ma è sempre di me.
And, certainly, I'm not trying to diminish the impact, the weight, of a person's struggle.	E, certamente, non stò tentando di diminuire l'impatto, il peso della sofferenza di una persona.	E, di certo, non sto cercando di <unk> l'impatto, il peso di una persona.	E, certamente, non sto cercando di diminuire l'impatto, il peso di una persona.	E, certamente, non sto cercando di diminuire l'impatto, il peso di una lotta di persona.
There is adversity and challenge in life, and it's all very real and relative to every single person, but the question isn't whether or not you're going to meet adversity, but how you're going to meet it.	Ci sono le avversità e le sfide nella vita,  ed è tutto vero e relativo ad ogni singola persona,  ma la domanda non è se avrai delle avversità oppure no,  ma come le andrai ad affrontare.	C'è <unk> e sfida nella vita, ed è tutto molto reale e <unk> a ogni singola persona, ma la domanda non è se <unk> <unk>, ma come <unk> <unk>.	C'è una pubblicità e sfida nella vita, ed è tutto molto reale e relativa a ogni singola persona, ma la questione non è se dovete incontrarci.	C'è un'avversa e sfida nella vita, ed è tutto molto reale e relativo ad ogni singola persona, ma la domanda non è che se non vi incontro l'avrai, ma come si incontrerà.
So, our responsibility is not simply shielding those we care for from adversity, but preparing them to meet it well.	Quindi, la nostra responsabilità non è semplicemente proteggere le persone a noi care dalle avversità,  ma prepararli a riceverle nel modo giusto.	Quindi, la nostra responsabilità non è semplicemente <unk> a queste <unk>, ma <unk> per <unk> bene.	Quindi, la nostra responsabilità non è semplicemente cambiare quelli che ci importa di avversità, ma prepararli a incontrarli bene.	Quindi, la nostra responsabilità non è semplicemente spostare quelli che ci si preoccupa che noi ci si preoccupano di incontrarci bene.
And we do a disservice to our kids when we make them feel that they're not equipped to adapt.	E facciamo un danno ai nostri bambini  quando gli facciamo sentire che non sono pronti ad adattarsi.	E noi facciamo un <unk> ai nostri figli quando li facciamo sentire che non <unk>.	E noi facciamo un disservizio ai nostri figli quando li facciamo sentire che non sono equipaggiati a adattare.	E facciamo un disservizio ai nostri figli quando li facciamo sentirsi che non sono equipaggiati.
There's an important difference and distinction between the objective medical fact of my being an amputee and the subjective societal opinion of whether or not I'm disabled.	C'è un importante differenza e distinzione  tra il fatto medico oggettivo di essere una persona amputata  e l'opinione soggettiva della società che mi veda disabile o no.	C'è una differenza importante e <unk> tra il fatto che il mio <unk> e il <unk> <unk> <unk> di <unk> o non sono <unk>.	C'è una differenza importante e distinzione tra il fatto di medico obiettiva del mio fatto di essere un amputto e l'opiniettiva sociale di esserci.	C'è una differenza importante e distinzione tra il fatto medico è un amputee e il fatto che il mio essere un amputee e il più soggettivo.
And, truthfully, the only real and consistent disability I've had to confront is the world ever thinking that I could be described by those definitions.	E, in verità, la sola disabilità consistente che ho dovuto affrontare  è se il mondo ha mai pensato che potrei essere descritta da quelle parole.	E, <unk>, l'unico reale e l' <unk> di cui ho dovuto <unk> è il mondo in modo da quei <unk>.	E, vera, l'unica reale e l'unica disabilità che ho dovuto confrontare è il mondo che pensando di poter essere descritto da queste definizioni.	E, davvero, la sola vera disabilità e coerenti che ho dovuto confrontare è il mondo che mai pensando di poter essere descritto da queste definizioni.
In our desire to protect those we care about by giving them the cold, hard truth about their medical prognosis, or, indeed, a prognosis on the expected quality of their life, we have to make sure that we don't put the first brick in a wall that will actually disable someone.	Nel nostro desiderio di proteggere coloro che amiamo  dandogli una fredda, dura verità sulla loro prognosi medica,  o, davvero, la prognosi della loro aspettativa di vita,  dobbiamo essere sicuri di non mettere il primo mattone in un muro  che di fatto disabiliterà qualcuno.	<unk> il nostro desiderio di <unk> di <unk> di <unk> i <unk> <unk> <unk>, verità <unk> della loro vita <unk>, o, in effetti, un <unk> sulla qualità della loro vita, dobbiamo <unk> di essere <unk> che non <unk> la prima <unk> in un muro che <unk> qualcuno.	Nel nostro desiderio di proteggerli con il freddo, la verità difficile del loro prognoso, o, infatti, un progresso sulla qualità aspettata, dobbiamo assicurarci che non ci mettiamo i primi in un muro che non ci mettiamo il primo.	Nel nostro desiderio di proteggere quelli che ci interessano a dare loro il freddo, la verità del loro prognoso medico, o, in effetti, un prognosa di qualità della loro vita, dobbiamo assicurarci che non mettere il primo la prima volta in un muro che farà qualcuno.
Perhaps the existing model of only looking at what is broken in you and how do we fix it, serves to be more disabling to the individual than the pathology itself.	Forse il modello esistente di guardare solo a quello che c'è rotto in te  e di come metterlo a posto, può indebolire di più il soggetto  che la malattia stessa.	<unk> il modello <unk> di <unk> solo a quello che è <unk> e come <unk>, <unk> di essere più <unk> al <unk> delle <unk>.	Forse il modello esistente di solo osservando quello che è sbagliato in voi e come risolvere, serve per essere più disabili all'individuo di quanto la patologia.	Perfetto l'esistente di solo osservare cosa si è sfruttato in voi e come lo fissare, si si sfruttano più al individuo all'individuo della patologia stessa.
By not treating the wholeness of a person, by not acknowledging their potency, we are creating another ill on top of whatever natural struggle they might have.	Nel non trattare una persona nel completo,  non facendole capire le sue potenzialità,  Stiamo creando un'altra malattia aggiunta alla naturale sofferenza che già hanno.	Non <unk> la <unk> di una persona, non <unk> i loro <unk>, stiamo creando un'altra <unk> in cima a qualsiasi <unk> naturale.	Non trattando la bolenezza di una persona, non conoscenza di attivare la loro potenza, creando un'altra parte in alto naturale che potrebbero avere.	Non curare la pienezza di una persona, non che si occupa della loro potenza, stiamo creando un'altra in cima a quello che non si possono avere.
We are effectively grading someone's worth to our community.	Stiamo effettivamente dando un voto al valore di una persona nella nostra comunità.	Siamo <unk> <unk> di qualcuno che vale per la nostra comunità.	Stiamo effettivamente gradendo la pena di qualcuno della nostra comunità.	Siamo effettivamente in modo efficaci della nostra comunità.
So we need to see through the pathology and into the range of human capability.	Quindi dobbiamo vedere attraverso la malattia  e dentro l'elenco delle capacità umane.	Quindi abbiamo bisogno di vedere attraverso la <unk> e nella <unk> di <unk> umani.	Quindi abbiamo bisogno di vedere attraverso la patologia e nell'argomento della capacità umana.	Quindi abbiamo bisogno di vedere attraverso la patologia e nell'abilità umana.
And, most importantly, there's a partnership between those perceived deficiencies and our greatest creative ability.	e, molto più importante, c'è un rapporto  tra quelle insufficienze percepite  e la nostra grandissima creatività.	E, cosa più importante, c'è una <unk> tra queste <unk> <unk> e la nostra abilità <unk>.	E, più importante, c'è un partnership tra questi deficienze percepisce la nostra più grande abilità creativa.	E la cosa più importante, c'è una partnership tra queste percentuale più profili e la nostra più grande abilità creativa.
So it's not about devaluing, or negating, these more trying times as something we want to avoid or sweep under the rug, but instead to find those opportunities wrapped in the adversity.	Quindi, non è a proposito di svalutare, o negare, queste numerose ricerche  come qualcosa che vogliamo evitare o scopare sotto il tappeto,  ma piuttosto trovare quelle opportunità racchiuse in un incidente.	Quindi non si tratta di <unk>, o <unk>, questi più <unk> di qualcosa che vogliamo <unk> o <unk> <unk> sotto i <unk>, ma invece di trovare queste opportunità <unk> nel <unk>.	Quindi non si tratta di devalori, o negare, queste cose che vogliamo evitare o sotto il rug, ma invece di trovare le opportunità di avversità.	Quindi non si tratta di devalutare, o negare, questi più tentativi come qualcosa che vogliamo evitare o pecore sotto la gamba, ma invece di trovare queste opportunità saltano, ma invece di trovare queste opportunità svolgere.
So maybe the idea I want to put out there is not so much overcoming adversity as it is opening ourselves up to it, embracing it, grappling with it, to use a wrestling term, maybe even dancing with it.	Quindi, forse l'idea che vi voglio spiegare è che  non c'è cosa come superare un'avversità,  come aprendoci ad essa,  avvolgerla  aggrappandoci,  per usare un termine della lotta libera,  forse anche danzandoci insieme.	Quindi forse l'idea che voglio mettere fuori non è tanto <unk> <unk> come è <unk> noi stessi, <unk>, <unk>, <unk>, <unk>, per usare un termine <unk>, forse anche <unk>.	Quindi forse l'idea che voglio mettere là fuori non c'è così tanto che si tratta di considerare noi stessi, embracciarli, embracciarli, per usare un termine, per usare un termine, di usare un termine.	Quindi, forse l'idea di metterci non è così tanto addirittura che si sta aprendo, come si aprirono, per usare il grafico, per usare un termine sforzare, forse anche ballare con esso.
And, perhaps, if we see adversity as natural, consistent and useful, we're less burdened by the presence of it.	E, forse, se guardiamo un incidente come una cosa naturale e utile,  Ne siamo meno sopraffatti dalla sua presenza.	E, forse, se <unk> la <unk> naturale, <unk> e <unk>, siamo meno <unk> dalla <unk>.	E, forse, se vediamo avversità come naturale, consistente e utili, siamo meno bruciati dalla presenza.	E forse, se guardiamo l'avverrà naturale e utile, ci siamo meno negati dalla presenza.
This year we celebrate the 200th birthday of Charles Darwin, and it was 150 years ago, when writing about evolution, that Darwin illustrated, I think, a truth about the human character.	Quest'anno celebriamo il duecentesimo compleanno di Charles Darwin,  ed è stato 150 anni fa, quando scrivendo sull'evoluzione,  che Darwin ha illustrato, penso, la verità a proposito del carattere umano.	<unk> anno abbiamo <unk> il <unk> <unk> di <unk>, ed era <unk> anni fa, quando <unk> dell'evoluzione, che <unk> <unk>, penso, una verità sul personaggio umano.	Quest'anno abbiamo celebrato il 200esimo di Charles Darwin, ed è stato 150 anni fa, quando scrivono l'evoluzione, che Darwin, penso, una verità del Darwin, penso, una verità del carattere umano.	Quest'anno abbiamo celebrato il 200esimo compleanno di Charles Darwin, e aveva 150 anni fa, quando scrivendo sull'evoluzione, che Darwin illustrò, credo, una verità riguardo al personaggio umano.
To paraphrase: It's not the strongest of the species that survives, nor is it the most intelligent that survives; it is the one that is most adaptable to change.	Per dirlo in un altro modo, non è la più forte delle speci che sopravvive,  e non è nemmeno quella più intelligente,  è quella che più si adatta ai cambiamenti.	<unk>: Non è il <unk> della specie che <unk>, <unk> è la più intelligente che <unk>; è quello che più <unk> al cambiamento.	Per parafrase: non è la più forte delle specie che sopravvive, né il più intelligente che sopravvive; è quello che sopravvive; è quella che è più adattabile di cambiare.	Per paraphrase: non è la più forte delle specie che sopravvive, nor è la più intelligente che sorge, è il più adattabile.
Conflict is the genesis of creation.	Il conflitto è la genesi della crazione.	<unk> è il <unk> della creazione.	Conflitto è il genesto della creazione.	Il Confitto è la creazione.
From Darwin's work, amongst others, we can recognize that the human ability to survive and flourish is driven by the struggle of the human spirit through conflict into transformation.	Dal lavoro di Darwin, tra le altre cose, possiamo riconoscere che  l'abilità umana di sopravvivere e svilupparsi  è guidata dalla sofferenza dello spirito umano attraverso i conflitti  in trasformazione.	<unk> di <unk>, <unk> gli altri, possiamo riconoscere che la capacità umana di sopravvivere e <unk> è <unk> dai <unk> dello spirito umano attraverso il <unk>.	Darwin di lavoro, tra gli altri, possiamo riconoscere che la capacità umana di sopravvivere e l'abilità umana di sopravvivere e il flusso è guidata dal conflitto dell'spirito umano in trasformazione.	Il lavoro di Darwin del lavoro di Darwin, tra gli altri, possiamo riconoscere che l'abilità umana sopravvivere e flourischi dal conflitto dello spirito umano attraverso conflitto.
So, again, transformation, adaptation, is our greatest human skill.	Quindi, ancora, trasformazione, adattamento, è la nostra più grande qualità.	Quindi, di nuovo, <unk>, <unk>, è la nostra più grande <unk> umana.	Quindi, ancora, trasformazione, la trasformazione, è la nostra più grande abilità umana.	Quindi, di nuovo, trasformazione, è il nostro più grande abilità umano.
And, perhaps, until we're tested, we don't know what we're made of.	E, forse, finchè non siamo messi alla prova, non sappiamo di che cosa siamo fatti.	E, forse, finché non siamo <unk>, non sappiamo cosa siamo fatti.	E forse, forse, non sappiamo cosa abbiamo fatto.	E forse, finché non siamo testati, non sappiamo cosa abbiamo fatto.
Maybe that's what adversity gives us: a sense of self, a sense of our own power.	Forse è questo ciò che ci dà l'avversità,  Un senso di possesso, un senso di propria forza.	Forse è ciò che ci dà <unk>: un senso di <unk>, un senso del nostro potere.	Forse questo è ciò che la pubblicità ci dà: un certo senso del nostro potere.	Forse è quello che ci dice: un senso di sé, un senso del nostro potere.
So, we can give ourselves a gift.	Così, possiamo farci un regalo.	Possiamo dare una <unk>.	Quindi, possiamo dare noi stessi un dono.	Quindi, possiamo darci un regalo.
We can re-imagine adversity as something more than just tough times.	possiamo, ri-immaginare l'avversità come qualcosa di più di periodo difficile.	Possiamo <unk> <unk> come qualcosa di più difficile.	Possiamo ri-immaginare come qualcosa di più di più di quanto non semplicemente.	Possiamo riimmaginare l'avversità come qualcosa di più di meno impasto.
Maybe we can see it as change.	Forse lo possiamo vedere come un cambio.	Forse possiamo vedere come cambiare.	Forse possiamo vedere come cambiare.	Forse possiamo vedere come cambiarla.
Adversity is just change that we haven't adapted ourselves to yet.	L'avversità è un cambio al quale non ci siamo ancora adattati.	La <unk> è solo <unk> che non abbiamo ancora <unk>.	La versità è cambiamento che non abbiamo ancora adattato a noi stessi.	L'avversa solo il cambiamento che non abbiamo ancora adattato a noi stessi.
I think the greatest adversity that we've created for ourselves is this idea of normalcy. Now, who's normal?	Io credo che la più grande avversità che ci siamo creati  è questa idea di normalità  Ora, chi è normale?	Penso che il più grande <unk> che abbiamo creato da noi stessi è questa idea di <unk>. Ora, chi è normale?	Credo che la più grande pubblicità che abbiamo creato per noi stessi è questa idea di normale. Ora, chi è normale?	Penso che la più grande avversità che abbiamo creato per noi stessi è questa idea di normale. Ora, chi è normale?
There's no normal. There's common, there's typical. There's no normal,	Non c'è un normale  C'è un comune, c'è un tipico. Non c'è un normale.	Non ci sono <unk>. C'è una <unk> <unk>.	Non c'è normale. C'è un tipico. Non c'è normale.	Non c'è normale. C'è una tipico. Non c'è normale.
and would you want to meet that poor, beige person if they existed?	E vorreste incontrare quelle povere persone grigie se esistessero?	E <unk> <unk> che i poveri, <unk> se <unk>?	E vorreste incontrare quel povero, bianco se esistono?	E vorremmo incontrare quella povera, la persona se fossero esistiti?
I don't think so.	Risate  Non credo proprio.	Non credo.	Non penso.	Non credo.
If we can change this paradigm from one of achieving normalcy to one of possibility -- or potency, to be even a little bit more dangerous -- we can release the power of so many more children, and invite them to engage their rare and valuable abilities with the community.	Se cambiassimo questo paradigma da uno su come ottenere la normalità  a uno sulla possibilità, o potenzialità, per essere adirittura un po' più pericoloso,  possiamo capire la forza di così tanti bambini,  ed invitarli ad unire le loro preziose capacità con la comunità.	Se possiamo cambiare questa <unk> da una di <unk> <unk>, o <unk>, essere persino un po 'più <unk> -- possiamo <unk> il potere di così tanti altri bambini, e li <unk> per <unk> la <unk> e <unk> con la comunità.	Se riusciamo a cambiare questo paradigma di normale per una di possibilità -- o potenziare, o potenziare, per essere ancora più pericoloso -- possiamo rilasciare il potere di molti più pericolosi, possiamo rilasciare il potere di molti più bambini, e invitarli per la comunità.	Se possiamo cambiare questo paradigma da uno di raggiungere normale di una possibilità -- o potenza, per essere anche un po 'più pericoloso -- possiamo rilasciare il potere di così molti più bambini, e invitarli a impedire il potere di così tanti bambini, e invitarli a coinvolgere le loro comunità.
Anthropologists tell us that the one thing we as humans have always required of our community members is to be of use, to be able to contribute.	Gli antropologi ci insegnano che quella cosa che  noi, come umani, abbiamo sempre voluto per i membri della nostra comunità  è di essere d'aiuto, di poter contribuire.	<unk> <unk> che quello che noi umani hanno sempre <unk> della nostra comunità è di <unk>, per essere in grado di <unk>.	Gli antropologi ci dicono che una cosa che facciamo come gli esseri umani hanno richiesto dei nostri membri comunità è di usare, per essere in grado di contribuire.	Gli antropologi ci dicono che quelli che gli umani ci sono sempre richiesti della nostra comunità è di usare, essere in grado di contribuire.
There's evidence that Neanderthals, 60,000 years ago, carried their elderly and those with serious physical injury, and perhaps it's because the life experience of survival of these people proved of value to the community. They didn't view these people as broken and useless; they were seen as rare and valuable.	C'è un'evidenza che in Olanda, 60 000 anni fa,  portavano al trionfo i vecchi e i soggetti con gravi ferite,  e, forse grazie all'esperienza e alla sopravvivenza di queste persone  era la prova del valore della comunità:  Non vedevano questa gente come rotta o inutile;  erano visti come rari e di valore.	Ci sono prove che <unk>, <unk> anni fa, <unk> le loro <unk> e queste con le <unk> <unk> <unk>, e forse è perché la vita di queste persone <unk> di valore alla comunità, non hanno <unk> queste persone come <unk> e <unk>; <unk> <unk>, <unk> come <unk> e <unk>.	Ci sono prove che i Neanderthal, 60.000 anni fa, ha portato il loro anzio e questi con l'ingiurio fisico, e forse è perché l'esperienza di sopravvivenza di queste persone provano il valore della comunità. Non hanno visto queste persone che hanno broken valore per la comunità, non hanno visto queste persone che si broken e utili.	Ci sono prove che Neanderthal, 60.000 anni fa, trasportarono le loro anziani e quelli con una lussa, e forse è perché l'esperienza della vita della sopravvivenza della vita di queste persone provate dal valore della comunità. Non avevano visto che queste persone non avevano visto come raro e inutile.
A few years ago, I was in a food market in the town where I grew up in that red zone in northeastern Pennsylvania,	Qualche anno fa, ero in un mercato della cittadine dove sono cresciuta  in quella zona rossa nel nord est della Pennsylvania.	<unk> anno fa, ero in un mercato alimentare in cui sono <unk> in quella città in cui sono <unk> in <unk> <unk>.	Alcuni anni fa, ero in un mercato di cibo in cui sono cresciuto in rosso in cui sono cresciuto in Pennsylvania.	Un paio di anni fa, ero in un mercato del cibo nella città dove sono cresciuto nella città dove sono cresciuto in quella zona del nordest.
and I was standing over a bushel of tomatoes.	e stavo impiedi davanti ad un cestello di pomodori.	Mi <unk> in piedi un <unk> di <unk>.	E stavo in piedi un bushel di tomatate.	Stavo in piedi per un hel di pomateri.
It was summertime: I had shorts on.	Era estate ed avevo addosso dei pantaloni corti.	E 'stato <unk>: avevo <unk>.	Era di riassumuto: Avevo breve.	Era rimasto del tempo: avevo delle scorie.
I hear this guy, his voice behind me say, "Well, if it isn't Aimee Mullins." And I turn around, and it's this older man. I have no idea who he is.	Ho sentito questo tizio, la sua voce dietro di me diceva, " ma, non è Aimee Mullins"  E mi sono voltata, e c'è questo uomo di mezza età. Non avevo idea di chi fosse.	<unk> questo tipo, la voce dietro di me dice "Beh, se non è <unk> <unk>." E mi <unk> intorno, ed è quest'uomo più grande. Non ho idea che è.	Ho sentito questo ragazzo, la sua voce dietro dicendo: "Beh, se non è Aimee Mullins" E io giro, ed è quest'uomo.	Mi sento questo tizio, la sua voce dietro di me dice: "Beh, se non è Aimee Mullins." E io lo sento. Non ho idea di chi sia.
And I said, "I'm sorry, sir, have we met? I don't remember meeting you." He said, "Well, you wouldn't remember meeting me.	Ed ho detto, " Scusi signore, Ci sonosciamo? Non mi ricordo di averla mai incontrata"  Lui disse, " ma, non ti ricorderai di avermi incontrato.	E io dissi: "Mi <unk>, <unk>, ci siamo? Non vi ricordate di <unk>. <unk>:" <unk>, non mi <unk>.	E io dissi: "Mi dispiace, signore, non vi ricordo di incontrarvi". Disse, "Ha detto," Beh, non vi ricordate di incontro di me.	E io dissi: "Mi dispiace, sir, abbiamo incontrato? Non vi ricordo di riunioni." Mi disse: "Beh, non vi ricorderei.
I mean, when we met I was delivering you from your mother's womb."	Intendo dire, quando ci siamo incontrati ti stavo facendo nascere dalla pancia di tua madre."	Voglio dire, quando ci siamo <unk> <unk> dalla <unk> di tua madre. "	Voglio dire, quando incontrammo di tuo madre. "	Voglio dire, quando abbiamo incontrato che vi ho consegnato da tua stia di tua madre. "
Oh, that guy.	Risate  Oh, quel tizio.	Oh, questo tipo.	Oh, questo tizio.	Oh, quel tizio.
And, but of course, actually, it did click.	E, ma certamente, di fatto, mi suonava un campanello.	E, naturalmente, in realtà, <unk> <unk>.	E, naturalmente, in effetti, ha fatto click.	E, ma certamente, in realtà, è finita.
This man was Dr. Kean, a man that I had only known about through my mother's stories of that day, because, of course, typical fashion, I arrived late for my birthday by two weeks.	Quel signore era il Dottor Kean,  un uomo che avevo conosciuto solo dalle storie di mia madre su quel giorno,  perché, chiaro, tipicamente, sono arrivata in ritardo di due settimane.	<unk> uomo era il <unk> <unk>, un uomo che avevo <unk> solo per la storia di mia madre di quel giorno, perché, ovviamente, <unk> <unk> <unk>, mi <unk> da due settimane.	Quest'uomo era Dr. Kean, un uomo che ho conosciuto solo grazie alle mie storie di quel giorno, perché, naturalmente, sono arrivato per il mio compleanno, sono arrivato per le due settimane.	Quest'uomo era il Dottor Kean, un uomo che ho conosciuto solo per le storie di mia madre di quel giorno, perché, ovviamente, della moda, sono arrivato per il mio compleanno dopo due settimane.
And so my mother's prenatal physician had gone on vacation, so the man who delivered me was a complete stranger to my parents.	E quindi, il ginecologo ostetrico di mia madre era andato in vacanza,  quindi l'uomo che mi ha fatto nascere era un completo estraneo per i miei genitori.	E così la <unk> di mia madre di <unk> <unk>, quindi l'uomo che mi <unk> era un <unk> <unk> ai miei genitori.	E quindi mia madre è stata la fisica di mia madre aveva gettato in vacazione, così l'uomo che mi ha consegnato era un completo completo per i miei genitori.	E quindi mia madre imprendò la fisica della madre era andata in vacazione, quindi l'uomo che mi ha consegnato era un ingresso ai miei genitori.
And, because I was born without the fibula bones, and had feet turned in, and a few toes in this foot and a few toes in that, he had to be the bearer -- this stranger had to be the bearer of bad news.	E, siccome sono nata senza il perone,  ed avevo i piedi girati indentro, alcune dita in questo piede, ed alcune in quello,  lui ha dovuto essere il messaggero, questo estraneo ha dovuto consegnare la cattiva notizia.	E perché sono nato senza la <unk> <unk>, e <unk> metri, e qualche <unk> in questo piede e qualche <unk> in quel <unk>, doveva essere il <unk> -- questo <unk> doveva essere la <unk> di notizie.	E, perché sono nato senza le ossa di fibula, e aveva trasformato in, e pochi di questo piede, e pochi arriva in questo piede e pochi, doveva essere l'argomento di cattivo -- questa stranger dovuto essere l'orso di cattivi notizia.	E perché sono nato senza le ossa, le ossa, e c'erano i piedi, e un paio di dita in questo piede e un po 'di questi piede, doveva essere la birra -- questo ranger doveva essere la birra della cattiva notizia.
He said to me, "I had to give this prognosis to your parents that you would never walk, and you would never have the kind of mobility that other kids have or any kind of life of independence, and you've been making liar out of me ever since."   The extraordinary thing is that he said he had saved newspaper clippings throughout my whole childhood, whether winning a second grade spelling bee,	Mi ha detto: "ho dovuto dare questa prognosi ai tuoi genitori  che tu non avresti mai camminato,  e che non avresti mai avuto il tipo di mobilità che hanno gli altri bambini  o nessun tipo di vita indipendente,  e voi mi avete dato del bugiardo da allora"  Risate  Applausi  La cosa straordinaria è che mi ha detto che ha tenuto  articoli di giornale durante tutta la mia infanzia,  che avevo vinto tra tutta la mia scuola, un concorso basato sulle parole,	Mi disse: "<unk> <unk> questo <unk> ai vostri genitori che non <unk> mai, e non <unk> mai avere il tipo di <unk> che altri ragazzi hanno o qualsiasi tipo di vita di <unk>, e tu <unk> da da quando." La cosa straordinaria è che ha detto che aveva <unk> <unk> <unk> <unk> in tutto il mio <unk>, se <unk> un secondo <unk> <unk> <unk>,	Mi ha detto: "Ho dovuto dare questo prognoso per i vostri genitori che non camminereste mai, e non avreste mai la mobilità che altri ragazzi hanno una specie di vita indipendenza, e ci siete fatti dai mai." La cosa straordinaria è che ha detto che aveva salvato la spapore per la mia infanzia, che ha detto che aveva salvato un secondo grade, che vinfatti un secondo gradare il mio interno di gradino,	Mi disse: "Ho dovuto dare questo prognosi dei vostri genitori che non camminerebbe mai, e non avreste mai il tipo di mobilità che altri ragazzi hanno o qualsiasi tipo di vita di indipendenza, e tu hai fatto da me" La cosa straordinaria è che disse: "La cosa straordinaria cosa straordinaria è che disse che aveva salvato vicino al secondo me tutta tutta tutta la mia infanzia, se vincere una seconda spelling.
marching with the Girl Scouts, you know, the Halloween parade, winning my college scholarship, or any of my sports victories, and he was using it, and integrating it into teaching resident students, med students from Hahnemann Medical School and Hershey Medical School.	che avevo marciato con le Girl Scout, sapete, la sfilata di Halloween,  che avevo vinto la mia borsa di studio, o tutte le mie vittorie sportive,  e li usava, intratteneva, insegnando agli studenti del suo corso,  di medicina della scuola di medicina di Hahnemann e Hershey.	<unk> con il <unk> <unk>, sapete, il <unk> <unk>, <unk> il mio <unk> <unk>, o qualunque dei miei <unk> di <unk>, e lo <unk> in <unk> studenti <unk>, <unk> <unk> <unk> e <unk> <unk>.	Parlando con il Girl Scattivo, il parco di Halimentato, vincere il mio college, o qualsiasi delle mie sport, e lo usando, e integrando loro, e integrando gli studenti di Hahnemann Medici e Hahahnemann Medico.	Guardando con il Girl Scouts, sapete, il parame di Haltezza, vincere il mio college di studio, o chiunque dei miei victorni, e lo stava usando, e integrando in insegnare a residente degli studenti di Hahnemenn Medicicicicicicicicicista School e Hershey Medicicicicicicicolari.
And he called this part of the course the X Factor, the potential of the human will.	Ed ha chiamato questa parte del corso, il fattore X,  La potenzialità della volontà umana.	E si chiama questa parte del corso <unk>, il potenziale della <unk> umana.	E ha chiamato questa parte del corso X Factore, il potenziale di essere umano.	E si chiamò parte del X Factor, il potenziale dell'uomo.
No prognosis can account for how powerful this could be as a determinant in the quality of someone's life.	Nessuna prognosi può tenere in conto di quanto poderosa può essere  e di come sia determinante nella qualità della vita di una persona.	Non può <unk> conto di quanto potrebbe essere <unk> come un <unk> nella vita di qualcuno.	Niente progettare per quanto potente questo potente potrebbe essere un determinante in qualità di vita di qualcuno.	Non è stato possibile conto di quanto sia potente che potrebbe essere una determinante nella qualità della vita di qualcuno.
And Dr. Kean went on to tell me, he said, "In my experience, unless repeatedly told otherwise, and even if given a modicum of support, if left to their own devices, a child will achieve."	E il dottor Kean continuò a spiegarmi  e disse":Nella mia esperienza, a meno che non gli venga detto ripetutamente,  e anche se gli viene data una briciola di supporto,  se viene lasciato solo a se stesso, un bambino ci arriva."	E il <unk> <unk> <unk> a <unk>, disse: "<unk> la mia esperienza, a meno che <unk> <unk> <unk>, e anche se <unk> un <unk> di <unk>, se ne <unk> il proprio <unk>, un bambino <unk>."	E il Dr. Kean andò a dirmi: "Nella mia esperienza, a meno ripetutamente disse:" Nella mia soglia, e anche se dalle loro diventi, un bambino avrà ripeterà. "	E il Dott. Kean andò a dirmi: "La mia esperienza, a meno ripetutamente a raccontarmi altrimenti, e anche se ha dato un fumo di supporto, se lasciate i propri dispositivi, un bambino avrà raggiunto i propri dispositivi".
See, Dr. Kean made that shift in thinking.	Vedete, quindi il Dr. Kean ha cambiato la sua opinione.	Vedete, il <unk> <unk> <unk>.	Vedete, Dr. Kean ha fatto che il cambiamento.	Vedete, Dott. Kean ha fatto quel cambiamento.
He understood that there's a difference between the medical condition and what someone might do with it.	Ha capito che c'è una differenza tra una condizione medica  e quello che ognuno può fare con essa.	Ha capito che c'è una differenza tra i <unk> <unk> e cosa potrebbe fare.	Ciò ha capito che c'è una differenza tra la condizione medica e quello che farà.	Ha capito che c'è una differenza tra la condizione medica e quello che qualcuno potrebbe fare.
And there's been a shift in my thinking over time, in that, if you had asked me at 15 years old, if I would have traded prosthetics for flesh-and-bone legs, I wouldn't have hesitated for a second.	E c'è stato un cambiamento nel mio pensare durante gli anni,  in questo, se voi mi aveste chiesto quando avevo 15 anni,  se avessi scambiato delle protesi con delle gambe in carne ed ossa  non avrei esitato un secondo.	E c'è stato un <unk> nel mio pensiero nel tempo, in quel momento, se mi <unk> a 15 anni, se <unk> <unk> <unk> per le gambe, non avrei <unk> per un secondo.	E c'è stato un cambiamento nel mio pensiero, in quel periodo, se mi ha chiesto a 15 anni, se avessi portato la prostetica per il secondo.	E c'è stato un cambiamento nel mio pensiero nel tempo, in quel periodo, se mi hai chiesto di 15 anni, se avessi chiesto di 15 anni, se avessi chiesto di un secondo.
I aspired to that kind of normalcy back then.	Sognavo quel tipo di normalità a quel tempo.	<unk> a quel tipo di <unk> indietro.	Ho chiesto a quel tipo di normale.	Mi piazzi a quel tipo di solito.
But if you ask me today, I'm not so sure.	Se me lo chiedete oggi, non ne sono sicura.	Ma se mi <unk> oggi, non sono così sicuro.	Ma se mi chiedi oggi, non sono così sicuro.	Ma se mi chiedete oggi, non sono così sicuro.
And it's because of the experiences I've had with them, not in spite of the experiences I've had with them.	Ed è a causa delle esperienze che ho avuto con loro,  non per colpa delle esperienze che ho avuto con loro.	Ed è grazie ai <unk> che ho avuto con loro, non in <unk> delle <unk> che ho avuto con loro.	Ed è a causa delle esperienze che ho avuto con loro, non in giro delle esperienze che ho avuto con loro.	Ed è a causa delle esperienze che ho con loro, non nella sfera delle esperienze che ho con loro.
And perhaps this shift in me has happened because I've been exposed to more people who have opened doors for me than those who have put lids and cast shadows on me.	e, forse, il cambiamento in me è avvenuto  perché sono stata esposta più alle persone che mi hanno aperto la porta  di quelle che mi hanno ostacolato.	E forse questo <unk> a me è successo perché ho <unk> di più persone che hanno <unk> <unk> per me di quanto quelli che hanno <unk> <unk> e <unk>.	E forse questa nazione mi è accaduto perché sono stati esposti a più persone che hanno aperto per me di quelle che hanno aperto per me di quelle che hanno messo.	E forse questo cambio per me è successo perché sono stato esposto a più persone che hanno aperto per me che quelli che hanno messi e cast su di me.
See, all you really need is one person to show you the epiphany of your own power, and you're off. If you can hand somebody the key to their own power -- the human spirit is so receptive -- if you can do that and open a door for someone at a crucial moment, you are educating them in the best sense.	Vedete, tutto quello di cui avete bisogno è una persona  che vi mostri l'epifania della vostra potenzialita, e siete partiti  Se potete dare a qualcuno le chiavi della loro forza,  lo spirito umano è così ricettivo, se lo potete fare  ed aprire una porta per qualcuno in un momento cruciale,  lo state educando nel migliore dei modi.	Vedete, tutto quello che avete bisogno è una persona per cui <unk> il vostro potere, e tu <unk>. Se <unk> a mano che qualcuno la chiave della propria <unk> -- lo spirito umano è così <unk> -- se puoi fare questo e aperto una porta <unk> per qualcuno al momento, sei <unk> nel senso migliore.	Vedete, tutto ciò che serve è una persona per mostrarvi l'epifia del vostro potere, e qualcuno se puoi fare qualcuno il loro potere -- la spirito umano è così ricettere -- se riuscite a farlo e aprire una porta per qualcuno in un momento cruciale, gli educano nel senso migliore.	Vedete, tutti voi avete bisogno è una persona che vi mostrano la epifany del vostro potere, e siete via. Se riuscite a mano a qualcuno la chiave al loro potere -- lo spirito umano è così recente, se puoi fare questo e aprire una porta per qualcuno in un momento cruciale.
You're teaching them to open doors for themselves.	Gli state insegnando ad aprirsi le porte da soli.	<unk> <unk> per <unk> <unk>.	State insegnando loro ad aprire le porte per loro.	State insegnando loro di aprire.
In fact, the exact meaning of the word "educate" comes from the root word "educe." It means "to bring forth what is within, to bring out potential."	infatti, il significato esatto della parola educare  viene dalla radice "estrarre"  che significa, tirare fuori ciò che è dentro,  per portare in rilievo il potenziale.	In effetti, il significato <unk> della parola "<unk>" viene dalla <unk> "<unk>" <unk> ". <unk> significa"	In effetti, il significato esatto della parola "istruzione" viene dalla parola di leggere ". Significa" per portare il potenziale ".	Infatti, l'esatto significato della parola "educare" viene dalla radice ". Significa". Significa ". Significa quello che è all'interno, per portare il potenziale".
So again, which potential do we want to bring out?	quindi di nuovo, qual'è il potenziale che vogliamo tirare fuori?	Quindi, di nuovo, che potenziale vogliamo <unk>?	Di nuovo, che il potenziale vogliamo portare?	Quindi, di nuovo, che il potenziale che vogliamo portare fuori?
There was a case study done in 1960s Britain, when they were moving from grammar schools to comprehensive schools.	C'è stato un caso studio negli anni 60 in Grand bretagna,  quando stavano passado dalle scuole elementari alle medie.	C'era uno studio di <unk> in <unk> <unk>, quando si <unk> dalle scuole <unk> alle <unk>.	C'è stato un caso di studio negli anni '60 Bretagna, quando stavano spostando le scuole per comprendere le scuole di comprensive.	C'è stato un caso di studio negli anni '60 la Gran Bretagna, quando si muovevano da grammi a scuola.
It's called the streaming trials. We call it "tracking" here in the States.	E' chiamato la "prova in continuità", Lo chiamiamo "allineamento" qui negli Stati uniti.	Si chiama <unk> <unk> <unk>. La chiamiamo "<unk>" qui negli Stati Uniti.	Si chiama strada di strada. Lo chiamiamo "qui negli Stati Uniti.	E 'chiamato "qui negli Stati Uniti. Lo chiamiamo" traccia "qui negli Stati Uniti.
It's separating students from A, B, C, D and so on.	vuol dire separare gli studenti dipendentemente dai loro voti.	Sono studenti <unk> da A, <unk>, <unk>, <unk> e così via.	Sseparando gli studenti separando da A, B, D e così via.	E 'separando gli studenti di A, B, D, D e così via.
And the "A students" get the tougher curriculum, the best teachers, etc. Well, they took, over a three-month period, D-level students, gave them A's, told them they were "A's," told them they were bright,	E gli studenti con i voti migliori hanno un programma più duro, ed insegnanti migliori, ecc  bene, lo hanno fatto per un periodo di tre mesi,  Agli studenti con voto insufficiente hanno dato degli "ottimo"  Gli hanno detto che erano bravi, che erano intelligenti.	E i "A studenti <unk> i <unk> <unk>, i migliori insegnanti <unk>, eccetera, si <unk>, in un periodo di <unk>, gli studenti di <unk>, <unk> loro una è detto, loro che loro erano" A loro erano <unk>.	E gli studenti "Gli studenti" arrivano il curriculum, i migliori insegnanti, eccetera. Beh, hanno preso, più di un tre mese, gli studenti di D-liel, gli studenti di D-livello, gli studenti di loro erano "Un altro, gli dicevano che erano battiti.	E gli Stati Uniti, i migliori insegnanti, i migliori insegnanti, i migliori insegnanti, eccetera. Bene, ci sono voluti in più di un periodo di tre mesi, D-livello di D-livello, gli ha detto che loro erano giusti.
and at the end of this three-month period, they were performing at A-level. And, of course, the heartbreaking, flip side of this study, is that they took the "A students" and told them they were "D's." And that's what happened at the end of that three-month period.	Ed alla fine di questo periodo di tre mesi,  stavano avendo dei risultati al livello di "ottimo"  E, chiaramente, il triste risvolto di questo studio,  e che hanno preso degli studenti da "Ottimo" gli hanno detto che erano "insufficiente"  E, questo è quello che è successo alla fine dei tre mesi.	E alla fine di questo periodo di <unk>, erano <unk> a <unk>. E, ovviamente, i <unk>, <unk> di questo studio, è che hanno preso i "A studenti <unk>" e gli hanno detto che loro erano "<unk> di quel periodo" E questo è successo alla fine del <unk>.	E alla fine di questo periodo di tre mese, stavano performando al livello di A--livello. E, naturalmente, il cuore cardiaci, voli di cuore, è che hanno preso gli studenti "A" D "E questo è quello che succede alla fine del tre mese." E questo è ciò che succede alla fine alla fine del tre mese.	E alla fine di questo periodo di tre mese, si occupano di A-livello di A-livello. E, ovviamente, il lato di fianco di questo studio, è che hanno preso gli studenti "E quello che ha detto loro di essere" D "E questo è quello che è successo alla fine di quel mese.
Those who were still around in school, besides the people who had dropped out.	Quelli che erano rimasti a scuola, oltre a quelli che avevo lasciato.	<unk> che erano ancora in scuola, <unk> le persone che avevano <unk>.	Quelli che erano ancora in giro in scuola, sbagliate le persone che avevano scritto.	Quelli che erano ancora in giro a scuola, e le persone che avevano buttato fuori.
A crucial part of this case study was that the teachers were duped too.	La parte cruciale di questo studio era che anche gli insegnanti erano stati ingannati.	Una parte <unk> di questo caso di studio era che gli insegnanti fossero <unk>.	Una parte cruciale di questo caso è che gli insegnanti erano scavi.	Una parte cruciale di questo caso era che gli insegnanti si sono abbassati troppo.
The teachers didn't know a switch had been made.	Gli insegnanti non sapevano che era stato fatto questo cambiamento .	Gli insegnanti non <unk> un <unk> <unk>.	Gli insegnanti non conoscevano un interruttore.	Gli insegnanti non conoscevano un interruttore era stato fatto.
They were simply told, "These are the 'A-students,' these are the 'D-students.'"	Gli era stato detto semplicemente: Questi sono gli studenti da ottimo e questi sono quelli con insufficiente.	<unk> <unk>: "Questi sono gli anni" <unk> ".	Erano semplicemente detto: "Questi sono gli studenti di A-studenti, questi sono gli studenti."	Erano semplicemente raccontati: "Questi sono gli studenti di A-studenti, 'sono i' D-studenti."
And that's how they went about teaching them and treating them.	E così è come hanno cominciato ad insegnargli.	Ed è così che <unk> a insegnare e <unk>.	Ed ecco come andarli e trattarli.	Ecco come sono andati a insegnare a loro e trattarle.
So, I think that the only true disability is a crushed spirit, a spirit that's been crushed doesn't have hope,	allora, io credo che la vera disabilità è avere uno spirito danneggiato,  ed uno spirito danneggiato non ha speranza.	Quindi, penso che l'unico vero <unk> è uno spirito <unk>, uno spirito <unk>, uno spirito <unk> non ha la speranza.	Perciò, penso che l'unica vera verità sia un spirito attraversato, un spirito che è stato uscito non ha sperato.	Quindi, credo che l'unica vera disabilità sia uno spirito che è stato raccolto, uno spirito che non la speranza.
it doesn't see beauty,	Non vede la bellezza.	Non <unk> la bellezza.	Non vede bellezza.	Non può vedere bellezza.
it no longer has our natural, childlike curiosity and our innate ability to imagine.	Non ha più lo nostra naturale, infantile curiosità  e la nostra innata capacità di immaginare.	Non c'è più la nostra naturale, <unk> <unk> e la nostra abilità di immaginare.	Non ha più il nostro naturale, il curiosità e la nostra capacità di immaginare.	Non ha più la nostra natura, infelice della nostra possibilità di immaginare.
If instead, we can bolster a human spirit to keep hope, to see beauty in themselves and others, to be curious and imaginative, then we are truly using our power well.	se invece, possiamo sostenere lo spirito umano per mantenere la speranza,  per vedere la bellezza in se stessi e negli altri,  per essere immaginativi e curiosi,  allori si che stiamo usando la nostra forza correttamente.	Se invece, possiamo <unk> uno spirito umano di <unk>, di vedere bellezza in sé stessi e altri, di essere <unk> e <unk>, allora stiamo davvero usando il nostro potere.	Se invece, possiamo bollare un spirito umano per mantenere speranza, per vedere la bellezza, per essere la bellezza e immaginativa, per essere veramente curiosi e immaginativi, allora stiamo usando il nostro potere.	Se invece, possiamo bolster un spirito umano mantenere la speranza, di vedere bellezza in sé, la curiosità e immaginativo, allora ci stiamo veramente usando il nostro potere.
When a spirit has those qualities, we are able to create new realities and new ways of being.	Quando lo spirito ha queste qualità, possiamo creare delle nuove realtà  e nuovi modi di essere.	Quando uno spirito ha queste <unk>, siamo in grado di creare nuovi <unk> e nuovi modi di essere.	Quando un spirito ha queste qualità, siamo in grado di creare nuove realtà e nuovi modi di essere.	Quando spirito ha queste qualità, siamo in grado di creare nuove realtà e nuovi modi di essere.
I'd like to leave you with a poem by a fourteenth-century Persian poet named Hafiz that my friend, Jacques Dembois told me about,	Vorrei lasciarvi con una poesia  scritta da un poeta persiano del 1300 chiamato Hafiz  che mi ha fatto conoscere il mio amico Jacques Dembois .	Vorrei lasciare con un <unk> da un <unk> <unk> di nome <unk> <unk> che il mio amico, <unk> <unk> mi ha detto.	Vorrei lasciarvi con un poesia di quattro poesia di Persiano al secolo nome Hafiz che il mio amico, Jacques Dembi.	Vorrei lasciarvi con una poesia di graziendale di una poesia di nome Hafiz che che il mio amico, Jacques Dombois che il mio amico, Jacques Dembois mi ha detto su.
and the poem is called "The God Who Only Knows Four Words": "Every child has known God, not the God of names, not the God of don'ts, but the God who only knows four words and keeps repeating them, saying, 'Come dance with me. Come, dance with me. Come, dance with me.'"	e la poesia si chiama: " Il dio che conosce solo quattro parole"   "Ogni bambino ha conosciuto Dio,  non il Dio dei nomi,  non il dio dei NO,  ma il Dio che solo conosce quattro parole e continua a ripeterle,  dicendo, vieni a ballare con me"  vieni ballare con me.	E il <unk> si chiama "Il Dio che <unk> <unk> <unk> <unk> <unk>": ogni bambino ha conosciuto, non è Dio, non il Dio di <unk>, ma il Dio che <unk> solo quattro parole e <unk> loro, dice, '<unk> con me. <unk>, dicendo,' "<unk>, <unk> con me. <unk>, <unk>. <unk>, <unk>.	E il poesia si intitola "Il Dio Worly Knows Fattro:" Tutto il bambino ha conosciuto Dio, non il Dio delle nomi, non il Dio delle nomi, ma il Dio che sanno che solo quattro parole e mantengono ripetuti, dicendo, ',' danzare con me. Vieni con me. Vieni, danza con me. Vieni con me. Vi, danza con me. "	E la poesia si intitola "Il Dio WOnly Knows Four Words:" Un bambino ha conosciuto Dio, non il nome dei nomi, non il Dio dei nomi, non il Dio che conosce quattro parole e mantenere loro, danza con me. "
Thank you.	Grazie.	Grazie.	Grazie.	Grazie.
